{
  "type": "FeatureCollection",
  "features": [
    {
      "type": "Feature",
      "geometry": {
        "type": "Polygon",
        "coordinates": [
          [
            [
              -98.78550394579652,
              29.420177808235394
            ],
            [
              -98.78552693338438,
              29.421060183967775
            ],
            [
              -98.78552791015144,
              29.421097706006254
            ],
            [
              -98.78552817728045,
              29.421107944868474
            ],
            [
              -98.7855282659711,
              29.42111136203269
            ],
            [
              -98.78552840334532,
              29.42111663080112
            ],
            [
              -98.78611953920422,
              29.42111402170958
            ],
            [
              -98.7862057648141,
              29.420475342647247
            ],
            [
              -98.78626960830623,
              29.420028301228335
            ],
            [
              -98.78634848836356,
              29.41947435994683
            ],
            [
              -98.78642371971404,
              29.418894486847492
            ],
            [
              -98.78644622819493,
              29.418748716911757
            ],
            [
              -98.78646139770969,
              29.41857377369015
            ],
            [
              -98.78645803882466,
              29.41841175882366
            ],
            [
              -98.78644720809277,
              29.41827889626248
            ],
            [
              -98.78641794576673,
              29.41811359979968
            ],
            [
              -98.78632229106998,
              29.41784127416035
            ],
            [
              -98.78610002886845,
              29.417440424643118
            ],
            [
              -98.78333714706866,
              29.4174799221116
            ],
            [
              -98.78341691297597,
              29.41780732964718
            ],
            [
              -98.78351256325995,
              29.418199933542205
            ],
            [
              -98.78357351086636,
              29.41845009491294
            ],
            [
              -98.78360664112613,
              29.418709784624333
            ],
            [
              -98.78266853875137,
              29.418788592812714
            ],
            [
              -98.78268409885571,
              29.418926010979977
            ],
            [
              -98.78362210798139,
              29.418846563700292
            ],
            [
              -98.78363548742357,
              29.418973323821525
            ],
            [
              -98.78363971428683,
              29.41901559636693
            ],
            [
              -98.78366302838023,
              29.41927520190817
            ],
            [
              -98.7836818439699,
              29.41953517220951
            ],
            [
              -98.78369615541449,
              29.41979542932574
            ],
            [
              -98.7837059584231,
              29.42005589522565
            ],
            [
              -98.78370761420666,
              29.420117079483745
            ],
            [
              -98.78370965542183,
              29.420198277451963
            ],
            [
              -98.78394756268754,
              29.42019353015257
            ],
            [
              -98.78449698204341,
              29.420182564994494
            ],
            [
              -98.78452037864182,
              29.421080967378934
            ],
            [
              -98.78467740686905,
              29.421077833341673
            ],
            [
              -98.7846540099204,
              29.4201794327905
            ],
            [
              -98.78501484021584,
              29.42017226141015
            ],
            [
              -98.78510770407863,
              29.420170406817828
            ],
            [
              -98.78550394579652,
              29.420177808235394
            ]
          ]
        ]
      },
      "properties": {
        "candidate_id": "Bexar:201255",
        "county": "Bexar",
        "prop_id": "201255",
        "owner": "QT SOUTH LLC",
        "verified_owner": "QT SOUTH LLC",
        "owner_verification_match": true,
        "situs": "STATE HWY 211",
        "acres": 22.62,
        "land_value": 7647380.0,
        "assessed_value": 7647380.0,
        "improvement_value": 0.0,
        "improvement_ratio": 0.0,
        "gba": 0.0,
        "prop_use": "99",
        "legal": "CB 4349 P-7 ABS 1018   2024 RMS PER PLAT 20003/919-920  //  2022-RMS PER PLAT 20002/223, FILED 01-08-2021.///2021- RMS PER PLAT 20001/2219,  FILED 07-02-2020",
        "cad_record_url": "",
        "parcel_source": "SARA / Bexar CAD",
        "parcel_snapshot": "2025-12",
        "parcel_freshness": "RECENT",
        "cad_geometry_verified": true,
        "cad_verification_source": "SARA / BCAD live service",
        "node_id": "INT-005",
        "node_name": "Potranco Rd / SH 211",
        "node_score": 71.5,
        "node_edge_miles": 0.106,
        "dist_score": 97,
        "acre_score": 100,
        "raw_score": 100,
        "shape_score": 62.7,
        "compactness": 0.392,
        "aspect_ratio": 1.11,
        "road_score": 100,
        "frontage_roads": [
          "CR01503527-KG",
          "ZETA DR",
          "POTRANCO RD",
          "FM1957-KG"
        ],
        "frontage_ft_proxy": 3658.0,
        "corner_signal": "STRONG",
        "major_road_signal": true,
        "mtp_row_flag": true,
        "flood_score": 100,
        "flood_pct": 0.0,
        "floodway_pct": 0.0,
        "flood_zones": [
          "X"
        ],
        "flood_confidence": "SCREENED",
        "future_land_use_score": 55,
        "future_land_use": [
          "General Urban Tier / West"
        ],
        "aadt": 26938,
        "aadt_5yr_growth_pct": 85.8,
        "aadt_station_miles": 0.15,
        "nearest_retail_catalyst": "Culebra / SH 211 H-E-B",
        "retail_catalyst_miles": 7.34,
        "future_residential_lots_nearby": 11214.4,
        "recent_housing_units_180d": 0,
        "utility_confidence": "PROXY",
        "utility_provider": "SAWS",
        "utility_distance_ft": 0.0,
        "utility_snapshot": "2021-07-21",
        "utility_context": "SAWS feature approximately 0 ft from parcel; capacity NOT verified",
        "assessed_value_per_acre": 338080.0,
        "land_value_per_acre": 338080.0,
        "parcel_opportunity_score": 80.8,
        "parcel_execution_score": 94.7,
        "parcel_fit_score": 85.8,
        "acquisition_complexity_score": 86.0,
        "utility_score": 100,
        "confidence_score": 100,
        "node_confidence_score": 100,
        "node_class": "EMERGING NODE",
        "node_evidence_model": "Bexar detailed growth + statewide road/traffic evidence",
        "node_component_scores": {
          "residential_growth": 85.7,
          "intersection_network": 100,
          "retail_catalyst": 28,
          "traffic": 45.8,
          "timing": 67.2
        },
        "parcel_component_scores": {
          "frontage_access": 100,
          "size_shape": 85.8,
          "utilities": 100,
          "flood": 100,
          "acquisition": 86.0
        },
        "acquisition_category": "PRIORITY",
        "decision_summary": "Investigate ownership, access, utilities and pricing now.",
        "main_risks": [
          "utility capacity is unverified"
        ],
        "usable_acres_proxy": 22.62,
        "eligible": true,
        "why_this_tract": "corner exposure on a major road \u00b7 within \u00bc mile of the node \u00b7 11214 weighted future residential lots \u00b7 mapped SAWS feature ~0 ft from parcel",
        "verification_notes": "Frontage is a GIS proximity proxy, not legal access. Sewer distance is a mapped-line proxy, not a capacity commitment. Confirm current title/CAD, survey, curb access, median/turn movements, ROW, flood and provider capacity.",
        "bcad_geometry_verified": true,
        "geometry_source": "SARA / BCAD parcel service",
        "bcad_geo_id": "04349-000-0072",
        "ownership_type": "Private",
        "last_deed_date": "2020-05-02",
        "hold_years": 6.4,
        "rank": 1
      }
    },
    {
      "type": "Feature",
      "geometry": {
        "type": "Polygon",
        "coordinates": [
          [
            [
              -98.77765427552715,
              29.41921638865517
            ],
            [
              -98.77765145943471,
              29.419218025257752
            ],
            [
              -98.77704801394673,
              29.419568672372165
            ],
            [
              -98.77713621386476,
              29.419636286012462
            ],
            [
              -98.7772204583962,
              29.41970876834699
            ],
            [
              -98.77730047914122,
              29.419785888449834
            ],
            [
              -98.77737602115681,
              29.419867400619328
            ],
            [
              -98.77744684376904,
              29.41995304516085
            ],
            [
              -98.7775127213398,
              29.420042549214198
            ],
            [
              -98.7775734439857,
              29.420135627622923
            ],
            [
              -98.77762881824674,
              29.420231983842807
            ],
            [
              -98.77767866770266,
              29.42033131088666
            ],
            [
              -98.77772283353501,
              29.42043329230236
            ],
            [
              -98.7777556928984,
              29.420524831970475
            ],
            [
              -98.7777833841362,
              29.420618065247524
            ],
            [
              -98.77780582066157,
              29.42071270060524
            ],
            [
              -98.77782293231841,
              29.42080844213124
            ],
            [
              -98.77783466560082,
              29.420904990454297
            ],
            [
              -98.77784098382034,
              29.421002043680428
            ],
            [
              -98.7778442246714,
              29.421157113487784
            ],
            [
              -98.77784643051227,
              29.42121017980298
            ],
            [
              -98.77784767644538,
              29.42123967636192
            ],
            [
              -98.77911469534361,
              29.421199333115425
            ],
            [
              -98.77911788433515,
              29.421199231916738
            ],
            [
              -98.77911786481167,
              29.421199204815373
            ],
            [
              -98.77906908089646,
              29.421132820195474
            ],
            [
              -98.77860363560922,
              29.42049944026463
            ],
            [
              -98.77854003283423,
              29.420412654164963
            ],
            [
              -98.77765896350866,
              29.419213665185538
            ],
            [
              -98.77765427552715,
              29.41921638865517
            ]
          ]
        ]
      },
      "properties": {
        "candidate_id": "Bexar:1180700",
        "county": "Bexar",
        "prop_id": "1180700",
        "owner": "ABISO POTRANCO TWO LP",
        "verified_owner": "ABISO POTRANCO TWO LP",
        "owner_verification_match": true,
        "situs": "POTRANCO RD",
        "acres": 4.25,
        "land_value": 1075000.0,
        "assessed_value": 1075000.0,
        "improvement_value": 0.0,
        "improvement_ratio": 0.0,
        "gba": 0.0,
        "prop_use": "99",
        "legal": "CB 4349  P-4A  ABS 1018 2013 NEW ACCT PER DEED 15427/0285 EXEC 03/30/2012,",
        "cad_record_url": "",
        "parcel_source": "SARA / Bexar CAD",
        "parcel_snapshot": "2025-12",
        "parcel_freshness": "RECENT",
        "cad_geometry_verified": true,
        "cad_verification_source": "SARA / BCAD live service",
        "node_id": "INT-005",
        "node_name": "Potranco Rd / SH 211",
        "node_score": 71.5,
        "node_edge_miles": 0.21,
        "dist_score": 97,
        "acre_score": 86,
        "raw_score": 100,
        "shape_score": 80.7,
        "compactness": 0.504,
        "aspect_ratio": 2.47,
        "road_score": 100,
        "frontage_roads": [
          "Unnamed road",
          "CR01503548-KG",
          "POTRANCO RD",
          "FM1957-KG"
        ],
        "frontage_ft_proxy": 1461.0,
        "corner_signal": "STRONG",
        "major_road_signal": true,
        "mtp_row_flag": true,
        "flood_score": 100,
        "flood_pct": 0.0,
        "floodway_pct": 0.0,
        "flood_zones": [
          "X"
        ],
        "flood_confidence": "SCREENED",
        "future_land_use_score": 55,
        "future_land_use": [
          "Suburban Tier / West"
        ],
        "aadt": 31370,
        "aadt_5yr_growth_pct": 77.1,
        "aadt_station_miles": 0.15,
        "nearest_retail_catalyst": "Culebra / SH 211 H-E-B",
        "retail_catalyst_miles": 7.32,
        "future_residential_lots_nearby": 11214.4,
        "recent_housing_units_180d": 0,
        "utility_confidence": "PROXY",
        "utility_provider": "SAWS",
        "utility_distance_ft": 36.0,
        "utility_snapshot": "2021-07-21",
        "utility_context": "SAWS feature approximately 36 ft from parcel; capacity NOT verified",
        "assessed_value_per_acre": 252941.0,
        "land_value_per_acre": 252941.0,
        "parcel_opportunity_score": 80.6,
        "parcel_execution_score": 94.2,
        "parcel_fit_score": 84.0,
        "acquisition_complexity_score": 86.0,
        "utility_score": 100,
        "confidence_score": 100,
        "node_confidence_score": 100,
        "node_class": "EMERGING NODE",
        "node_evidence_model": "Bexar detailed growth + statewide road/traffic evidence",
        "node_component_scores": {
          "residential_growth": 85.7,
          "intersection_network": 100,
          "retail_catalyst": 28,
          "traffic": 45.8,
          "timing": 67.2
        },
        "parcel_component_scores": {
          "frontage_access": 100,
          "size_shape": 84.0,
          "utilities": 100,
          "flood": 100,
          "acquisition": 86.0
        },
        "acquisition_category": "PRIORITY",
        "decision_summary": "Investigate ownership, access, utilities and pricing now.",
        "main_risks": [
          "utility capacity is unverified"
        ],
        "usable_acres_proxy": 4.25,
        "eligible": true,
        "why_this_tract": "corner exposure on a major road \u00b7 within \u00bc mile of the node \u00b7 11214 weighted future residential lots \u00b7 mapped SAWS feature ~36 ft from parcel",
        "verification_notes": "Frontage is a GIS proximity proxy, not legal access. Sewer distance is a mapped-line proxy, not a capacity commitment. Confirm current title/CAD, survey, curb access, median/turn movements, ROW, flood and provider capacity.",
        "bcad_geometry_verified": true,
        "geometry_source": "SARA / BCAD parcel service",
        "bcad_geo_id": "04349-000-0041",
        "ownership_type": "Private",
        "last_deed_date": "2023-10-31",
        "hold_years": 2.9,
        "rank": 2
      }
    },
    {
      "type": "Feature",
      "geometry": {
        "type": "Polygon",
        "coordinates": [
          [
            [
              -98.77435904800042,
              29.421241423763885
            ],
            [
              -98.77435911320511,
              29.421254393580853
            ],
            [
              -98.77446008701527,
              29.421254526206397
            ],
            [
              -98.77445999298185,
              29.421240601704014
            ],
            [
              -98.77445504532497,
              29.420511958169246
            ],
            [
              -98.77500617496499,
              29.420509088889936
            ],
            [
              -98.77542896576414,
              29.420506358050275
            ],
            [
              -98.77543000761025,
              29.420506880430867
            ],
            [
              -98.77595118868464,
              29.420503352358075
            ],
            [
              -98.77609953914768,
              29.420501314659774
            ],
            [
              -98.77708201821106,
              29.420482212962824
            ],
            [
              -98.77759025766449,
              29.42047246078111
            ],
            [
              -98.77772283353501,
              29.42043329230236
            ],
            [
              -98.77767866770266,
              29.42033131088666
            ],
            [
              -98.77762881824674,
              29.420231983842807
            ],
            [
              -98.7775734439857,
              29.420135627622923
            ],
            [
              -98.7775127213398,
              29.420042549214198
            ],
            [
              -98.77744684376904,
              29.41995304516085
            ],
            [
              -98.77737602115681,
              29.419867400619328
            ],
            [
              -98.77730047914122,
              29.419785888449834
            ],
            [
              -98.7772204583962,
              29.41970876834699
            ],
            [
              -98.77713621386476,
              29.419636286012462
            ],
            [
              -98.77704801394673,
              29.419568672372165
            ],
            [
              -98.77765145943471,
              29.419218025257752
            ],
            [
              -98.77765427552715,
              29.41921638865517
            ],
            [
              -98.77765896350866,
              29.419213665185538
            ],
            [
              -98.77625191633653,
              29.4172988388766
            ],
            [
              -98.77624947080028,
              29.417295510692842
            ],
            [
              -98.77624325330513,
              29.417300667772054
            ],
            [
              -98.77624127304011,
              29.417302310257092
            ],
            [
              -98.77623845648009,
              29.417304646115063
            ],
            [
              -98.77592249288793,
              29.417566722057465
            ],
            [
              -98.77429428906868,
              29.41897307693681
            ],
            [
              -98.77391533179002,
              29.419303666315848
            ],
            [
              -98.77390269481398,
              29.419314690024898
            ],
            [
              -98.77378502805789,
              29.419415768067385
            ],
            [
              -98.77378547857869,
              29.419939089522718
            ],
            [
              -98.77379096539076,
              29.420517158595022
            ],
            [
              -98.77435538089927,
              29.42051240251771
            ],
            [
              -98.77435904800042,
              29.421241423763885
            ]
          ]
        ]
      },
      "properties": {
        "candidate_id": "Bexar:201245",
        "county": "Bexar",
        "prop_id": "201245",
        "owner": "RANCH ON POTRANCO LLC",
        "verified_owner": "RANCH ON POTRANCO LLC",
        "owner_verification_match": true,
        "situs": "13620  FM 1957",
        "acres": 21.61,
        "land_value": 4800000.0,
        "assessed_value": 4800000.0,
        "improvement_value": 0.0,
        "improvement_ratio": 0.0,
        "gba": 0.0,
        "prop_use": "99",
        "legal": "CB 4349  P-4 ABS 1018 2021- RMS PER PLAT 20002/83-84, FILED 11-13-2020///2020- RMS PER SPLIT PER DEED 20190213909 & 20190213959 EXE 10-15-2019. AS\\GIS\\5-8-2020.\\2020-SPLIT PER DEED 20190021304 EXE 02-05-2019\\ 2018 RESURVEYED PER DEED 18816/1109 EXEC 10/27/2017. 2015 LEG/MAP CO",
        "cad_record_url": "",
        "parcel_source": "SARA / Bexar CAD",
        "parcel_snapshot": "2025-12",
        "parcel_freshness": "RECENT",
        "cad_geometry_verified": true,
        "cad_verification_source": "SARA / BCAD live service",
        "node_id": "INT-005",
        "node_name": "Potranco Rd / SH 211",
        "node_score": 71.5,
        "node_edge_miles": 0.301,
        "dist_score": 90,
        "acre_score": 100,
        "raw_score": 100,
        "shape_score": 85.3,
        "compactness": 0.533,
        "aspect_ratio": 1.06,
        "road_score": 90,
        "frontage_roads": [
          "Unnamed road",
          "POTRANCO RD",
          "FM1957-KG"
        ],
        "frontage_ft_proxy": 264.0,
        "corner_signal": "NO",
        "major_road_signal": true,
        "mtp_row_flag": true,
        "flood_score": 100,
        "flood_pct": 0.0,
        "floodway_pct": 0.0,
        "flood_zones": [
          "X"
        ],
        "flood_confidence": "SCREENED",
        "future_land_use_score": 55,
        "future_land_use": [
          "Suburban Tier / West"
        ],
        "aadt": 31370,
        "aadt_5yr_growth_pct": 77.1,
        "aadt_station_miles": 0.31,
        "nearest_retail_catalyst": "Culebra / SH 211 H-E-B",
        "retail_catalyst_miles": 7.42,
        "future_residential_lots_nearby": 11214.4,
        "recent_housing_units_180d": 0,
        "utility_confidence": "PROXY",
        "utility_provider": "SAWS",
        "utility_distance_ft": 0.0,
        "utility_snapshot": "2021-07-21",
        "utility_context": "SAWS feature approximately 0 ft from parcel; capacity NOT verified",
        "assessed_value_per_acre": 222119.0,
        "land_value_per_acre": 222119.0,
        "parcel_opportunity_score": 80.4,
        "parcel_execution_score": 93.8,
        "parcel_fit_score": 94.4,
        "acquisition_complexity_score": 86.0,
        "utility_score": 100,
        "confidence_score": 100,
        "node_confidence_score": 100,
        "node_class": "EMERGING NODE",
        "node_evidence_model": "Bexar detailed growth + statewide road/traffic evidence",
        "node_component_scores": {
          "residential_growth": 85.7,
          "intersection_network": 100,
          "retail_catalyst": 28,
          "traffic": 45.8,
          "timing": 67.2
        },
        "parcel_component_scores": {
          "frontage_access": 90,
          "size_shape": 94.4,
          "utilities": 100,
          "flood": 100,
          "acquisition": 86.0
        },
        "acquisition_category": "PRIORITY",
        "decision_summary": "Investigate ownership, access, utilities and pricing now.",
        "main_risks": [
          "utility capacity is unverified"
        ],
        "usable_acres_proxy": 21.61,
        "eligible": true,
        "why_this_tract": "major-road frontage \u00b7 within \u00bd mile of the node \u00b7 11214 weighted future residential lots \u00b7 mapped SAWS feature ~0 ft from parcel",
        "verification_notes": "Frontage is a GIS proximity proxy, not legal access. Sewer distance is a mapped-line proxy, not a capacity commitment. Confirm current title/CAD, survey, curb access, median/turn movements, ROW, flood and provider capacity.",
        "bcad_geometry_verified": true,
        "geometry_source": "SARA / BCAD parcel service",
        "bcad_geo_id": "04349-000-0040",
        "ownership_type": "Private",
        "last_deed_date": "2017-10-27",
        "hold_years": 8.9,
        "rank": 3
      }
    },
    {
      "type": "Feature",
      "geometry": {
        "type": "Polygon",
        "coordinates": [
          [
            [
              -98.74707011924365,
              29.41472793942449
            ],
            [
              -98.74737859614964,
              29.414518478379996
            ],
            [
              -98.74766132797893,
              29.413149540533638
            ],
            [
              -98.74765409445416,
              29.413112359122675
            ],
            [
              -98.74755549689522,
              29.412605588112278
            ],
            [
              -98.74757027025505,
              29.41249628192624
            ],
            [
              -98.74743979202032,
              29.412482416877214
            ],
            [
              -98.74731011506633,
              29.41246239946166
            ],
            [
              -98.74718152932722,
              29.41243627443488
            ],
            [
              -98.74705432229743,
              29.412404100207713
            ],
            [
              -98.74692877838879,
              29.41236594871589
            ],
            [
              -98.74680517829474,
              29.412321905259233
            ],
            [
              -98.74668379836268,
              29.412272068310923
            ],
            [
              -98.74656490997614,
              29.41221654929735
            ],
            [
              -98.746448778948,
              29.41215547234896
            ],
            [
              -98.74633566492616,
              29.412088974022737
            ],
            [
              -98.74595418231975,
              29.411855251250685
            ],
            [
              -98.74584784825558,
              29.411794702312427
            ],
            [
              -98.74573861892851,
              29.411739547428386
            ],
            [
              -98.74562676774451,
              29.411689924653746
            ],
            [
              -98.74551257467218,
              29.411645958196573
            ],
            [
              -98.74539632554196,
              29.411607758106904
            ],
            [
              -98.74527831133074,
              29.411575420001302
            ],
            [
              -98.74515882743343,
              29.411549024823522
            ],
            [
              -98.74503817292367,
              29.411528638641887
            ],
            [
              -98.74491664980519,
              29.411514312483938
            ],
            [
              -98.74479456225589,
              29.411506082208703
            ],
            [
              -98.74467221586644,
              29.411503968416934
            ],
            [
              -98.74405924154557,
              29.41150608145964
            ],
            [
              -98.74392787358171,
              29.411503719710154
            ],
            [
              -98.74379673523791,
              29.411495604627063
            ],
            [
              -98.74366607836346,
              29.411481751795268
            ],
            [
              -98.74353615388301,
              29.411462187818934
            ],
            [
              -98.74340721131468,
              29.411436950270392
            ],
            [
              -98.74327949829076,
              29.411406087617998
            ],
            [
              -98.7423637059834,
              29.411162611161867
            ],
            [
              -98.74224355326672,
              29.41113413120877
            ],
            [
              -98.7421220695925,
              29.41111200656303
            ],
            [
              -98.74199959087312,
              29.41109629840112
            ],
            [
              -98.74187645577236,
              29.411087050157406
            ],
            [
              -98.74175300476894,
              29.411084287404044
            ],
            [
              -98.74162978218088,
              29.41108470959144
            ],
            [
              -98.74418027693493,
              29.413308614570315
            ],
            [
              -98.7444595823432,
              29.41355724066488
            ],
            [
              -98.74448655302902,
              29.413503126894994
            ],
            [
              -98.74548601383673,
              29.413491832525857
            ],
            [
              -98.74657438025994,
              29.41393026196565
            ],
            [
              -98.74655386225687,
              29.41402960108527
            ],
            [
              -98.74684009003633,
              29.41408582240205
            ],
            [
              -98.74681322080197,
              29.414088359625335
            ],
            [
              -98.74678716406915,
              29.414095390978815
            ],
            [
              -98.74676266596612,
              29.414106715121378
            ],
            [
              -98.74674042799013,
              29.414122007788936
            ],
            [
              -98.74672108692026,
              29.414140831079653
            ],
            [
              -98.74670519658336,
              29.41416264599314
            ],
            [
              -98.74669321199542,
              29.41418682786463
            ],
            [
              -98.74668547633217,
              29.414212684252064
            ],
            [
              -98.74668221110251,
              29.414239474764045
            ],
            [
              -98.74668350980546,
              29.414266432260735
            ],
            [
              -98.746689335253,
              29.414292784820724
            ],
            [
              -98.74669952063483,
              29.41431777784483
            ],
            [
              -98.74671377429502,
              29.414340695663842
            ],
            [
              -98.74673168808344,
              29.414360882031552
            ],
            [
              -98.7467527490431,
              29.4143777589162
            ],
            [
              -98.7467763540985,
              29.414390843052267
            ],
            [
              -98.74680182732459,
              29.414399759778682
            ],
            [
              -98.74682843930168,
              29.414404253767138
            ],
            [
              -98.74685542800225,
              29.414404196333365
            ],
            [
              -98.74688202061137,
              29.414399589121956
            ],
            [
              -98.74690745565611,
              29.414390564059307
            ],
            [
              -98.74693100481012,
              29.4143773795759
            ],
            [
              -98.74707011924365,
              29.41472793942449
            ]
          ]
        ]
      },
      "properties": {
        "candidate_id": "Bexar:1401059",
        "county": "Bexar",
        "prop_id": "1401059",
        "owner": "ARCADIA 75 LLC",
        "verified_owner": "ARCADIA 75 LLC",
        "owner_verification_match": true,
        "situs": "FM 1957",
        "acres": 23.17,
        "land_value": 1550000.0,
        "assessed_value": 1550000.0,
        "improvement_value": 0.0,
        "improvement_ratio": 0.0,
        "gba": 0.0,
        "prop_use": "9",
        "legal": "CB 4350  P-1H  ABS 444 2024 NEW ACCT PER DEED 20230015881//  2024 SPLIT PER DEED 20230008456 // 2022-RMS PER SPLIT PER DEED 20210344002, EXE 12-09-2021///2022- NON ADJ PER PLAT 20002/1079, FILED 09-10-2021",
        "cad_record_url": "",
        "parcel_source": "SARA / Bexar CAD",
        "parcel_snapshot": "2025-12",
        "parcel_freshness": "RECENT",
        "cad_geometry_verified": true,
        "cad_verification_source": "SARA / BCAD live service",
        "node_id": "INT-024",
        "node_name": "Talley Rd / Potranco Rd",
        "node_score": 70.7,
        "node_edge_miles": 0.041,
        "dist_score": 100,
        "acre_score": 100,
        "raw_score": 100,
        "shape_score": 72.3,
        "compactness": 0.452,
        "aspect_ratio": 2.77,
        "road_score": 94,
        "frontage_roads": [
          "CR01501366-KG",
          "CR01503619-KG",
          "Unnamed road",
          "W GROSENBACHER RD"
        ],
        "frontage_ft_proxy": 685.0,
        "corner_signal": "STRONG",
        "major_road_signal": true,
        "mtp_row_flag": true,
        "flood_score": 100,
        "flood_pct": 0.0,
        "floodway_pct": 0.0,
        "flood_zones": [
          "X"
        ],
        "flood_confidence": "SCREENED",
        "future_land_use_score": 55,
        "future_land_use": [
          "Suburban Tier / West"
        ],
        "aadt": 39506,
        "aadt_5yr_growth_pct": 0,
        "aadt_station_miles": 1.06,
        "nearest_retail_catalyst": "Culebra / SH 211 H-E-B",
        "retail_catalyst_miles": 8.44,
        "future_residential_lots_nearby": 11355.8,
        "recent_housing_units_180d": 0,
        "utility_confidence": "PROXY",
        "utility_provider": "SAWS",
        "utility_distance_ft": 0.0,
        "utility_snapshot": "2021-07-21",
        "utility_context": "SAWS feature approximately 0 ft from parcel; capacity NOT verified",
        "assessed_value_per_acre": 66897.0,
        "land_value_per_acre": 66897.0,
        "parcel_opportunity_score": 80.3,
        "parcel_execution_score": 94.8,
        "parcel_fit_score": 89.5,
        "acquisition_complexity_score": 94.4,
        "utility_score": 100,
        "confidence_score": 100,
        "node_confidence_score": 100,
        "node_class": "EMERGING NODE",
        "node_evidence_model": "Bexar detailed growth + statewide road/traffic evidence",
        "node_component_scores": {
          "residential_growth": 85.6,
          "intersection_network": 94,
          "retail_catalyst": 28,
          "traffic": 51.5,
          "timing": 65.6
        },
        "parcel_component_scores": {
          "frontage_access": 94,
          "size_shape": 89.5,
          "utilities": 100,
          "flood": 100,
          "acquisition": 94.4
        },
        "acquisition_category": "PRIORITY",
        "decision_summary": "Investigate ownership, access, utilities and pricing now.",
        "main_risks": [
          "utility capacity is unverified"
        ],
        "usable_acres_proxy": 23.17,
        "eligible": true,
        "why_this_tract": "corner exposure on a major road \u00b7 within \u00bc mile of the node \u00b7 11355 weighted future residential lots \u00b7 mapped SAWS feature ~0 ft from parcel",
        "verification_notes": "Frontage is a GIS proximity proxy, not legal access. Sewer distance is a mapped-line proxy, not a capacity commitment. Confirm current title/CAD, survey, curb access, median/turn movements, ROW, flood and provider capacity.",
        "bcad_geometry_verified": true,
        "geometry_source": "SARA / BCAD parcel service",
        "bcad_geo_id": "04350-000-0014",
        "ownership_type": "Private",
        "last_deed_date": "2023-01-26",
        "hold_years": 3.7,
        "rank": 4
      }
    },
    {
      "type": "Feature",
      "geometry": {
        "type": "Polygon",
        "coordinates": [
          [
            [
              -98.74001839861963,
              29.409379230096544
            ],
            [
              -98.73989275962076,
              29.409379588226592
            ],
            [
              -98.73976712062326,
              29.40937994533617
            ],
            [
              -98.73964148059437,
              29.409380302325562
            ],
            [
              -98.73951584056232,
              29.40938066009906
            ],
            [
              -98.73951695994266,
              29.40968318100409
            ],
            [
              -98.73951746959455,
              29.409820691569127
            ],
            [
              -98.73951859413941,
              29.41012321155883
            ],
            [
              -98.73964423404973,
              29.410122854683056
            ],
            [
              -98.73976987499196,
              29.410122496788837
            ],
            [
              -98.73989551489822,
              29.41012214057905
            ],
            [
              -98.74002115583643,
              29.410121783350743
            ],
            [
              -98.74014679574324,
              29.410121426002263
            ],
            [
              -98.74027243668198,
              29.410121067635256
            ],
            [
              -98.74039807658698,
              29.410120710050347
            ],
            [
              -98.74052371648888,
              29.410120353249678
            ],
            [
              -98.74064935639447,
              29.410119994526145
            ],
            [
              -98.74077499732739,
              29.410119636588735
            ],
            [
              -98.74090063825943,
              29.410119278533152
            ],
            [
              -98.74102627816232,
              29.4101189194551
            ],
            [
              -98.74115191805984,
              29.410118562063513
            ],
            [
              -98.74127755795875,
              29.410118203651365
            ],
            [
              -98.74140319888727,
              29.410117845123054
            ],
            [
              -98.74152883981719,
              29.410117485574208
            ],
            [
              -98.74165447971342,
              29.410117126807553
            ],
            [
              -98.74178011960653,
              29.41011676882501
            ],
            [
              -98.74190576053381,
              29.410116408921667
            ],
            [
              -98.74203140042744,
              29.410116049800493
            ],
            [
              -98.74203252930634,
              29.410418571552146
            ],
            [
              -98.74207775930654,
              29.410418442346522
            ],
            [
              -98.7420782724009,
              29.41055595288425
            ],
            [
              -98.742079453344,
              29.41087222855388
            ],
            [
              -98.74319158480573,
              29.410851250775156
            ],
            [
              -98.7433120619696,
              29.40932023203185
            ],
            [
              -98.74330902193655,
              29.40932024062637
            ],
            [
              -98.74289221377089,
              29.409321436649243
            ],
            [
              -98.74286080352623,
              29.409321526867636
            ],
            [
              -98.74286098919197,
              29.409371113430478
            ],
            [
              -98.74270393995515,
              29.409371563513613
            ],
            [
              -98.74253118764658,
              29.409372058936714
            ],
            [
              -98.74240554763705,
              29.409372418526118
            ],
            [
              -98.74227990762664,
              29.409372777997344
            ],
            [
              -98.74215426864356,
              29.40937313825461
            ],
            [
              -98.74202862966189,
              29.40937349749145
            ],
            [
              -98.74190299068164,
              29.40937385570781
            ],
            [
              -98.7417773506654,
              29.409374215608583
            ],
            [
              -98.7416517106506,
              29.409374574488904
            ],
            [
              -98.74152607166538,
              29.409374933252998
            ],
            [
              -98.74140043267701,
              29.409375292801208
            ],
            [
              -98.74127479266184,
              29.40937565042466
            ],
            [
              -98.74114915367403,
              29.409376008834254
            ],
            [
              -98.74102351365252,
              29.409376368025942
            ],
            [
              -98.74089787466292,
              29.409376726199163
            ],
            [
              -98.74077223464194,
              29.40937708425219
            ],
            [
              -98.74064659565056,
              29.40937744218902
            ],
            [
              -98.74052095665837,
              29.409377800007693
            ],
            [
              -98.74039531766525,
              29.40937815770819
            ],
            [
              -98.74026967660798,
              29.40937851618874
            ],
            [
              -98.74014403761309,
              29.409378873652873
            ],
            [
              -98.74001839861963,
              29.409379230096544
            ]
          ]
        ]
      },
      "properties": {
        "candidate_id": "Bexar:1280325",
        "county": "Bexar",
        "prop_id": "1280325",
        "owner": "THREE ENCINO CROSSING LTD",
        "verified_owner": "THREE ENCINO CROSSING LTD",
        "owner_verification_match": true,
        "situs": "W GROSENBACHER RD",
        "acres": 9.78,
        "land_value": 890000.0,
        "assessed_value": 890000.0,
        "improvement_value": 0.0,
        "improvement_ratio": 0.0,
        "gba": 0.0,
        "prop_use": "9",
        "legal": "CB 4341  P-17D  ABS 422 2025-RMS PER PLAT 20003/1251-1252//  2018 NEW ACCT PER DEED 18720/294 EXEC 09/01/2017.",
        "cad_record_url": "",
        "parcel_source": "SARA / Bexar CAD",
        "parcel_snapshot": "2025-12",
        "parcel_freshness": "RECENT",
        "cad_geometry_verified": true,
        "cad_verification_source": "SARA / BCAD live service",
        "node_id": "INT-024",
        "node_name": "Talley Rd / Potranco Rd",
        "node_score": 70.7,
        "node_edge_miles": 0.222,
        "dist_score": 97,
        "acre_score": 100,
        "raw_score": 100,
        "shape_score": 70.0,
        "compactness": 0.438,
        "aspect_ratio": 2.17,
        "road_score": 94,
        "frontage_roads": [
          "CR01503621-KG",
          "CR01503625-KG",
          "CR01503624-KG",
          "W GROSENBACHER RD"
        ],
        "frontage_ft_proxy": 1518.0,
        "corner_signal": "STRONG",
        "major_road_signal": true,
        "mtp_row_flag": true,
        "flood_score": 100,
        "flood_pct": 0.0,
        "floodway_pct": 0.0,
        "flood_zones": [
          "X"
        ],
        "flood_confidence": "SCREENED",
        "future_land_use_score": 55,
        "future_land_use": [
          "Suburban Tier / West"
        ],
        "aadt": 6400,
        "aadt_5yr_growth_pct": 0,
        "aadt_station_miles": 0.88,
        "nearest_retail_catalyst": "Culebra / SH 211 H-E-B",
        "retail_catalyst_miles": 8.7,
        "future_residential_lots_nearby": 11355.8,
        "recent_housing_units_180d": 0,
        "utility_confidence": "PROXY",
        "utility_provider": "SAWS",
        "utility_distance_ft": 0.0,
        "utility_snapshot": "2021-07-21",
        "utility_context": "SAWS feature approximately 0 ft from parcel; capacity NOT verified",
        "assessed_value_per_acre": 91002.0,
        "land_value_per_acre": 91002.0,
        "parcel_opportunity_score": 80.3,
        "parcel_execution_score": 94.6,
        "parcel_fit_score": 88.6,
        "acquisition_complexity_score": 94.4,
        "utility_score": 100,
        "confidence_score": 100,
        "node_confidence_score": 100,
        "node_class": "EMERGING NODE",
        "node_evidence_model": "Bexar detailed growth + statewide road/traffic evidence",
        "node_component_scores": {
          "residential_growth": 85.6,
          "intersection_network": 94,
          "retail_catalyst": 28,
          "traffic": 51.5,
          "timing": 65.6
        },
        "parcel_component_scores": {
          "frontage_access": 94,
          "size_shape": 88.6,
          "utilities": 100,
          "flood": 100,
          "acquisition": 94.4
        },
        "acquisition_category": "PRIORITY",
        "decision_summary": "Investigate ownership, access, utilities and pricing now.",
        "main_risks": [
          "utility capacity is unverified"
        ],
        "usable_acres_proxy": 9.78,
        "eligible": true,
        "why_this_tract": "corner exposure on a major road \u00b7 within \u00bc mile of the node \u00b7 11355 weighted future residential lots \u00b7 mapped SAWS feature ~0 ft from parcel",
        "verification_notes": "Frontage is a GIS proximity proxy, not legal access. Sewer distance is a mapped-line proxy, not a capacity commitment. Confirm current title/CAD, survey, curb access, median/turn movements, ROW, flood and provider capacity.",
        "bcad_geometry_verified": true,
        "geometry_source": "SARA / BCAD parcel service",
        "bcad_geo_id": "04341-000-0174",
        "ownership_type": "Private",
        "last_deed_date": "2017-09-01",
        "hold_years": 9.1,
        "rank": 5
      }
    },
    {
      "type": "Feature",
      "geometry": {
        "type": "Polygon",
        "coordinates": [
          [
            [
              -98.73984588009738,
              29.411813899959533
            ],
            [
              -98.73984803326125,
              29.412186522839434
            ],
            [
              -98.73985018540802,
              29.41255914659546
            ],
            [
              -98.73985233757269,
              29.412931769425082
            ],
            [
              -98.73985448975078,
              29.41330439313278
            ],
            [
              -98.73985664194679,
              29.413677015914026
            ],
            [
              -98.73985879518676,
              29.414049639575403
            ],
            [
              -98.73986416677764,
              29.414979670998143
            ],
            [
              -98.73986218290236,
              29.415094886041143
            ],
            [
              -98.73985870926346,
              29.415296732068438
            ],
            [
              -98.73985419853963,
              29.41640975487119
            ],
            [
              -98.73985561728367,
              29.41711286759516
            ],
            [
              -98.73985701936465,
              29.417727221423494
            ],
            [
              -98.74186822255852,
              29.417734060110746
            ],
            [
              -98.7447754804644,
              29.417731056661747
            ],
            [
              -98.74477550856415,
              29.417709860685783
            ],
            [
              -98.74477985709605,
              29.416390324632857
            ],
            [
              -98.74421918723051,
              29.416297693555155
            ],
            [
              -98.74421359456375,
              29.41586811009027
            ],
            [
              -98.74420042693752,
              29.414856567970407
            ],
            [
              -98.74418033746832,
              29.41331325975226
            ],
            [
              -98.74418027693493,
              29.413308614570315
            ],
            [
              -98.74162978218088,
              29.41108470959144
            ],
            [
              -98.7398415752689,
              29.411068488105943
            ],
            [
              -98.73984588009738,
              29.411813899959533
            ]
          ]
        ]
      },
      "properties": {
        "candidate_id": "Bexar:200735",
        "county": "Bexar",
        "prop_id": "200735",
        "owner": "ARCADIA 75 LLC",
        "verified_owner": "ARCADIA 75 LLC",
        "owner_verification_match": true,
        "situs": "12555 W GROSENBACHER RD",
        "acres": 74.97,
        "land_value": 5000000.0,
        "assessed_value": 5000000.0,
        "improvement_value": 0.0,
        "improvement_ratio": 0.0,
        "gba": 0.0,
        "prop_use": "9",
        "legal": "CB 4339 P-2B ABS 954 (16.80 AC) CB 4340 P-2B ABS 1119 (26.17 AC) CB 4352 P-1B ABS 1021 (32 AC) 2023 RESURVEY PER DOC 20220173058 EXE 07/13/22 AND SURVEY",
        "cad_record_url": "",
        "parcel_source": "SARA / Bexar CAD",
        "parcel_snapshot": "2025-12",
        "parcel_freshness": "RECENT",
        "cad_geometry_verified": true,
        "cad_verification_source": "SARA / BCAD live service",
        "node_id": "INT-024",
        "node_name": "Talley Rd / Potranco Rd",
        "node_score": 70.7,
        "node_edge_miles": 0.0,
        "dist_score": 100,
        "acre_score": 92,
        "raw_score": 100,
        "shape_score": 100,
        "compactness": 0.701,
        "aspect_ratio": 1.55,
        "road_score": 94,
        "frontage_roads": [
          "CR01501366-KG",
          "CR01503620-KG",
          "Unnamed road",
          "W GROSENBACHER RD"
        ],
        "frontage_ft_proxy": 1953.0,
        "corner_signal": "STRONG",
        "major_road_signal": true,
        "mtp_row_flag": true,
        "flood_score": 75,
        "flood_pct": 0.7,
        "floodway_pct": 0.0,
        "flood_zones": [
          "A",
          "X"
        ],
        "flood_confidence": "SCREENED",
        "future_land_use_score": 55,
        "future_land_use": [
          "Suburban Tier / West"
        ],
        "aadt": 6400,
        "aadt_5yr_growth_pct": 0,
        "aadt_station_miles": 0.94,
        "nearest_retail_catalyst": "Culebra / SH 211 H-E-B",
        "retail_catalyst_miles": 8.39,
        "future_residential_lots_nearby": 11355.8,
        "recent_housing_units_180d": 0,
        "utility_confidence": "PROXY",
        "utility_provider": "SAWS",
        "utility_distance_ft": 0.0,
        "utility_snapshot": "2021-07-21",
        "utility_context": "SAWS feature approximately 0 ft from parcel; capacity NOT verified",
        "assessed_value_per_acre": 66693.0,
        "land_value_per_acre": 66693.0,
        "parcel_opportunity_score": 79.7,
        "parcel_execution_score": 93.1,
        "parcel_fit_score": 95.0,
        "acquisition_complexity_score": 94.4,
        "utility_score": 100,
        "confidence_score": 100,
        "node_confidence_score": 100,
        "node_class": "EMERGING NODE",
        "node_evidence_model": "Bexar detailed growth + statewide road/traffic evidence",
        "node_component_scores": {
          "residential_growth": 85.6,
          "intersection_network": 94,
          "retail_catalyst": 28,
          "traffic": 51.5,
          "timing": 65.6
        },
        "parcel_component_scores": {
          "frontage_access": 94,
          "size_shape": 95.0,
          "utilities": 100,
          "flood": 75,
          "acquisition": 94.4
        },
        "acquisition_category": "PRIORITY",
        "decision_summary": "Investigate ownership, access, utilities and pricing now.",
        "main_risks": [
          "utility capacity is unverified",
          "0.7% mapped SFHA overlap"
        ],
        "usable_acres_proxy": 74.45,
        "eligible": true,
        "why_this_tract": "corner exposure on a major road \u00b7 within \u00bc mile of the node \u00b7 11355 weighted future residential lots \u00b7 mapped SAWS feature ~0 ft from parcel",
        "verification_notes": "Frontage is a GIS proximity proxy, not legal access. Sewer distance is a mapped-line proxy, not a capacity commitment. Confirm current title/CAD, survey, curb access, median/turn movements, ROW, flood and provider capacity.",
        "bcad_geometry_verified": true,
        "geometry_source": "SARA / BCAD parcel service",
        "bcad_geo_id": "04339-000-0022",
        "ownership_type": "Private",
        "last_deed_date": "2022-07-12",
        "hold_years": 4.2,
        "rank": 6
      }
    },
    {
      "type": "Feature",
      "geometry": {
        "type": "Polygon",
        "coordinates": [
          [
            [
              -98.78057608762664,
              29.43826427566846
            ],
            [
              -98.78193318446536,
              29.440106848091865
            ],
            [
              -98.78214998286249,
              29.44039548482666
            ],
            [
              -98.78656343067588,
              29.438170861673555
            ],
            [
              -98.78656402803128,
              29.438170611788347
            ],
            [
              -98.78660248469669,
              29.438154531967488
            ],
            [
              -98.78660184206893,
              29.438153258697547
            ],
            [
              -98.78656775304867,
              29.438085717593076
            ],
            [
              -98.78656666756595,
              29.43808574112344
            ],
            [
              -98.78637135552282,
              29.437715253921603
            ],
            [
              -98.7862929632357,
              29.437746922911213
            ],
            [
              -98.78613719827166,
              29.437196803647666
            ],
            [
              -98.78608081270542,
              29.437013594847457
            ],
            [
              -98.78601794409373,
              29.436832508309532
            ],
            [
              -98.7859486720538,
              29.4366537733632
            ],
            [
              -98.7858730843123,
              29.43647761635968
            ],
            [
              -98.78579127659407,
              29.436304260385484
            ],
            [
              -98.78577005194323,
              29.436262785489124
            ],
            [
              -98.78576993696613,
              29.436262560631885
            ],
            [
              -98.78576905665221,
              29.43626257275485
            ],
            [
              -98.78521781200804,
              29.435198172868002
            ],
            [
              -98.7853106751914,
              29.435753637735687
            ],
            [
              -98.78530277651905,
              29.43577321308965
            ],
            [
              -98.78513998119489,
              29.43617663891305
            ],
            [
              -98.78496383654812,
              29.436249503230336
            ],
            [
              -98.78492957160735,
              29.43626357088563
            ],
            [
              -98.7849037442966,
              29.436273880499975
            ],
            [
              -98.78477162805514,
              29.43632252404402
            ],
            [
              -98.78463754140691,
              29.436365438684916
            ],
            [
              -98.78450173264342,
              29.43640254495659
            ],
            [
              -98.78436445324508,
              29.436433774148444
            ],
            [
              -98.78422595741544,
              29.436459068432637
            ],
            [
              -98.7840968088058,
              29.436477182252254
            ],
            [
              -98.78396705650917,
              29.43649029008782
            ],
            [
              -98.78383689449105,
              29.43649837234456
            ],
            [
              -98.78370651732943,
              29.436501416940374
            ],
            [
              -98.78357611992394,
              29.43649941932393
            ],
            [
              -98.7834458972044,
              29.436492382481443
            ],
            [
              -98.78330480375132,
              29.436479034258916
            ],
            [
              -98.78325795541464,
              29.43647328008731
            ],
            [
              -98.78172718207954,
              29.436274038580102
            ],
            [
              -98.78162778675541,
              29.436262445810097
            ],
            [
              -98.78146872691045,
              29.436249252835424
            ],
            [
              -98.78130925074093,
              29.436242815428265
            ],
            [
              -98.78114964503887,
              29.436243145165253
            ],
            [
              -98.78099019682924,
              29.436250241453408
            ],
            [
              -98.78083119285381,
              29.436264091531207
            ],
            [
              -98.78067291905543,
              29.43628467049153
            ],
            [
              -98.7805156600639,
              29.43631194132646
            ],
            [
              -98.78035969868398,
              29.436345854993807
            ],
            [
              -98.78020531538695,
              29.43638635050535
            ],
            [
              -98.78005278780613,
              29.436433355036478
            ],
            [
              -98.77990239023764,
              29.436486784057152
            ],
            [
              -98.7798111349132,
              29.43652316513972
            ],
            [
              -98.77964089061157,
              29.4365929679528
            ],
            [
              -98.77965272232463,
              29.436613877532686
            ],
            [
              -98.7798403113976,
              29.43694538526667
            ],
            [
              -98.77982667121394,
              29.436951945234206
            ],
            [
              -98.77981421773742,
              29.436960547484322
            ],
            [
              -98.77980325425936,
              29.43697098251827
            ],
            [
              -98.77979404778375,
              29.436982996201777
            ],
            [
              -98.77978682252461,
              29.436996295954213
            ],
            [
              -98.77978175444554,
              29.437010557874103
            ],
            [
              -98.77977896697425,
              29.43702543462739
            ],
            [
              -98.77977903754804,
              29.4370388451188
            ],
            [
              -98.77978118328863,
              29.43705208302112
            ],
            [
              -98.77978535246207,
              29.43706482916772
            ],
            [
              -98.77979144454935,
              29.437076776248247
            ],
            [
              -98.7799328935764,
              29.43730518921525
            ],
            [
              -98.78008008140021,
              29.437529946985467
            ],
            [
              -98.78023291361902,
              29.4377509054061
            ],
            [
              -98.78039129221085,
              29.437967922761164
            ],
            [
              -98.78048553597273,
              29.43809039391401
            ],
            [
              -98.7805815093503,
              29.438211514435515
            ],
            [
              -98.78063452590636,
              29.43821040323904
            ],
            [
              -98.78063627937844,
              29.43821036731914
            ],
            [
              -98.78057608762664,
              29.43826427566846
            ]
          ]
        ]
      },
      "properties": {
        "candidate_id": "Bexar:1004521",
        "county": "Bexar",
        "prop_id": "1004521",
        "owner": "CUMBERLAND 211 LTD",
        "verified_owner": "CUMBERLAND 211 LTD",
        "owner_verification_match": true,
        "situs": "POTRANCO RD",
        "acres": 45.03,
        "land_value": 4300000.0,
        "assessed_value": 4300000.0,
        "improvement_value": 0.0,
        "improvement_ratio": 0.0,
        "gba": 0.0,
        "prop_use": "9",
        "legal": "CB 4353 P-1 (29.3421)  ABS 978. CB 4371 P-1A (0.263) ABS 1084 & CB 4379 (15.421) ABS 185 2022-RMS PER MERGED PER CR # 53542. ////2021-RMS PER SPLIT PER DEED 20200136326 EXE 06-18-2020. ///SPLIT/ MERGE PER DEED 12875/1130",
        "cad_record_url": "",
        "parcel_source": "SARA / Bexar CAD",
        "parcel_snapshot": "2025-12",
        "parcel_freshness": "RECENT",
        "cad_geometry_verified": true,
        "cad_verification_source": "SARA / BCAD live service",
        "node_id": "INT-017",
        "node_name": "Texas Research Pkwy / SH 211",
        "node_score": 75.5,
        "node_edge_miles": 0.663,
        "dist_score": 78,
        "acre_score": 100,
        "raw_score": 100,
        "shape_score": 96.1,
        "compactness": 0.6,
        "aspect_ratio": 1.15,
        "road_score": 100,
        "frontage_roads": [
          "STEVENS CIR",
          "Unnamed road",
          "STEVENS PKWY",
          "SH0211-KG"
        ],
        "frontage_ft_proxy": 506.0,
        "corner_signal": "STRONG",
        "major_road_signal": true,
        "mtp_row_flag": true,
        "flood_score": 75,
        "flood_pct": 0.7,
        "floodway_pct": 0.0,
        "flood_zones": [
          "A",
          "AE",
          "X"
        ],
        "flood_confidence": "SCREENED",
        "future_land_use_score": 55,
        "future_land_use": [],
        "aadt": 16500,
        "aadt_5yr_growth_pct": 0,
        "aadt_station_miles": 0.88,
        "nearest_retail_catalyst": "Culebra / SH 211 H-E-B",
        "retail_catalyst_miles": 6.07,
        "future_residential_lots_nearby": 10209.0,
        "recent_housing_units_180d": 0,
        "utility_confidence": "PROXY",
        "utility_provider": "SAWS",
        "utility_distance_ft": 401.0,
        "utility_snapshot": "2021-07-21",
        "utility_context": "SAWS feature approximately 401 ft from parcel; capacity NOT verified",
        "assessed_value_per_acre": 95492.0,
        "land_value_per_acre": 95492.0,
        "parcel_opportunity_score": 83.0,
        "parcel_execution_score": 94.2,
        "parcel_fit_score": 98.5,
        "acquisition_complexity_score": 94.4,
        "utility_score": 92,
        "confidence_score": 100,
        "node_confidence_score": 100,
        "node_class": "EMERGING NODE",
        "node_evidence_model": "Bexar detailed growth + statewide road/traffic evidence",
        "node_component_scores": {
          "residential_growth": 84.3,
          "intersection_network": 100,
          "retail_catalyst": 28,
          "traffic": 71.5,
          "timing": 70.2
        },
        "parcel_component_scores": {
          "frontage_access": 100,
          "size_shape": 98.5,
          "utilities": 92,
          "flood": 75,
          "acquisition": 94.4
        },
        "acquisition_category": "WATCH",
        "decision_summary": "Strong enough to track closely; verify title, access and utility feasibility before elevating.",
        "main_risks": [
          "not on the immediate intersection",
          "utility capacity is unverified",
          "0.7% mapped SFHA overlap"
        ],
        "usable_acres_proxy": 44.71,
        "eligible": true,
        "why_this_tract": "corner exposure on a major road \u00b7 within 1 mile of the node \u00b7 10209 weighted future residential lots \u00b7 mapped SAWS feature ~401 ft from parcel",
        "verification_notes": "Frontage is a GIS proximity proxy, not legal access. Sewer distance is a mapped-line proxy, not a capacity commitment. Confirm current title/CAD, survey, curb access, median/turn movements, ROW, flood and provider capacity.",
        "bcad_geometry_verified": true,
        "geometry_source": "SARA / BCAD parcel service",
        "bcad_geo_id": "04353-000-0016",
        "ownership_type": "Private",
        "last_deed_date": "2006-09-15",
        "hold_years": 20.0,
        "rank": 7
      }
    },
    {
      "type": "Feature",
      "geometry": {
        "type": "Polygon",
        "coordinates": [
          [
            [
              -98.78725517792752,
              29.445589788961854
            ],
            [
              -98.78935475649416,
              29.44748028177992
            ],
            [
              -98.7894145115347,
              29.447427569836933
            ],
            [
              -98.7923271925259,
              29.444724851879013
            ],
            [
              -98.79130305009456,
              29.443867238521868
            ],
            [
              -98.79121392986484,
              29.443792623502322
            ],
            [
              -98.79030348688947,
              29.442974901861938
            ],
            [
              -98.78971726830298,
              29.442338984513842
            ],
            [
              -98.78909926133572,
              29.441896945609457
            ],
            [
              -98.78897485181307,
              29.441796733611678
            ],
            [
              -98.78884818234523,
              29.441699393898585
            ],
            [
              -98.78871931923159,
              29.441604977418205
            ],
            [
              -98.7887183510529,
              29.44160558493948
            ],
            [
              -98.78830061389155,
              29.44186723125351
            ],
            [
              -98.78829402137771,
              29.44187136236337
            ],
            [
              -98.78736208432683,
              29.44245525657263
            ],
            [
              -98.7872358840151,
              29.442537068836486
            ],
            [
              -98.78711241897491,
              29.442622953346433
            ],
            [
              -98.78699182055924,
              29.44271281873096
            ],
            [
              -98.78687421707131,
              29.44280656938336
            ],
            [
              -98.78675973362807,
              29.442904105563432
            ],
            [
              -98.78546004046008,
              29.444050586321932
            ],
            [
              -98.78725517792752,
              29.445589788961854
            ]
          ]
        ]
      },
      "properties": {
        "candidate_id": "Bexar:1114436",
        "county": "Bexar",
        "prop_id": "1114436",
        "owner": "POTRANCO 211 LAND PARTNERS LTD",
        "verified_owner": "POTRANCO 211 LAND PARTNERS LTD",
        "owner_verification_match": true,
        "situs": "FM 1957",
        "acres": 53.76,
        "land_value": 5000000.0,
        "assessed_value": 5000000.0,
        "improvement_value": 0.0,
        "improvement_ratio": 0.0,
        "gba": 0.0,
        "prop_use": "9",
        "legal": "CB 4376 P-1B (10.725),   CB 4379 P-1C ( 16.74)  &  CB 4381 P-1E (26.303) 2021-RMS PER SPLIT PER DEED 20200097042, 20200042237 & 20200097012 EXE 05-07-2020",
        "cad_record_url": "",
        "parcel_source": "SARA / Bexar CAD",
        "parcel_snapshot": "2025-12",
        "parcel_freshness": "RECENT",
        "cad_geometry_verified": true,
        "cad_verification_source": "SARA / BCAD live service",
        "node_id": "INT-017",
        "node_name": "Texas Research Pkwy / SH 211",
        "node_score": 75.5,
        "node_edge_miles": 0.669,
        "dist_score": 78,
        "acre_score": 92,
        "raw_score": 100,
        "shape_score": 100,
        "compactness": 0.786,
        "aspect_ratio": 1.26,
        "road_score": 84,
        "frontage_roads": [
          "SH0211-KG"
        ],
        "frontage_ft_proxy": 0.0,
        "corner_signal": "NO",
        "major_road_signal": true,
        "mtp_row_flag": false,
        "flood_score": 100,
        "flood_pct": 0.0,
        "floodway_pct": 0.0,
        "flood_zones": [
          "X"
        ],
        "flood_confidence": "SCREENED",
        "future_land_use_score": 55,
        "future_land_use": [],
        "aadt": 11334,
        "aadt_5yr_growth_pct": 0,
        "aadt_station_miles": 1.14,
        "nearest_retail_catalyst": "Culebra / SH 211 H-E-B",
        "retail_catalyst_miles": 5.57,
        "future_residential_lots_nearby": 10209.0,
        "recent_housing_units_180d": 0,
        "utility_confidence": "PROXY",
        "utility_provider": "SAWS",
        "utility_distance_ft": 700.0,
        "utility_snapshot": "2021-07-21",
        "utility_context": "SAWS feature approximately 700 ft from parcel; capacity NOT verified",
        "assessed_value_per_acre": 93006.0,
        "land_value_per_acre": 93006.0,
        "parcel_opportunity_score": 81.1,
        "parcel_execution_score": 89.6,
        "parcel_fit_score": 95.0,
        "acquisition_complexity_score": 94.4,
        "utility_score": 82,
        "confidence_score": 100,
        "node_confidence_score": 100,
        "node_class": "EMERGING NODE",
        "node_evidence_model": "Bexar detailed growth + statewide road/traffic evidence",
        "node_component_scores": {
          "residential_growth": 84.3,
          "intersection_network": 100,
          "retail_catalyst": 28,
          "traffic": 71.5,
          "timing": 70.2
        },
        "parcel_component_scores": {
          "frontage_access": 84,
          "size_shape": 95.0,
          "utilities": 82,
          "flood": 100,
          "acquisition": 94.4
        },
        "acquisition_category": "WATCH",
        "decision_summary": "Strong enough to track closely; verify title, access and utility feasibility before elevating.",
        "main_risks": [
          "not on the immediate intersection",
          "limited frontage proxy",
          "utility capacity is unverified"
        ],
        "usable_acres_proxy": 53.76,
        "eligible": true,
        "why_this_tract": "major-road frontage \u00b7 within 1 mile of the node \u00b7 10209 weighted future residential lots \u00b7 mapped SAWS feature ~700 ft from parcel",
        "verification_notes": "Frontage is a GIS proximity proxy, not legal access. Sewer distance is a mapped-line proxy, not a capacity commitment. Confirm current title/CAD, survey, curb access, median/turn movements, ROW, flood and provider capacity.",
        "bcad_geometry_verified": true,
        "geometry_source": "SARA / BCAD parcel service",
        "bcad_geo_id": "04376-000-0015",
        "ownership_type": "Private",
        "last_deed_date": "2024-03-08",
        "hold_years": 2.6,
        "rank": 8
      }
    },
    {
      "type": "Feature",
      "geometry": {
        "type": "Polygon",
        "coordinates": [
          [
            [
              -98.78656343067588,
              29.438170861673555
            ],
            [
              -98.78214998286249,
              29.44039548482666
            ],
            [
              -98.7829592357804,
              29.44147287485423
            ],
            [
              -98.78296586598016,
              29.44148168936402
            ],
            [
              -98.78314828081028,
              29.44171816821418
            ],
            [
              -98.78333563264412,
              29.441950755202576
            ],
            [
              -98.78352783847195,
              29.442179347277175
            ],
            [
              -98.78372481313336,
              29.442403843155947
            ],
            [
              -98.783926469355,
              29.44262414337178
            ],
            [
              -98.78413271778928,
              29.44284015031651
            ],
            [
              -98.78434346705399,
              29.4430517682842
            ],
            [
              -98.78455862377265,
              29.443258903513527
            ],
            [
              -98.78477809261608,
              29.44346146422933
            ],
            [
              -98.78500177634444,
              29.443659360683274
            ],
            [
              -98.78500250280254,
              29.44365999255953
            ],
            [
              -98.7854561572542,
              29.44405400611736
            ],
            [
              -98.78546004046008,
              29.444050586321932
            ],
            [
              -98.78675973362807,
              29.442904105563432
            ],
            [
              -98.78687421707131,
              29.44280656938336
            ],
            [
              -98.78699182055924,
              29.44271281873096
            ],
            [
              -98.78711241897491,
              29.442622953346433
            ],
            [
              -98.7872358840151,
              29.442537068836486
            ],
            [
              -98.78736208432683,
              29.44245525657263
            ],
            [
              -98.78829402137771,
              29.44187136236337
            ],
            [
              -98.78830061389155,
              29.44186723125351
            ],
            [
              -98.7887183510529,
              29.44160558493948
            ],
            [
              -98.78856312815532,
              29.44147581582408
            ],
            [
              -98.78841223436898,
              29.441341037352156
            ],
            [
              -98.78826583128036,
              29.441201393852882
            ],
            [
              -98.78812407566697,
              29.441057034865207
            ],
            [
              -98.78798711932956,
              29.440908114977713
            ],
            [
              -98.78785510892949,
              29.440754793663082
            ],
            [
              -98.7877281858317,
              29.44059723510731
            ],
            [
              -98.78760648595335,
              29.440435608033905
            ],
            [
              -98.78749013961823,
              29.440270085523192
            ],
            [
              -98.78737927141725,
              29.44010084482697
            ],
            [
              -98.78727400007496,
              29.439928067178702
            ],
            [
              -98.78717443832245,
              29.43975193759945
            ],
            [
              -98.78708069277668,
              29.439572644699716
            ],
            [
              -98.78699286382617,
              29.439390380477494
            ],
            [
              -98.78691104552365,
              29.43920534011265
            ],
            [
              -98.78683532548524,
              29.439017721757924
            ],
            [
              -98.78676578479667,
              29.43882772632671
            ],
            [
              -98.78670249792643,
              29.438635557277948
            ],
            [
              -98.78669875428568,
              29.438623069781784
            ],
            [
              -98.78656402803128,
              29.438170611788347
            ],
            [
              -98.78656343067588,
              29.438170861673555
            ]
          ]
        ]
      },
      "properties": {
        "candidate_id": "Bexar:1114434",
        "county": "Bexar",
        "prop_id": "1114434",
        "owner": "DOSS DOROTHY 2002 GRANTOR TRUST # 1",
        "verified_owner": "DOSS DOROTHY 2002 GRANTOR TRUST # 1",
        "owner_verification_match": true,
        "situs": "FM 1957",
        "acres": 53.64,
        "land_value": 5000000.0,
        "assessed_value": 5000000.0,
        "improvement_value": 0.0,
        "improvement_ratio": 0.0,
        "gba": 0.0,
        "prop_use": "9",
        "legal": "CB 4379 P-1B (53.336) ABS 185   &    CB 4353 P-2A (0.301) ABS 978 2021-RMS PER SPLIT PER DEED 20200097042, 20200042237 & 20200097012 EXE 05-07-2020",
        "cad_record_url": "",
        "parcel_source": "SARA / Bexar CAD",
        "parcel_snapshot": "2025-12",
        "parcel_freshness": "RECENT",
        "cad_geometry_verified": true,
        "cad_verification_source": "SARA / BCAD live service",
        "node_id": "INT-017",
        "node_name": "Texas Research Pkwy / SH 211",
        "node_score": 75.5,
        "node_edge_miles": 0.666,
        "dist_score": 78,
        "acre_score": 92,
        "raw_score": 100,
        "shape_score": 100,
        "compactness": 0.744,
        "aspect_ratio": 1.03,
        "road_score": 84,
        "frontage_roads": [
          "SH0211-KG"
        ],
        "frontage_ft_proxy": 36.0,
        "corner_signal": "NO",
        "major_road_signal": true,
        "mtp_row_flag": true,
        "flood_score": 100,
        "flood_pct": 0.0,
        "floodway_pct": 0.0,
        "flood_zones": [
          "X"
        ],
        "flood_confidence": "SCREENED",
        "future_land_use_score": 55,
        "future_land_use": [],
        "aadt": 16500,
        "aadt_5yr_growth_pct": 0,
        "aadt_station_miles": 1.12,
        "nearest_retail_catalyst": "Culebra / SH 211 H-E-B",
        "retail_catalyst_miles": 5.83,
        "future_residential_lots_nearby": 10209.0,
        "recent_housing_units_180d": 0,
        "utility_confidence": "PROXY",
        "utility_provider": "SAWS",
        "utility_distance_ft": 833.0,
        "utility_snapshot": "2021-07-21",
        "utility_context": "SAWS feature approximately 833 ft from parcel; capacity NOT verified",
        "assessed_value_per_acre": 93214.0,
        "land_value_per_acre": 93214.0,
        "parcel_opportunity_score": 81.1,
        "parcel_execution_score": 89.6,
        "parcel_fit_score": 95.0,
        "acquisition_complexity_score": 94.4,
        "utility_score": 82,
        "confidence_score": 100,
        "node_confidence_score": 100,
        "node_class": "EMERGING NODE",
        "node_evidence_model": "Bexar detailed growth + statewide road/traffic evidence",
        "node_component_scores": {
          "residential_growth": 84.3,
          "intersection_network": 100,
          "retail_catalyst": 28,
          "traffic": 71.5,
          "timing": 70.2
        },
        "parcel_component_scores": {
          "frontage_access": 84,
          "size_shape": 95.0,
          "utilities": 82,
          "flood": 100,
          "acquisition": 94.4
        },
        "acquisition_category": "WATCH",
        "decision_summary": "Strong enough to track closely; verify title, access and utility feasibility before elevating.",
        "main_risks": [
          "not on the immediate intersection",
          "limited frontage proxy",
          "utility capacity is unverified"
        ],
        "usable_acres_proxy": 53.64,
        "eligible": true,
        "why_this_tract": "major-road frontage \u00b7 within 1 mile of the node \u00b7 10209 weighted future residential lots \u00b7 mapped SAWS feature ~833 ft from parcel",
        "verification_notes": "Frontage is a GIS proximity proxy, not legal access. Sewer distance is a mapped-line proxy, not a capacity commitment. Confirm current title/CAD, survey, curb access, median/turn movements, ROW, flood and provider capacity.",
        "bcad_geometry_verified": true,
        "geometry_source": "SARA / BCAD parcel service",
        "bcad_geo_id": "04379-000-0012",
        "ownership_type": "Private",
        "last_deed_date": "2007-12-21",
        "hold_years": 18.8,
        "rank": 9
      }
    },
    {
      "type": "Feature",
      "geometry": {
        "type": "Polygon",
        "coordinates": [
          [
            [
              -98.79798801537686,
              29.37229845202923
            ],
            [
              -98.79795878319297,
              29.375177282508822
            ],
            [
              -98.79880945214504,
              29.37517070609206
            ],
            [
              -98.79881053843349,
              29.37598185995044
            ],
            [
              -98.79965336930347,
              29.375942054117782
            ],
            [
              -98.80127991239237,
              29.375940009348838
            ],
            [
              -98.8018867068634,
              29.37593924178787
            ],
            [
              -98.80190456858045,
              29.373626009934995
            ],
            [
              -98.801886064684,
              29.37226206387686
            ],
            [
              -98.80124667293848,
              29.372271180684866
            ],
            [
              -98.79798801537686,
              29.37229845202923
            ]
          ]
        ]
      },
      "properties": {
        "candidate_id": "Bexar:338017",
        "county": "Bexar",
        "prop_id": "338017",
        "owner": "MECHLER DONALD  ET AL",
        "verified_owner": "MECHLER DONALD  ET AL",
        "owner_verification_match": true,
        "situs": "5845  MECHLER LN N",
        "acres": 36.42,
        "land_value": 761790.0,
        "assessed_value": 761790.0,
        "improvement_value": 0.0,
        "improvement_ratio": 0.0,
        "gba": 0.0,
        "prop_use": "9",
        "legal": "CB: 5172  P-9  ABS: 1009",
        "cad_record_url": "",
        "parcel_source": "SARA / Bexar CAD",
        "parcel_snapshot": "2025-12",
        "parcel_freshness": "RECENT",
        "cad_geometry_verified": true,
        "cad_verification_source": "SARA / BCAD live service",
        "node_id": "INT-004",
        "node_name": "US 90 / SH 211",
        "node_score": 73.8,
        "node_edge_miles": 0.279,
        "dist_score": 90,
        "acre_score": 100,
        "raw_score": 100,
        "shape_score": 100,
        "compactness": 0.747,
        "aspect_ratio": 1.06,
        "road_score": 94,
        "frontage_roads": [
          "Unnamed road",
          "MECHLER RD",
          "CR01505599-KG"
        ],
        "frontage_ft_proxy": 3343.0,
        "corner_signal": "STRONG",
        "major_road_signal": true,
        "mtp_row_flag": true,
        "flood_score": 100,
        "flood_pct": 0.0,
        "floodway_pct": 0.0,
        "flood_zones": [
          "X"
        ],
        "flood_confidence": "SCREENED",
        "future_land_use_score": 55,
        "future_land_use": [
          "Country Tier / West"
        ],
        "aadt": 31896,
        "aadt_5yr_growth_pct": 46.6,
        "aadt_station_miles": 0.62,
        "nearest_retail_catalyst": "Culebra / SH 211 H-E-B",
        "retail_catalyst_miles": 10.37,
        "future_residential_lots_nearby": 9224.1,
        "recent_housing_units_180d": 0,
        "utility_confidence": "NEARBY",
        "utility_provider": "SAWS",
        "utility_distance_ft": 2004.0,
        "utility_snapshot": "2021-07-21",
        "utility_context": "SAWS feature approximately 2004 ft from parcel; capacity NOT verified",
        "assessed_value_per_acre": 20917.0,
        "land_value_per_acre": 20917.0,
        "parcel_opportunity_score": 80.6,
        "parcel_execution_score": 90.8,
        "parcel_fit_score": 100.0,
        "acquisition_complexity_score": 97.2,
        "utility_score": 65,
        "confidence_score": 84,
        "node_confidence_score": 100,
        "node_class": "EMERGING NODE",
        "node_evidence_model": "Bexar detailed growth + statewide road/traffic evidence",
        "node_component_scores": {
          "residential_growth": 83.5,
          "intersection_network": 94,
          "retail_catalyst": 28,
          "traffic": 71.9,
          "timing": 70.1
        },
        "parcel_component_scores": {
          "frontage_access": 94,
          "size_shape": 100.0,
          "utilities": 65,
          "flood": 100,
          "acquisition": 97.2
        },
        "acquisition_category": "WATCH",
        "decision_summary": "Strong enough to track closely; verify title, access and utility feasibility before elevating.",
        "main_risks": [
          "mapped sewer is nearby but not close to parcel"
        ],
        "usable_acres_proxy": 36.42,
        "eligible": true,
        "why_this_tract": "corner exposure on a major road \u00b7 within \u00bd mile of the node \u00b7 9224 weighted future residential lots \u00b7 mostly raw / low-improvement land",
        "verification_notes": "Frontage is a GIS proximity proxy, not legal access. Sewer distance is a mapped-line proxy, not a capacity commitment. Confirm current title/CAD, survey, curb access, median/turn movements, ROW, flood and provider capacity.",
        "bcad_geometry_verified": true,
        "geometry_source": "SARA / BCAD parcel service",
        "bcad_geo_id": "05172-000-0093",
        "ownership_type": "Private",
        "last_deed_date": "2022-05-16",
        "hold_years": 4.4,
        "rank": 10
      }
    },
    {
      "type": "Feature",
      "geometry": {
        "type": "Polygon",
        "coordinates": [
          [
            [
              -98.79800478759839,
              29.37909786594609
            ],
            [
              -98.79797656071968,
              29.380889593746762
            ],
            [
              -98.79797774347475,
              29.38120923672559
            ],
            [
              -98.79819530032555,
              29.38120956570095
            ],
            [
              -98.79956619471415,
              29.381211630524554
            ],
            [
              -98.79957111981425,
              29.380913852466197
            ],
            [
              -98.79965336930347,
              29.375942054117782
            ],
            [
              -98.79881053843349,
              29.37598185995044
            ],
            [
              -98.7980116353855,
              29.375975842664317
            ],
            [
              -98.79800478759839,
              29.37909786594609
            ]
          ]
        ]
      },
      "properties": {
        "candidate_id": "Bexar:338011",
        "county": "Bexar",
        "prop_id": "338011",
        "owner": "TSCHIRHART B & L PROP LTD",
        "verified_owner": "TSCHIRHART B & L PROP LTD",
        "owner_verification_match": true,
        "situs": "5725  MECHLER RD",
        "acres": 22.11,
        "land_value": 376810.0,
        "assessed_value": 376810.0,
        "improvement_value": 0.0,
        "improvement_ratio": 0.0,
        "gba": 0.0,
        "prop_use": "9",
        "legal": "CB 5172  ABS 1009  P-6   RESURVEY ACREAGE PER DEED 13003/1905",
        "cad_record_url": "",
        "parcel_source": "SARA / Bexar CAD",
        "parcel_snapshot": "2025-12",
        "parcel_freshness": "RECENT",
        "cad_geometry_verified": true,
        "cad_verification_source": "SARA / BCAD live service",
        "node_id": "INT-004",
        "node_name": "US 90 / SH 211",
        "node_score": 73.8,
        "node_edge_miles": 0.025,
        "dist_score": 100,
        "acre_score": 100,
        "raw_score": 100,
        "shape_score": 83.5,
        "compactness": 0.522,
        "aspect_ratio": 3.67,
        "road_score": 94,
        "frontage_roads": [
          "Unnamed road",
          "MECHLER RD",
          "CR01505599-KG"
        ],
        "frontage_ft_proxy": 3215.0,
        "corner_signal": "STRONG",
        "major_road_signal": true,
        "mtp_row_flag": true,
        "flood_score": 100,
        "flood_pct": 0.0,
        "floodway_pct": 0.0,
        "flood_zones": [
          "X"
        ],
        "flood_confidence": "SCREENED",
        "future_land_use_score": 55,
        "future_land_use": [
          "Country Tier / West"
        ],
        "aadt": 31896,
        "aadt_5yr_growth_pct": 46.6,
        "aadt_station_miles": 0.93,
        "nearest_retail_catalyst": "Culebra / SH 211 H-E-B",
        "retail_catalyst_miles": 10.06,
        "future_residential_lots_nearby": 9224.1,
        "recent_housing_units_180d": 0,
        "utility_confidence": "NEARBY",
        "utility_provider": "SAWS",
        "utility_distance_ft": 1749.0,
        "utility_snapshot": "2021-07-21",
        "utility_context": "SAWS feature approximately 1749 ft from parcel; capacity NOT verified",
        "assessed_value_per_acre": 17043.0,
        "land_value_per_acre": 17043.0,
        "parcel_opportunity_score": 80.0,
        "parcel_execution_score": 89.3,
        "parcel_fit_score": 93.7,
        "acquisition_complexity_score": 97.2,
        "utility_score": 65,
        "confidence_score": 84,
        "node_confidence_score": 100,
        "node_class": "EMERGING NODE",
        "node_evidence_model": "Bexar detailed growth + statewide road/traffic evidence",
        "node_component_scores": {
          "residential_growth": 83.5,
          "intersection_network": 94,
          "retail_catalyst": 28,
          "traffic": 71.9,
          "timing": 70.1
        },
        "parcel_component_scores": {
          "frontage_access": 94,
          "size_shape": 93.7,
          "utilities": 65,
          "flood": 100,
          "acquisition": 97.2
        },
        "acquisition_category": "WATCH",
        "decision_summary": "Strong enough to track closely; verify title, access and utility feasibility before elevating.",
        "main_risks": [
          "mapped sewer is nearby but not close to parcel"
        ],
        "usable_acres_proxy": 22.11,
        "eligible": true,
        "why_this_tract": "corner exposure on a major road \u00b7 within \u00bc mile of the node \u00b7 9224 weighted future residential lots \u00b7 mostly raw / low-improvement land",
        "verification_notes": "Frontage is a GIS proximity proxy, not legal access. Sewer distance is a mapped-line proxy, not a capacity commitment. Confirm current title/CAD, survey, curb access, median/turn movements, ROW, flood and provider capacity.",
        "bcad_geometry_verified": true,
        "geometry_source": "SARA / BCAD parcel service",
        "bcad_geo_id": "05172-000-0060",
        "ownership_type": "Private",
        "last_deed_date": "2007-07-17",
        "hold_years": 19.2,
        "rank": 11
      }
    },
    {
      "type": "Feature",
      "geometry": {
        "type": "Polygon",
        "coordinates": [
          [
            [
              -98.79782291729029,
              29.378707752425303
            ],
            [
              -98.797944960495,
              29.378909788289274
            ],
            [
              -98.79794110512937,
              29.379097444762014
            ],
            [
              -98.79800478759839,
              29.37909786594609
            ],
            [
              -98.7980116353855,
              29.375975842664317
            ],
            [
              -98.79795878319297,
              29.375177282508822
            ],
            [
              -98.79798801537686,
              29.37229845202923
            ],
            [
              -98.79799804227294,
              29.371003160823985
            ],
            [
              -98.79799944675322,
              29.37078145260795
            ],
            [
              -98.79788446511948,
              29.370781057531612
            ],
            [
              -98.7961926385229,
              29.370775233789786
            ],
            [
              -98.79618853665511,
              29.370825931068634
            ],
            [
              -98.79618460749083,
              29.371171402649843
            ],
            [
              -98.79619002223934,
              29.371525867367264
            ],
            [
              -98.79618636503155,
              29.371805055598077
            ],
            [
              -98.79617826518567,
              29.372104770912756
            ],
            [
              -98.7961876093192,
              29.372262805897098
            ],
            [
              -98.79618443451453,
              29.372568751040202
            ],
            [
              -98.79619137275242,
              29.372845118534215
            ],
            [
              -98.7961881343689,
              29.373128133140572
            ],
            [
              -98.79618547736652,
              29.373399041422708
            ],
            [
              -98.79617331056883,
              29.373680007664497
            ],
            [
              -98.79616160143208,
              29.373950450045637
            ],
            [
              -98.7961522946598,
              29.37422602030085
            ],
            [
              -98.79615263935068,
              29.37449800054989
            ],
            [
              -98.7961529259648,
              29.37476655282242
            ],
            [
              -98.79615083381168,
              29.375050174540092
            ],
            [
              -98.79614393805647,
              29.37532546871064
            ],
            [
              -98.79614185272777,
              29.375601501986484
            ],
            [
              -98.79614938936972,
              29.37587539071289
            ],
            [
              -98.79614499709614,
              29.376151097415125
            ],
            [
              -98.79614515195685,
              29.37643045728119
            ],
            [
              -98.7961384537471,
              29.376675282495682
            ],
            [
              -98.79612780284526,
              29.377445390269475
            ],
            [
              -98.79612038147553,
              29.378729445731764
            ],
            [
              -98.79612910628822,
              29.37908192457613
            ],
            [
              -98.79641816381101,
              29.379084560922664
            ],
            [
              -98.79641820285399,
              29.379084095390525
            ],
            [
              -98.7964465460066,
              29.378750193883985
            ],
            [
              -98.79710010864603,
              29.378792714695464
            ],
            [
              -98.79707485151648,
              29.379089966511057
            ],
            [
              -98.7970747702852,
              29.379090928249393
            ],
            [
              -98.79711424369034,
              29.37909197806645
            ],
            [
              -98.79723968638494,
              29.379092231772848
            ],
            [
              -98.7972396953093,
              29.37909136647172
            ],
            [
              -98.79724374401482,
              29.378679176022796
            ],
            [
              -98.79782405212546,
              29.37859210875143
            ],
            [
              -98.79782291729029,
              29.378707752425303
            ]
          ]
        ]
      },
      "properties": {
        "candidate_id": "Bexar:163835",
        "county": "Bexar",
        "prop_id": "163835",
        "owner": "MECHLER LAND LLC",
        "verified_owner": "MECHLER LAND LLC",
        "owner_verification_match": true,
        "situs": "15155 W US HIGHWAY 90",
        "acres": 37.09,
        "land_value": 974330.0,
        "assessed_value": 974330.0,
        "improvement_value": 0.0,
        "improvement_ratio": 0.0,
        "gba": 0.0,
        "prop_use": "9",
        "legal": "CB 4016   P-24   ABS 1003   2020-RMS PER SPLIT PER DEED 20190264761 EXE 12-17-2019. AS\\GIS\\3-10-2020.\\\\2011 SPLIT/MERGE PER DEED 14042/787 EXEC 06/17/2009.",
        "cad_record_url": "",
        "parcel_source": "SARA / Bexar CAD",
        "parcel_snapshot": "2025-12",
        "parcel_freshness": "RECENT",
        "cad_geometry_verified": true,
        "cad_verification_source": "SARA / BCAD live service",
        "node_id": "INT-004",
        "node_name": "US 90 / SH 211",
        "node_score": 73.8,
        "node_edge_miles": 0.135,
        "dist_score": 97,
        "acre_score": 100,
        "raw_score": 100,
        "shape_score": 56.8,
        "compactness": 0.357,
        "aspect_ratio": 5.04,
        "road_score": 94,
        "frontage_roads": [
          "MECHLER RD",
          "Unnamed road",
          "CR01505599-KG",
          "PIONEER MEADOW"
        ],
        "frontage_ft_proxy": 9893.0,
        "corner_signal": "STRONG",
        "major_road_signal": true,
        "mtp_row_flag": true,
        "flood_score": 100,
        "flood_pct": 0.0,
        "floodway_pct": 0.0,
        "flood_zones": [
          "X"
        ],
        "flood_confidence": "SCREENED",
        "future_land_use_score": 55,
        "future_land_use": [
          "Country Tier / West"
        ],
        "aadt": 31896,
        "aadt_5yr_growth_pct": 46.6,
        "aadt_station_miles": 0.75,
        "nearest_retail_catalyst": "Culebra / SH 211 H-E-B",
        "retail_catalyst_miles": 10.32,
        "future_residential_lots_nearby": 9224.1,
        "recent_housing_units_180d": 0,
        "utility_confidence": "NEARBY",
        "utility_provider": "SAWS",
        "utility_distance_ft": 1150.0,
        "utility_snapshot": "2021-07-21",
        "utility_context": "SAWS feature approximately 1150 ft from parcel; capacity NOT verified",
        "assessed_value_per_acre": 26269.0,
        "land_value_per_acre": 26269.0,
        "parcel_opportunity_score": 79.0,
        "parcel_execution_score": 86.7,
        "parcel_fit_score": 83.6,
        "acquisition_complexity_score": 97.2,
        "utility_score": 65,
        "confidence_score": 84,
        "node_confidence_score": 100,
        "node_class": "EMERGING NODE",
        "node_evidence_model": "Bexar detailed growth + statewide road/traffic evidence",
        "node_component_scores": {
          "residential_growth": 83.5,
          "intersection_network": 94,
          "retail_catalyst": 28,
          "traffic": 71.9,
          "timing": 70.1
        },
        "parcel_component_scores": {
          "frontage_access": 94,
          "size_shape": 83.6,
          "utilities": 65,
          "flood": 100,
          "acquisition": 97.2
        },
        "acquisition_category": "WATCH",
        "decision_summary": "Strong enough to track closely; verify title, access and utility feasibility before elevating.",
        "main_risks": [
          "mapped sewer is nearby but not close to parcel"
        ],
        "usable_acres_proxy": 37.09,
        "eligible": true,
        "why_this_tract": "corner exposure on a major road \u00b7 within \u00bc mile of the node \u00b7 9224 weighted future residential lots \u00b7 mostly raw / low-improvement land",
        "verification_notes": "Frontage is a GIS proximity proxy, not legal access. Sewer distance is a mapped-line proxy, not a capacity commitment. Confirm current title/CAD, survey, curb access, median/turn movements, ROW, flood and provider capacity.",
        "bcad_geometry_verified": true,
        "geometry_source": "SARA / BCAD parcel service",
        "bcad_geo_id": "04016-000-0245",
        "ownership_type": "Private",
        "last_deed_date": "2009-04-28",
        "hold_years": 17.4,
        "rank": 12
      }
    },
    {
      "type": "Feature",
      "geometry": {
        "type": "Polygon",
        "coordinates": [
          [
            [
              -98.28774648379036,
              29.504690565021892
            ],
            [
              -98.28774631658113,
              29.504651698671594
            ],
            [
              -98.28773963322682,
              29.504613410893917
            ],
            [
              -98.28772662306241,
              29.50457678635615
            ],
            [
              -98.28770765465721,
              29.504542862607114
            ],
            [
              -98.28768326537354,
              29.50451260068407
            ],
            [
              -98.2876541461436,
              29.50448685788718
            ],
            [
              -98.2876211218958,
              29.504466363492778
            ],
            [
              -98.28758512818514,
              29.504451698093433
            ],
            [
              -98.28754718468953,
              29.504443277150163
            ],
            [
              -98.28750836632298,
              29.50444133922269
            ],
            [
              -98.28746977278402,
              29.50444593921122
            ],
            [
              -98.28743249740194,
              29.504456946801124
            ],
            [
              -98.28739759616356,
              29.504474050154702
            ],
            [
              -98.28736605779775,
              29.504496764745316
            ],
            [
              -98.27988512999258,
              29.508334939281674
            ],
            [
              -98.28055920743289,
              29.50934795728533
            ],
            [
              -98.28125103228743,
              29.51036967589386
            ],
            [
              -98.2812139255986,
              29.51038918271467
            ],
            [
              -98.28078863936138,
              29.51061276113128
            ],
            [
              -98.28216213378037,
              29.512669851042546
            ],
            [
              -98.28649296113365,
              29.51042229629525
            ],
            [
              -98.28695790492618,
              29.510180991562333
            ],
            [
              -98.2869734860156,
              29.509964227314075
            ],
            [
              -98.28699343223526,
              29.509747821080357
            ],
            [
              -98.28703059245687,
              29.50957445865372
            ],
            [
              -98.28707318480969,
              29.50940235024451
            ],
            [
              -98.28705129937704,
              29.50938922593937
            ],
            [
              -98.28712775684936,
              29.508857821490487
            ],
            [
              -98.28737662921515,
              29.50705751437167
            ],
            [
              -98.28757078970824,
              29.505652951172
            ],
            [
              -98.28774648379036,
              29.504690565021892
            ]
          ]
        ]
      },
      "properties": {
        "candidate_id": "Bexar:310261",
        "county": "Bexar",
        "prop_id": "310261",
        "owner": "STANTON BELL REAL ESTATE LTD",
        "verified_owner": "STANTON BELL REAL ESTATE LTD",
        "owner_verification_match": true,
        "situs": "10915  LOWER SEGUIN RD",
        "acres": 92.3,
        "land_value": 4302070.0,
        "assessed_value": 4302070.0,
        "improvement_value": 0.0,
        "improvement_ratio": 0.0,
        "gba": 0.0,
        "prop_use": "99",
        "legal": "CB 5062 P-5  ABS 549  43.591 CB 5064 P-5B ABS 549  50.676",
        "cad_record_url": "",
        "parcel_source": "SARA / Bexar CAD",
        "parcel_snapshot": "2025-12",
        "parcel_freshness": "RECENT",
        "cad_geometry_verified": true,
        "cad_verification_source": "SARA / BCAD live service",
        "node_id": "INT-016",
        "node_name": "Loop 1604 / Green Rd",
        "node_score": 77.1,
        "node_edge_miles": 0.667,
        "dist_score": 78,
        "acre_score": 92,
        "raw_score": 100,
        "shape_score": 100,
        "compactness": 0.678,
        "aspect_ratio": 1.75,
        "road_score": 94,
        "frontage_roads": [
          "LOWER SEGUIN RD",
          "CS0260099-KG",
          "CITADEL PEAK",
          "TATES DR"
        ],
        "frontage_ft_proxy": 6244.0,
        "corner_signal": "STRONG",
        "major_road_signal": true,
        "mtp_row_flag": true,
        "flood_score": 100,
        "flood_pct": 0.0,
        "floodway_pct": 0.0,
        "flood_zones": [
          "X"
        ],
        "flood_confidence": "SCREENED",
        "future_land_use_score": 55,
        "future_land_use": [
          "Military / Randolph AFB"
        ],
        "aadt": 2381,
        "aadt_5yr_growth_pct": 7.3,
        "aadt_station_miles": 0.75,
        "nearest_retail_catalyst": "I-10 / Loop 1604 East H-E-B",
        "retail_catalyst_miles": 1.71,
        "future_residential_lots_nearby": 3928.8,
        "recent_housing_units_180d": 0,
        "utility_confidence": "UNKNOWN",
        "utility_provider": "SAWS",
        "utility_distance_ft": null,
        "utility_snapshot": "2021-07-21",
        "utility_context": "No mapped sewer feature returned near parcel",
        "assessed_value_per_acre": 46610.0,
        "land_value_per_acre": 46610.0,
        "parcel_opportunity_score": 78.5,
        "parcel_execution_score": 80.6,
        "parcel_fit_score": 95.0,
        "acquisition_complexity_score": 97.2,
        "utility_score": 20,
        "confidence_score": 84,
        "node_confidence_score": 94,
        "node_class": "PRIORITY NODE",
        "node_evidence_model": "Bexar detailed growth + statewide road/traffic evidence",
        "node_component_scores": {
          "residential_growth": 58.3,
          "intersection_network": 100,
          "retail_catalyst": 90,
          "traffic": 78.1,
          "timing": 55.6
        },
        "parcel_component_scores": {
          "frontage_access": 94,
          "size_shape": 95.0,
          "utilities": 20,
          "flood": 100,
          "acquisition": 97.2
        },
        "acquisition_category": "WATCH",
        "decision_summary": "Strong enough to track closely; verify title, access and utility feasibility before elevating.",
        "main_risks": [
          "not on the immediate intersection",
          "mapped sewer path is unverified"
        ],
        "usable_acres_proxy": 92.3,
        "eligible": true,
        "why_this_tract": "corner exposure on a major road \u00b7 within 1 mile of the node \u00b7 3928 weighted future residential lots \u00b7 1.7 mi from I-10 / Loop 1604 East H-E-B",
        "verification_notes": "Frontage is a GIS proximity proxy, not legal access. Sewer distance is a mapped-line proxy, not a capacity commitment. Confirm current title/CAD, survey, curb access, median/turn movements, ROW, flood and provider capacity.",
        "bcad_geometry_verified": true,
        "geometry_source": "SARA / BCAD parcel service",
        "bcad_geo_id": "05062-000-0050",
        "ownership_type": "Private",
        "last_deed_date": "2010-01-01",
        "hold_years": 16.7,
        "rank": 13
      }
    },
    {
      "type": "Feature",
      "geometry": {
        "type": "Polygon",
        "coordinates": [
          [
            [
              -98.28427900693895,
              29.505740485128563
            ],
            [
              -98.28432738450762,
              29.505813295663923
            ],
            [
              -98.28434318475934,
              29.505837075647996
            ],
            [
              -98.28436543210887,
              29.50587055832726
            ],
            [
              -98.28440356676298,
              29.505850793557585
            ],
            [
              -98.28533231845226,
              29.505369430421812
            ],
            [
              -98.28540994627518,
              29.50532919566337
            ],
            [
              -98.28541285077664,
              29.50532759877043
            ],
            [
              -98.28539069802275,
              29.50529442264971
            ],
            [
              -98.28469003791913,
              29.504245100952637
            ],
            [
              -98.28460296818918,
              29.504114705953377
            ],
            [
              -98.2845869348654,
              29.504121629256726
            ],
            [
              -98.2844238864221,
              29.504204607792758
            ],
            [
              -98.28427048448289,
              29.50428267600198
            ],
            [
              -98.28313457223231,
              29.504860863621225
            ],
            [
              -98.28315700632191,
              29.50489484287784
            ],
            [
              -98.28364854420076,
              29.505639336652084
            ],
            [
              -98.28414666938612,
              29.505762031032393
            ],
            [
              -98.28414705033423,
              29.50576183727215
            ],
            [
              -98.28425629009757,
              29.50570629612313
            ],
            [
              -98.28427900693895,
              29.505740485128563
            ]
          ]
        ]
      },
      "properties": {
        "candidate_id": "Bexar:1008643",
        "county": "Bexar",
        "prop_id": "1008643",
        "owner": "MMP PROPERTIES LLC",
        "verified_owner": "MMP PROPERTIES LLC",
        "owner_verification_match": true,
        "situs": "LOWER SEGUIN RD",
        "acres": 5.97,
        "land_value": 1344960.0,
        "assessed_value": 1344960.0,
        "improvement_value": 0.0,
        "improvement_ratio": 0.0,
        "gba": 0.0,
        "prop_use": "99",
        "legal": "CB  5064  P-6C  ABS 497          (NON-ADJ REMS P-6) RESURVEY (DEED 11383/2096)///2012-SPLIT PER DEED 15247/3 EX 12/1/11//2013-SPLIT & RESURVEY PER PLAT 9639/1-5 FILED 2/29/12",
        "cad_record_url": "",
        "parcel_source": "SARA / Bexar CAD",
        "parcel_snapshot": "2025-12",
        "parcel_freshness": "RECENT",
        "cad_geometry_verified": true,
        "cad_verification_source": "SARA / BCAD live service",
        "node_id": "INT-016",
        "node_name": "Loop 1604 / Green Rd",
        "node_score": 77.1,
        "node_edge_miles": 0.754,
        "dist_score": 66,
        "acre_score": 100,
        "raw_score": 100,
        "shape_score": 100,
        "compactness": 0.787,
        "aspect_ratio": 1.05,
        "road_score": 94,
        "frontage_roads": [
          "CS0260099-KG",
          "LOWER SEGUIN RD",
          "CITADEL PEAK",
          "CS0298393-KG"
        ],
        "frontage_ft_proxy": 2209.0,
        "corner_signal": "STRONG",
        "major_road_signal": true,
        "mtp_row_flag": true,
        "flood_score": 100,
        "flood_pct": 0.0,
        "floodway_pct": 0.0,
        "flood_zones": [
          "X"
        ],
        "flood_confidence": "SCREENED",
        "future_land_use_score": 55,
        "future_land_use": [],
        "aadt": 2381,
        "aadt_5yr_growth_pct": 7.3,
        "aadt_station_miles": 0.82,
        "nearest_retail_catalyst": "I-10 / Loop 1604 East H-E-B",
        "retail_catalyst_miles": 1.78,
        "future_residential_lots_nearby": 3928.8,
        "recent_housing_units_180d": 0,
        "utility_confidence": "UNKNOWN",
        "utility_provider": "SAWS",
        "utility_distance_ft": null,
        "utility_snapshot": "2021-07-21",
        "utility_context": "No mapped sewer feature returned near parcel",
        "assessed_value_per_acre": 225286.0,
        "land_value_per_acre": 225286.0,
        "parcel_opportunity_score": 78.4,
        "parcel_execution_score": 80.4,
        "parcel_fit_score": 100.0,
        "acquisition_complexity_score": 86.0,
        "utility_score": 20,
        "confidence_score": 84,
        "node_confidence_score": 94,
        "node_class": "PRIORITY NODE",
        "node_evidence_model": "Bexar detailed growth + statewide road/traffic evidence",
        "node_component_scores": {
          "residential_growth": 58.3,
          "intersection_network": 100,
          "retail_catalyst": 90,
          "traffic": 78.1,
          "timing": 55.6
        },
        "parcel_component_scores": {
          "frontage_access": 94,
          "size_shape": 100.0,
          "utilities": 20,
          "flood": 100,
          "acquisition": 86.0
        },
        "acquisition_category": "WATCH",
        "decision_summary": "Strong enough to track closely; verify title, access and utility feasibility before elevating.",
        "main_risks": [
          "not on the immediate intersection",
          "mapped sewer path is unverified"
        ],
        "usable_acres_proxy": 5.97,
        "eligible": true,
        "why_this_tract": "corner exposure on a major road \u00b7 within 1 mile of the node \u00b7 3928 weighted future residential lots \u00b7 1.8 mi from I-10 / Loop 1604 East H-E-B",
        "verification_notes": "Frontage is a GIS proximity proxy, not legal access. Sewer distance is a mapped-line proxy, not a capacity commitment. Confirm current title/CAD, survey, curb access, median/turn movements, ROW, flood and provider capacity.",
        "bcad_geometry_verified": true,
        "geometry_source": "SARA / BCAD parcel service",
        "bcad_geo_id": "05064-000-0067",
        "ownership_type": "Private",
        "last_deed_date": "2005-05-04",
        "hold_years": 21.4,
        "rank": 14
      }
    },
    {
      "type": "Feature",
      "geometry": {
        "type": "Polygon",
        "coordinates": [
          [
            [
              -98.27580244284886,
              29.46808565874462
            ],
            [
              -98.27575826111217,
              29.46815891451444
            ],
            [
              -98.2757190811678,
              29.468234962957084
            ],
            [
              -98.27568507870446,
              29.468313463059985
            ],
            [
              -98.27565640619427,
              29.468394062816984
            ],
            [
              -98.27563319220903,
              29.46847640080675
            ],
            [
              -98.27561554084373,
              29.468560107813456
            ],
            [
              -98.27560381255093,
              29.468646168996816
            ],
            [
              -98.27559820435037,
              29.468732844415587
            ],
            [
              -98.27559874436662,
              29.46881969940114
            ],
            [
              -98.27560542989157,
              29.468906298384333
            ],
            [
              -98.27561822739794,
              29.46899220707984
            ],
            [
              -98.27563707270754,
              29.469076994664068
            ],
            [
              -98.27566187131299,
              29.46916023593569
            ],
            [
              -98.27569249885174,
              29.469241513447972
            ],
            [
              -98.27595085036035,
              29.46986527595262
            ],
            [
              -98.2761821848887,
              29.46995836623058
            ],
            [
              -98.27753774751325,
              29.469520190442147
            ],
            [
              -98.2787589783596,
              29.467628249589897
            ],
            [
              -98.27829278779907,
              29.467391533508426
            ],
            [
              -98.27828810353886,
              29.46739619932762
            ],
            [
              -98.27821880712497,
              29.467460831860077
            ],
            [
              -98.27814578199242,
              29.46752121966716
            ],
            [
              -98.27806928774085,
              29.46757714807411
            ],
            [
              -98.2779734966046,
              29.467636786183846
            ],
            [
              -98.27787425123663,
              29.467690479785443
            ],
            [
              -98.27777192007713,
              29.467738029545853
            ],
            [
              -98.27766688302208,
              29.467779258940517
            ],
            [
              -98.27755953001285,
              29.46781401490873
            ],
            [
              -98.27745025958859,
              29.467842168421836
            ],
            [
              -98.27733947740671,
              29.467863614962244
            ],
            [
              -98.2772275947369,
              29.46787827491145
            ],
            [
              -98.27711502693428,
              29.467886093845607
            ],
            [
              -98.27700219189751,
              29.467887042737573
            ],
            [
              -98.27688950851734,
              29.467881118064657
            ],
            [
              -98.27677739512147,
              29.467868341821724
            ],
            [
              -98.2766662679216,
              29.467848761439516
            ],
            [
              -98.27655653946827,
              29.467822449608576
            ],
            [
              -98.27644861711927,
              29.467789504009406
            ],
            [
              -98.2763429015274,
              29.46775004694981
            ],
            [
              -98.27623978515304,
              29.467704224910857
            ],
            [
              -98.27613965080717,
              29.467652208003074
            ],
            [
              -98.27613169395524,
              29.467648518386504
            ],
            [
              -98.27612322692174,
              29.467646230569407
            ],
            [
              -98.27611449464627,
              29.467645410735166
            ],
            [
              -98.27610574974146,
              29.467646082600453
            ],
            [
              -98.2760972451853,
              29.467648226729132
            ],
            [
              -98.27608922700286,
              29.46765178109453
            ],
            [
              -98.27608192714904,
              29.46765664287377
            ],
            [
              -98.27607555679852,
              29.467662671422303
            ],
            [
              -98.27607280595525,
              29.467666436302906
            ],
            [
              -98.27580244284886,
              29.46808565874462
            ]
          ]
        ]
      },
      "properties": {
        "candidate_id": "Bexar:1245396",
        "county": "Bexar",
        "prop_id": "1245396",
        "owner": "I-10 INVESTMENTS LTD",
        "verified_owner": "I-10 INVESTMENTS LTD",
        "owner_verification_match": true,
        "situs": "E IH 10",
        "acres": 12.33,
        "land_value": 1229850.0,
        "assessed_value": 1229850.0,
        "improvement_value": 0.0,
        "improvement_ratio": 0.0,
        "gba": 0.0,
        "prop_use": "99",
        "legal": "NCB 18225  P-15B(10.223) & CB 5083  P-15D(2.106) ABS 828  NON ADJ REMAINS (IH 10/FM 1518 ANNEXATION) 2020-SPLIT PER DEED 20190175064||||2019-SPLIT PER PLAT 9728/20-26 FILED 03-09-2018||||2016- NEW ACCT PER DEED 17628/1804 EXE 12-29-15 FILED 12-30-15",
        "cad_record_url": "",
        "parcel_source": "SARA / Bexar CAD",
        "parcel_snapshot": "2025-12",
        "parcel_freshness": "RECENT",
        "cad_geometry_verified": true,
        "cad_verification_source": "SARA / BCAD live service",
        "node_id": "INT-009",
        "node_name": "Schuwirth Rd / Loop 1604 East",
        "node_score": 74.8,
        "node_edge_miles": 0.972,
        "dist_score": 66,
        "acre_score": 100,
        "raw_score": 100,
        "shape_score": 100,
        "compactness": 0.701,
        "aspect_ratio": 1.56,
        "road_score": 100,
        "frontage_roads": [
          "IH0010-AG",
          "IH0010-RP",
          "IH 10 E ACCESS RD",
          "NIETO DR"
        ],
        "frontage_ft_proxy": 4744.0,
        "corner_signal": "STRONG",
        "major_road_signal": true,
        "mtp_row_flag": false,
        "flood_score": 100,
        "flood_pct": 0.0,
        "floodway_pct": 0.0,
        "flood_zones": [
          "X"
        ],
        "flood_confidence": "SCREENED",
        "future_land_use_score": 55,
        "future_land_use": [
          "Urban Living / I-10 East Corridor"
        ],
        "aadt": 64268,
        "aadt_5yr_growth_pct": 0,
        "aadt_station_miles": 0.17,
        "nearest_retail_catalyst": "I-10 / Loop 1604 East H-E-B",
        "retail_catalyst_miles": 3.78,
        "future_residential_lots_nearby": 5845.3,
        "recent_housing_units_180d": 0,
        "utility_confidence": "UNKNOWN",
        "utility_provider": "SAWS",
        "utility_distance_ft": null,
        "utility_snapshot": "2021-07-21",
        "utility_context": "No mapped sewer feature returned near parcel",
        "assessed_value_per_acre": 99745.0,
        "land_value_per_acre": 99745.0,
        "parcel_opportunity_score": 78.2,
        "parcel_execution_score": 83.3,
        "parcel_fit_score": 100.0,
        "acquisition_complexity_score": 94.4,
        "utility_score": 20,
        "confidence_score": 84,
        "node_confidence_score": 94,
        "node_class": "EMERGING NODE",
        "node_evidence_model": "Bexar detailed growth + statewide road/traffic evidence",
        "node_component_scores": {
          "residential_growth": 72.6,
          "intersection_network": 88,
          "retail_catalyst": 50,
          "traffic": 89.1,
          "timing": 65.3
        },
        "parcel_component_scores": {
          "frontage_access": 100,
          "size_shape": 100.0,
          "utilities": 20,
          "flood": 100,
          "acquisition": 94.4
        },
        "acquisition_category": "WATCH",
        "decision_summary": "Strong enough to track closely; verify title, access and utility feasibility before elevating.",
        "main_risks": [
          "not on the immediate intersection",
          "mapped sewer path is unverified"
        ],
        "usable_acres_proxy": 12.33,
        "eligible": true,
        "why_this_tract": "corner exposure on a major road \u00b7 within 1 mile of the node \u00b7 5845 weighted future residential lots \u00b7 mostly raw / low-improvement land",
        "verification_notes": "Frontage is a GIS proximity proxy, not legal access. Sewer distance is a mapped-line proxy, not a capacity commitment. Confirm current title/CAD, survey, curb access, median/turn movements, ROW, flood and provider capacity.",
        "bcad_geometry_verified": true,
        "geometry_source": "SARA / BCAD parcel service",
        "bcad_geo_id": "18225-000-0151",
        "ownership_type": "Private",
        "last_deed_date": "2006-03-06",
        "hold_years": 20.6,
        "rank": 15
      }
    },
    {
      "type": "Feature",
      "geometry": {
        "type": "Polygon",
        "coordinates": [
          [
            [
              -98.28055627746815,
              29.464897452862736
            ],
            [
              -98.28046999492233,
              29.465028269235127
            ],
            [
              -98.28039144215796,
              29.465147367347903
            ],
            [
              -98.28031278546766,
              29.465266408909844
            ],
            [
              -98.28023421076158,
              29.4653854959809
            ],
            [
              -98.28023433610608,
              29.465385559817758
            ],
            [
              -98.28015563587257,
              29.46550458300306
            ],
            [
              -98.2801557817685,
              29.465504656876124
            ],
            [
              -98.28007706390659,
              29.465623668188428
            ],
            [
              -98.2800772303476,
              29.465623752999978
            ],
            [
              -98.28002834691576,
              29.465697502644794
            ],
            [
              -98.2800285256851,
              29.465697593839035
            ],
            [
              -98.27994977257872,
              29.465816589544435
            ],
            [
              -98.2799499718996,
              29.46581669077492
            ],
            [
              -98.27987119703415,
              29.465935675487366
            ],
            [
              -98.27987141690016,
              29.465935787656395
            ],
            [
              -98.27979262336883,
              29.466054761392456
            ],
            [
              -98.27979286378641,
              29.46605488359774
            ],
            [
              -98.27971404745216,
              29.46617384813984
            ],
            [
              -98.27971430842133,
              29.466173980381527
            ],
            [
              -98.27963547344018,
              29.466292931240336
            ],
            [
              -98.27963575495461,
              29.4662930744206
            ],
            [
              -98.27955689818891,
              29.46641201789552
            ],
            [
              -98.27955720025498,
              29.466412171112147
            ],
            [
              -98.27947832274835,
              29.466531105404005
            ],
            [
              -98.27947864535982,
              29.466531269559358
            ],
            [
              -98.27939974818145,
              29.46665018926008
            ],
            [
              -98.27940009134463,
              29.466650363451876
            ],
            [
              -98.27932117238157,
              29.466769275768534
            ],
            [
              -98.27932153609011,
              29.466769460899002
            ],
            [
              -98.27924259536773,
              29.46688836222251
            ],
            [
              -98.2792429796281,
              29.46688855738952
            ],
            [
              -98.27916401919579,
              29.46700744953548
            ],
            [
              -98.27916442297683,
              29.467007654733365
            ],
            [
              -98.27908544182262,
              29.467126534989386
            ],
            [
              -98.27908586614912,
              29.4671267511261
            ],
            [
              -98.2790068663414,
              29.467245618600987
            ],
            [
              -98.27900731121979,
              29.467245844774254
            ],
            [
              -98.2789282906646,
              29.46736470396827
            ],
            [
              -98.2789287571324,
              29.467364939281303
            ],
            [
              -98.27891472118763,
              29.467386218546064
            ],
            [
              -98.27885139682698,
              29.46748462848908
            ],
            [
              -98.2787589783596,
              29.467628249589897
            ],
            [
              -98.27753774751325,
              29.469520190442147
            ],
            [
              -98.27831374325909,
              29.46926692311779
            ],
            [
              -98.2788697674627,
              29.469081946987277
            ],
            [
              -98.27942816419484,
              29.468899040412982
            ],
            [
              -98.27987297224276,
              29.468756831802015
            ],
            [
              -98.2803934898268,
              29.46858818203478
            ],
            [
              -98.28102191828229,
              29.468392048055613
            ],
            [
              -98.28114817679534,
              29.46835264298345
            ],
            [
              -98.28249166146068,
              29.467906062547684
            ],
            [
              -98.28294164634318,
              29.467612277901672
            ],
            [
              -98.2834197397669,
              29.466877314066743
            ],
            [
              -98.28386452672699,
              29.466234469184702
            ],
            [
              -98.28383720480343,
              29.466220881046453
            ],
            [
              -98.2835219874652,
              29.466063306413904
            ],
            [
              -98.28350133462183,
              29.46605298242918
            ],
            [
              -98.28336701831093,
              29.465985836808677
            ],
            [
              -98.28321941244567,
              29.46591205094901
            ],
            [
              -98.28306932743617,
              29.46583702538369
            ],
            [
              -98.28293288372781,
              29.465768817618265
            ],
            [
              -98.28279643916392,
              29.46570061060938
            ],
            [
              -98.2826599968693,
              29.465632399862244
            ],
            [
              -98.28252355371285,
              29.46556419077392
            ],
            [
              -98.28238711073193,
              29.465495982447752
            ],
            [
              -98.28225066587079,
              29.46542777397033
            ],
            [
              -98.28211422325361,
              29.46535956536376
            ],
            [
              -98.2819777839178,
              29.46529135573135
            ],
            [
              -98.28184134063966,
              29.465223145936612
            ],
            [
              -98.28170489753701,
              29.465154936903936
            ],
            [
              -98.28156845565366,
              29.465086726834326
            ],
            [
              -98.28143201394586,
              29.465018517526886
            ],
            [
              -98.28129557138885,
              29.46495030807368
            ],
            [
              -98.28115913108846,
              29.464882096686804
            ],
            [
              -98.28111546725145,
              29.464860270404976
            ],
            [
              -98.28097902614742,
              29.464792060632114
            ],
            [
              -98.28084258627534,
              29.464723848017744
            ],
            [
              -98.28071337996573,
              29.46465925907894
            ],
            [
              -98.28055627746815,
              29.464897452862736
            ]
          ]
        ]
      },
      "properties": {
        "candidate_id": "Bexar:694645",
        "county": "Bexar",
        "prop_id": "694645",
        "owner": "DOGGETT FREIGHTLINER PROPERTIES III LLC",
        "verified_owner": "DOGGETT FREIGHTLINER PROPERTIES III LLC",
        "owner_verification_match": true,
        "situs": "4110  WEICHOLD RD",
        "acres": 35.45,
        "land_value": 2332195.0,
        "assessed_value": 2332290.0,
        "improvement_value": 95.0,
        "improvement_ratio": 0.0,
        "gba": 0.0,
        "prop_use": "99",
        "legal": "NCB 18225 P-3 & P-16 CB 5088 P-3 & P-16 A-828 (IH 10/FM 1518 ANNEXTN) ORD #2024-11-21-0925",
        "cad_record_url": "",
        "parcel_source": "SARA / Bexar CAD",
        "parcel_snapshot": "2025-12",
        "parcel_freshness": "RECENT",
        "cad_geometry_verified": true,
        "cad_verification_source": "SARA / BCAD live service",
        "node_id": "INT-009",
        "node_name": "Schuwirth Rd / Loop 1604 East",
        "node_score": 74.8,
        "node_edge_miles": 0.733,
        "dist_score": 78,
        "acre_score": 100,
        "raw_score": 100.0,
        "shape_score": 98.2,
        "compactness": 0.614,
        "aspect_ratio": 1.77,
        "road_score": 100,
        "frontage_roads": [
          "CS1224495-KG",
          "WEICHOLD RD",
          "IH0010-AG",
          "IH 10 E ACCESS RD"
        ],
        "frontage_ft_proxy": 4999.0,
        "corner_signal": "STRONG",
        "major_road_signal": true,
        "mtp_row_flag": false,
        "flood_score": 100,
        "flood_pct": 0.0,
        "floodway_pct": 0.0,
        "flood_zones": [
          "X"
        ],
        "flood_confidence": "SCREENED",
        "future_land_use_score": 100,
        "future_land_use": [
          "Community Commercial / I-10 East Corridor",
          "Urban Living / I-10 East Corridor"
        ],
        "aadt": 64268,
        "aadt_5yr_growth_pct": 0,
        "aadt_station_miles": 0.17,
        "nearest_retail_catalyst": "I-10 / Loop 1604 East H-E-B",
        "retail_catalyst_miles": 3.75,
        "future_residential_lots_nearby": 5845.3,
        "recent_housing_units_180d": 0,
        "utility_confidence": "UNKNOWN",
        "utility_provider": "SAWS",
        "utility_distance_ft": null,
        "utility_snapshot": "2021-07-21",
        "utility_context": "No mapped sewer feature returned near parcel",
        "assessed_value_per_acre": 65791.0,
        "land_value_per_acre": 65788.0,
        "parcel_opportunity_score": 78.1,
        "parcel_execution_score": 83.1,
        "parcel_fit_score": 99.3,
        "acquisition_complexity_score": 94.4,
        "utility_score": 20,
        "confidence_score": 84,
        "node_confidence_score": 94,
        "node_class": "EMERGING NODE",
        "node_evidence_model": "Bexar detailed growth + statewide road/traffic evidence",
        "node_component_scores": {
          "residential_growth": 72.6,
          "intersection_network": 88,
          "retail_catalyst": 50,
          "traffic": 89.1,
          "timing": 65.3
        },
        "parcel_component_scores": {
          "frontage_access": 100,
          "size_shape": 99.3,
          "utilities": 20,
          "flood": 100,
          "acquisition": 94.4
        },
        "acquisition_category": "WATCH",
        "decision_summary": "Strong enough to track closely; verify title, access and utility feasibility before elevating.",
        "main_risks": [
          "not on the immediate intersection",
          "mapped sewer path is unverified"
        ],
        "usable_acres_proxy": 35.45,
        "eligible": true,
        "why_this_tract": "corner exposure on a major road \u00b7 within 1 mile of the node \u00b7 5845 weighted future residential lots \u00b7 mostly raw / low-improvement land",
        "verification_notes": "Frontage is a GIS proximity proxy, not legal access. Sewer distance is a mapped-line proxy, not a capacity commitment. Confirm current title/CAD, survey, curb access, median/turn movements, ROW, flood and provider capacity.",
        "bcad_geometry_verified": true,
        "geometry_source": "SARA / BCAD parcel service",
        "bcad_geo_id": "18225-000-0031",
        "ownership_type": "Private",
        "last_deed_date": "2023-07-21",
        "hold_years": 3.2,
        "rank": 16
      }
    },
    {
      "type": "Feature",
      "geometry": {
        "type": "Polygon",
        "coordinates": [
          [
            [
              -98.28255749066304,
              29.46883482873705
            ],
            [
              -98.282396091035,
              29.469022489186198
            ],
            [
              -98.28227667123627,
              29.46916090571041
            ],
            [
              -98.28225602270552,
              29.469622277953263
            ],
            [
              -98.28220177966523,
              29.47083425242793
            ],
            [
              -98.28229227774543,
              29.47091992195366
            ],
            [
              -98.28243497909607,
              29.470924842439658
            ],
            [
              -98.28475139377414,
              29.470175800628184
            ],
            [
              -98.28667941535467,
              29.46955231148669
            ],
            [
              -98.2870742159723,
              29.46942495191183
            ],
            [
              -98.28726137695617,
              29.4693645741272
            ],
            [
              -98.28711897529611,
              29.46929293543263
            ],
            [
              -98.28511815469295,
              29.468286349671317
            ],
            [
              -98.28398531877806,
              29.46865183234624
            ],
            [
              -98.283882039664,
              29.468406694143987
            ],
            [
              -98.28255749066304,
              29.46883482873705
            ]
          ]
        ]
      },
      "properties": {
        "candidate_id": "Bexar:1414977",
        "county": "Bexar",
        "prop_id": "1414977",
        "owner": "C5LC AT INTERSTATE 10 LLC",
        "verified_owner": "C5LC AT INTERSTATE 10 LLC",
        "owner_verification_match": true,
        "situs": "SCENIC LAKE DR",
        "acres": 19.71,
        "land_value": 1131120.0,
        "assessed_value": 1131120.0,
        "improvement_value": 0.0,
        "improvement_ratio": 0.0,
        "gba": 0.0,
        "prop_use": "99",
        "legal": "CB 5089B (CORE5 LOGISTICS CENTER AT INTERSTATE 10), BLOCK 1 LOT 5 2024 NEW ACCT PER PLAT 20003/797-807",
        "cad_record_url": "",
        "parcel_source": "SARA / Bexar CAD",
        "parcel_snapshot": "2025-12",
        "parcel_freshness": "RECENT",
        "cad_geometry_verified": true,
        "cad_verification_source": "SARA / BCAD live service",
        "node_id": "INT-009",
        "node_name": "Schuwirth Rd / Loop 1604 East",
        "node_score": 74.8,
        "node_edge_miles": 0.863,
        "dist_score": 66,
        "acre_score": 100,
        "raw_score": 100,
        "shape_score": 98.0,
        "compactness": 0.612,
        "aspect_ratio": 2.42,
        "road_score": 100,
        "frontage_roads": [
          "CS1227889-KG",
          "SCENIC LAKE DR",
          "IH 10 E ACCESS RD",
          "IH0010-XG"
        ],
        "frontage_ft_proxy": 1328.0,
        "corner_signal": "STRONG",
        "major_road_signal": true,
        "mtp_row_flag": false,
        "flood_score": 100,
        "flood_pct": 0.0,
        "floodway_pct": 0.0,
        "flood_zones": [
          "X"
        ],
        "flood_confidence": "SCREENED",
        "future_land_use_score": 100,
        "future_land_use": [
          "Regional Commercial / I-10 East Corridor"
        ],
        "aadt": 5827,
        "aadt_5yr_growth_pct": 1139.8,
        "aadt_station_miles": 0.26,
        "nearest_retail_catalyst": "I-10 / Loop 1604 East H-E-B",
        "retail_catalyst_miles": 3.5,
        "future_residential_lots_nearby": 5845.3,
        "recent_housing_units_180d": 0,
        "utility_confidence": "UNKNOWN",
        "utility_provider": "SAWS",
        "utility_distance_ft": null,
        "utility_snapshot": "2021-07-21",
        "utility_context": "No mapped sewer feature returned near parcel",
        "assessed_value_per_acre": 57388.0,
        "land_value_per_acre": 57388.0,
        "parcel_opportunity_score": 78.1,
        "parcel_execution_score": 83.1,
        "parcel_fit_score": 99.2,
        "acquisition_complexity_score": 94.4,
        "utility_score": 20,
        "confidence_score": 84,
        "node_confidence_score": 94,
        "node_class": "EMERGING NODE",
        "node_evidence_model": "Bexar detailed growth + statewide road/traffic evidence",
        "node_component_scores": {
          "residential_growth": 72.6,
          "intersection_network": 88,
          "retail_catalyst": 50,
          "traffic": 89.1,
          "timing": 65.3
        },
        "parcel_component_scores": {
          "frontage_access": 100,
          "size_shape": 99.2,
          "utilities": 20,
          "flood": 100,
          "acquisition": 94.4
        },
        "acquisition_category": "WATCH",
        "decision_summary": "Strong enough to track closely; verify title, access and utility feasibility before elevating.",
        "main_risks": [
          "not on the immediate intersection",
          "mapped sewer path is unverified"
        ],
        "usable_acres_proxy": 19.71,
        "eligible": true,
        "why_this_tract": "corner exposure on a major road \u00b7 within 1 mile of the node \u00b7 5845 weighted future residential lots \u00b7 mostly raw / low-improvement land",
        "verification_notes": "Frontage is a GIS proximity proxy, not legal access. Sewer distance is a mapped-line proxy, not a capacity commitment. Confirm current title/CAD, survey, curb access, median/turn movements, ROW, flood and provider capacity.",
        "bcad_geometry_verified": true,
        "geometry_source": "SARA / BCAD parcel service",
        "bcad_geo_id": "05089-201-0050",
        "ownership_type": "Private",
        "rank": 17
      }
    },
    {
      "type": "Feature",
      "geometry": {
        "type": "Polygon",
        "coordinates": [
          [
            [
              -98.28088443905163,
              29.507641456619464
            ],
            [
              -98.28227715306151,
              29.506933330400802
            ],
            [
              -98.28196838873801,
              29.506467107769954
            ],
            [
              -98.28236791963035,
              29.50626388852472
            ],
            [
              -98.28267756145608,
              29.50672973869289
            ],
            [
              -98.28426915747865,
              29.505920454682258
            ],
            [
              -98.2842081109515,
              29.505905735206206
            ],
            [
              -98.28416597772545,
              29.505895338850404
            ],
            [
              -98.2827755155312,
              29.505552161039528
            ],
            [
              -98.28271514371578,
              29.505537339830667
            ],
            [
              -98.28259784871807,
              29.50550853963984
            ],
            [
              -98.28260585997043,
              29.505488149950505
            ],
            [
              -98.28260582290116,
              29.505488140728552
            ],
            [
              -98.28259346830228,
              29.505485101341748
            ],
            [
              -98.28257894305192,
              29.505481527871773
            ],
            [
              -98.28250684713048,
              29.505463789666482
            ],
            [
              -98.28220419587309,
              29.50538933019524
            ],
            [
              -98.28121617391766,
              29.505147304187453
            ],
            [
              -98.28106402436784,
              29.505109870583222
            ],
            [
              -98.27797701759017,
              29.504350323069584
            ],
            [
              -98.27799382968209,
              29.50437576952522
            ],
            [
              -98.27799974929903,
              29.50438469731469
            ],
            [
              -98.2787472364114,
              29.50551544314669
            ],
            [
              -98.27999556383324,
              29.50740375555119
            ],
            [
              -98.28053737441493,
              29.50712510384779
            ],
            [
              -98.28088443905163,
              29.507641456619464
            ]
          ]
        ]
      },
      "properties": {
        "candidate_id": "Bexar:619065",
        "county": "Bexar",
        "prop_id": "619065",
        "owner": "HARD KNOCKS COUNTERTOPS LLC",
        "verified_owner": "HARD KNOCKS COUNTERTOPS LLC",
        "owner_verification_match": true,
        "situs": "10480  WARE SEGUIN RD",
        "acres": 23.06,
        "land_value": 631590.0,
        "assessed_value": 631590.0,
        "improvement_value": 0.0,
        "improvement_ratio": 0.0,
        "gba": 0.0,
        "prop_use": "1",
        "legal": "NCB 16556  BLK    LOT  PT OF P-7 (DEANNEXED 6/19/86) 2020 PLAT 20001/887 PER CR # 46748  \\\\ 2011-RESURVEY PER DEED 14688/1829 EX 10/14/2010",
        "cad_record_url": "",
        "parcel_source": "SARA / Bexar CAD",
        "parcel_snapshot": "2025-12",
        "parcel_freshness": "RECENT",
        "cad_geometry_verified": true,
        "cad_verification_source": "SARA / BCAD live service",
        "node_id": "INT-016",
        "node_name": "Loop 1604 / Green Rd",
        "node_score": 77.1,
        "node_edge_miles": 0.862,
        "dist_score": 66,
        "acre_score": 100,
        "raw_score": 100,
        "shape_score": 69.4,
        "compactness": 0.434,
        "aspect_ratio": 2.31,
        "road_score": 94,
        "frontage_roads": [
          "CS0260099-KG",
          "LOWER SEGUIN RD"
        ],
        "frontage_ft_proxy": 2541.0,
        "corner_signal": "STRONG",
        "major_road_signal": true,
        "mtp_row_flag": true,
        "flood_score": 100,
        "flood_pct": 0.0,
        "floodway_pct": 0.0,
        "flood_zones": [
          "X"
        ],
        "flood_confidence": "SCREENED",
        "future_land_use_score": 55,
        "future_land_use": [],
        "aadt": 2381,
        "aadt_5yr_growth_pct": 7.3,
        "aadt_station_miles": 0.99,
        "nearest_retail_catalyst": "I-10 / Loop 1604 East H-E-B",
        "retail_catalyst_miles": 1.95,
        "future_residential_lots_nearby": 3928.8,
        "recent_housing_units_180d": 0,
        "utility_confidence": "UNKNOWN",
        "utility_provider": "SAWS",
        "utility_distance_ft": null,
        "utility_snapshot": "2021-07-21",
        "utility_context": "No mapped sewer feature returned near parcel",
        "assessed_value_per_acre": 27389.0,
        "land_value_per_acre": 27389.0,
        "parcel_opportunity_score": 77.8,
        "parcel_execution_score": 78.9,
        "parcel_fit_score": 88.4,
        "acquisition_complexity_score": 97.2,
        "utility_score": 20,
        "confidence_score": 84,
        "node_confidence_score": 94,
        "node_class": "PRIORITY NODE",
        "node_evidence_model": "Bexar detailed growth + statewide road/traffic evidence",
        "node_component_scores": {
          "residential_growth": 58.3,
          "intersection_network": 100,
          "retail_catalyst": 90,
          "traffic": 78.1,
          "timing": 55.6
        },
        "parcel_component_scores": {
          "frontage_access": 94,
          "size_shape": 88.4,
          "utilities": 20,
          "flood": 100,
          "acquisition": 97.2
        },
        "acquisition_category": "WATCH",
        "decision_summary": "Strong enough to track closely; verify title, access and utility feasibility before elevating.",
        "main_risks": [
          "not on the immediate intersection",
          "mapped sewer path is unverified"
        ],
        "usable_acres_proxy": 23.06,
        "eligible": true,
        "why_this_tract": "corner exposure on a major road \u00b7 within 1 mile of the node \u00b7 3928 weighted future residential lots \u00b7 2.0 mi from I-10 / Loop 1604 East H-E-B",
        "verification_notes": "Frontage is a GIS proximity proxy, not legal access. Sewer distance is a mapped-line proxy, not a capacity commitment. Confirm current title/CAD, survey, curb access, median/turn movements, ROW, flood and provider capacity.",
        "bcad_geometry_verified": true,
        "geometry_source": "SARA / BCAD parcel service",
        "bcad_geo_id": "16556-000-0074",
        "ownership_type": "Private",
        "last_deed_date": "2010-10-14",
        "hold_years": 16.0,
        "rank": 18
      }
    },
    {
      "type": "Feature",
      "geometry": {
        "type": "Polygon",
        "coordinates": [
          [
            [
              -98.22605461150462,
              29.48781189031619
            ],
            [
              -98.22543426390673,
              29.488016598991596
            ],
            [
              -98.22475762353628,
              29.488254032654414
            ],
            [
              -98.22430899378674,
              29.48840696752194
            ],
            [
              -98.22422745414144,
              29.48861082514951
            ],
            [
              -98.22486449283447,
              29.489572506820185
            ],
            [
              -98.22497800064701,
              29.48980417795043
            ],
            [
              -98.22585347436892,
              29.491125764086767
            ],
            [
              -98.2297370840833,
              29.48915033837685
            ],
            [
              -98.2287047250718,
              29.486777383862297
            ],
            [
              -98.22869032961562,
              29.486750347889913
            ],
            [
              -98.22759570041597,
              29.487124082826313
            ],
            [
              -98.22735887930969,
              29.487204938068814
            ],
            [
              -98.22660801920033,
              29.48757082359552
            ],
            [
              -98.22624999088735,
              29.487745284089808
            ],
            [
              -98.22605461150462,
              29.48781189031619
            ]
          ]
        ]
      },
      "properties": {
        "candidate_id": "Bexar:339373",
        "county": "Bexar",
        "prop_id": "339373",
        "owner": "MILLER BALOUS T & JULIE",
        "verified_owner": "MILLER BALOUS T & JULIE",
        "owner_verification_match": true,
        "situs": "13085 E IH 10",
        "acres": 34.91,
        "land_value": 2800000.0,
        "assessed_value": 2800000.0,
        "improvement_value": 0.0,
        "improvement_ratio": 0.0,
        "gba": 0.0,
        "prop_use": "99",
        "legal": "CB 5193  P-23E  ABS 5   2021-SPLIT PER DEED 20200033876 EXE 1-22-2020.  SPLIT OUT 1.242 AC TOTAL FROM PIDS 339310,339311,339312,339313,339314,339373.  UPDATE LEGAL/LAND SIZE ONLY.  NO NEW ACCOUNT CREATED, TXDoT/CoSA ROW DEED.  CR # 50212.   JLF/GIS/4-12-2021.",
        "cad_record_url": "",
        "parcel_source": "SARA / Bexar CAD",
        "parcel_snapshot": "2025-12",
        "parcel_freshness": "RECENT",
        "cad_geometry_verified": true,
        "cad_verification_source": "SARA / BCAD live service",
        "node_id": "INT-006",
        "node_name": "FM 1518 / I-10",
        "node_score": 73.2,
        "node_edge_miles": 0.066,
        "dist_score": 100,
        "acre_score": 100,
        "raw_score": 100,
        "shape_score": 100,
        "compactness": 0.761,
        "aspect_ratio": 1.42,
        "road_score": 100,
        "frontage_roads": [
          "IH 10 E ACCESS RD",
          "IH0010-XG",
          "IH0010-RP",
          "E FM 1518 N"
        ],
        "frontage_ft_proxy": 2759.0,
        "corner_signal": "STRONG",
        "major_road_signal": true,
        "mtp_row_flag": false,
        "flood_score": 100,
        "flood_pct": 0.0,
        "floodway_pct": 0.0,
        "flood_zones": [
          "X"
        ],
        "flood_confidence": "SCREENED",
        "future_land_use_score": 55,
        "future_land_use": [],
        "aadt": 10714,
        "aadt_5yr_growth_pct": 33.6,
        "aadt_station_miles": 0.16,
        "nearest_retail_catalyst": "I-10 / Loop 1604 East H-E-B",
        "retail_catalyst_miles": 5.4,
        "future_residential_lots_nearby": 4332.7,
        "recent_housing_units_180d": 0,
        "utility_confidence": "UNKNOWN",
        "utility_provider": "SAWS",
        "utility_distance_ft": null,
        "utility_snapshot": "2021-07-21",
        "utility_context": "No mapped sewer feature returned near parcel",
        "assessed_value_per_acre": 80206.0,
        "land_value_per_acre": 80206.0,
        "parcel_opportunity_score": 77.2,
        "parcel_execution_score": 83.3,
        "parcel_fit_score": 100.0,
        "acquisition_complexity_score": 94.4,
        "utility_score": 20,
        "confidence_score": 84,
        "node_confidence_score": 94,
        "node_class": "EMERGING NODE",
        "node_evidence_model": "Bexar detailed growth + statewide road/traffic evidence",
        "node_component_scores": {
          "residential_growth": 64.2,
          "intersection_network": 100,
          "retail_catalyst": 50,
          "traffic": 77.0,
          "timing": 68.2
        },
        "parcel_component_scores": {
          "frontage_access": 100,
          "size_shape": 100.0,
          "utilities": 20,
          "flood": 100,
          "acquisition": 94.4
        },
        "acquisition_category": "WATCH",
        "decision_summary": "Strong enough to track closely; verify title, access and utility feasibility before elevating.",
        "main_risks": [
          "mapped sewer path is unverified"
        ],
        "usable_acres_proxy": 34.91,
        "eligible": true,
        "why_this_tract": "corner exposure on a major road \u00b7 within \u00bc mile of the node \u00b7 4332 weighted future residential lots \u00b7 mostly raw / low-improvement land",
        "verification_notes": "Frontage is a GIS proximity proxy, not legal access. Sewer distance is a mapped-line proxy, not a capacity commitment. Confirm current title/CAD, survey, curb access, median/turn movements, ROW, flood and provider capacity.",
        "bcad_geometry_verified": true,
        "geometry_source": "SARA / BCAD parcel service",
        "bcad_geo_id": "05193-000-0235",
        "ownership_type": "Private",
        "last_deed_date": "2024-08-02",
        "hold_years": 2.2,
        "rank": 19
      }
    },
    {
      "type": "Feature",
      "geometry": {
        "type": "Polygon",
        "coordinates": [
          [
            [
              -98.2220791286031,
              29.48401554142742
            ],
            [
              -98.22294056393102,
              29.48601017265154
            ],
            [
              -98.22300702217953,
              29.486137845227375
            ],
            [
              -98.22303449496269,
              29.48612374480366
            ],
            [
              -98.22375861147538,
              29.48575230014043
            ],
            [
              -98.22390824470247,
              29.485675543234496
            ],
            [
              -98.22422332469101,
              29.485519955154388
            ],
            [
              -98.22589195645516,
              29.48469322058847
            ],
            [
              -98.2279107253408,
              29.4837020271796
            ],
            [
              -98.22864750518261,
              29.48333588516488
            ],
            [
              -98.2296876947248,
              29.48281895055973
            ],
            [
              -98.22918597504282,
              29.48207605766148
            ],
            [
              -98.228455055837,
              29.48095738978847
            ],
            [
              -98.2283688069353,
              29.480823779337328
            ],
            [
              -98.2220791286031,
              29.48401554142742
            ]
          ]
        ]
      },
      "properties": {
        "candidate_id": "Bexar:694750",
        "county": "Bexar",
        "prop_id": "694750",
        "owner": "BORGFELD ARROW LLC &",
        "verified_owner": "BORGFELD ARROW LLC &",
        "owner_verification_match": true,
        "situs": "6152 E FM 1518 N",
        "acres": 44.85,
        "land_value": 1771580.0,
        "assessed_value": 1771580.0,
        "improvement_value": 0.0,
        "improvement_ratio": 0.0,
        "gba": 0.0,
        "prop_use": "9",
        "legal": "NCB 18229 P-390 (.029AC) CB 5193 P-390 ABS 5 (44.821) FORMERLY P-28A 2009-RESURVEY PER DEEDS 13451/1531 & 1537 EX 12-31-07",
        "cad_record_url": "",
        "parcel_source": "SARA / Bexar CAD",
        "parcel_snapshot": "2025-12",
        "parcel_freshness": "RECENT",
        "cad_geometry_verified": true,
        "cad_verification_source": "SARA / BCAD live service",
        "node_id": "INT-006",
        "node_name": "FM 1518 / I-10",
        "node_score": 73.2,
        "node_edge_miles": 0.201,
        "dist_score": 97,
        "acre_score": 100,
        "raw_score": 100,
        "shape_score": 95.7,
        "compactness": 0.598,
        "aspect_ratio": 2.92,
        "road_score": 100,
        "frontage_roads": [
          "E FM 1518 N",
          "FM1518-KG"
        ],
        "frontage_ft_proxy": 1666.0,
        "corner_signal": "STRONG",
        "major_road_signal": true,
        "mtp_row_flag": true,
        "flood_score": 100,
        "flood_pct": 0.0,
        "floodway_pct": 0.0,
        "flood_zones": [
          "X"
        ],
        "flood_confidence": "SCREENED",
        "future_land_use_score": 100,
        "future_land_use": [
          "Community Commercial / I-10 East Corridor",
          "Urban Living / I-10 East Corridor",
          "Rural Living / I-10 East Corridor"
        ],
        "aadt": 11696,
        "aadt_5yr_growth_pct": 98.6,
        "aadt_station_miles": 0.23,
        "nearest_retail_catalyst": "I-10 / Loop 1604 East H-E-B",
        "retail_catalyst_miles": 5.6,
        "future_residential_lots_nearby": 4332.7,
        "recent_housing_units_180d": 0,
        "utility_confidence": "UNKNOWN",
        "utility_provider": "SAWS",
        "utility_distance_ft": null,
        "utility_snapshot": "2021-07-21",
        "utility_context": "No mapped sewer feature returned near parcel",
        "assessed_value_per_acre": 39500.0,
        "land_value_per_acre": 39500.0,
        "parcel_opportunity_score": 77.2,
        "parcel_execution_score": 83.2,
        "parcel_fit_score": 98.4,
        "acquisition_complexity_score": 97.2,
        "utility_score": 20,
        "confidence_score": 84,
        "node_confidence_score": 94,
        "node_class": "EMERGING NODE",
        "node_evidence_model": "Bexar detailed growth + statewide road/traffic evidence",
        "node_component_scores": {
          "residential_growth": 64.2,
          "intersection_network": 100,
          "retail_catalyst": 50,
          "traffic": 77.0,
          "timing": 68.2
        },
        "parcel_component_scores": {
          "frontage_access": 100,
          "size_shape": 98.4,
          "utilities": 20,
          "flood": 100,
          "acquisition": 97.2
        },
        "acquisition_category": "WATCH",
        "decision_summary": "Strong enough to track closely; verify title, access and utility feasibility before elevating.",
        "main_risks": [
          "mapped sewer path is unverified"
        ],
        "usable_acres_proxy": 44.85,
        "eligible": true,
        "why_this_tract": "corner exposure on a major road \u00b7 within \u00bc mile of the node \u00b7 4332 weighted future residential lots \u00b7 mostly raw / low-improvement land",
        "verification_notes": "Frontage is a GIS proximity proxy, not legal access. Sewer distance is a mapped-line proxy, not a capacity commitment. Confirm current title/CAD, survey, curb access, median/turn movements, ROW, flood and provider capacity.",
        "bcad_geometry_verified": true,
        "geometry_source": "SARA / BCAD parcel service",
        "bcad_geo_id": "18229-000-3900",
        "ownership_type": "Private",
        "last_deed_date": "2007-12-31",
        "hold_years": 18.8,
        "rank": 20
      }
    },
    {
      "type": "Feature",
      "geometry": {
        "type": "Polygon",
        "coordinates": [
          [
            [
              -98.23137383086159,
              29.485851593983057
            ],
            [
              -98.2301022426404,
              29.48617505024657
            ],
            [
              -98.23014262749278,
              29.48626840396654
            ],
            [
              -98.23108370306635,
              29.488426251335014
            ],
            [
              -98.23248285747377,
              29.48774183100043
            ],
            [
              -98.23175724015415,
              29.485830062873895
            ],
            [
              -98.23172157469163,
              29.485736241398502
            ],
            [
              -98.23137383086159,
              29.485851593983057
            ]
          ]
        ]
      },
      "properties": {
        "candidate_id": "Bexar:339370",
        "county": "Bexar",
        "prop_id": "339370",
        "owner": "HIME LIVING TRUST",
        "verified_owner": "HIME LIVING TRUST",
        "owner_verification_match": true,
        "situs": "12835  INTERSTATE 10 E",
        "acres": 10.02,
        "land_value": 754790.0,
        "assessed_value": 754790.0,
        "improvement_value": 0.0,
        "improvement_ratio": 0.0,
        "gba": 0.0,
        "prop_use": "99",
        "legal": "CB  5193  P-23B  ABS 5   2019-RSVY FROM 10.00 AC TO 10.016 AC PER DEED 18931/2401 EFF 02-15-2018",
        "cad_record_url": "",
        "parcel_source": "SARA / Bexar CAD",
        "parcel_snapshot": "2025-12",
        "parcel_freshness": "RECENT",
        "cad_geometry_verified": true,
        "cad_verification_source": "SARA / BCAD live service",
        "node_id": "INT-006",
        "node_name": "FM 1518 / I-10",
        "node_score": 73.2,
        "node_edge_miles": 0.456,
        "dist_score": 90,
        "acre_score": 100,
        "raw_score": 100,
        "shape_score": 100,
        "compactness": 0.738,
        "aspect_ratio": 1.63,
        "road_score": 100,
        "frontage_roads": [
          "IH 10 E ACCESS RD",
          "IH0010-XG"
        ],
        "frontage_ft_proxy": 735.0,
        "corner_signal": "STRONG",
        "major_road_signal": true,
        "mtp_row_flag": false,
        "flood_score": 100,
        "flood_pct": 0.0,
        "floodway_pct": 0.0,
        "flood_zones": [
          "X"
        ],
        "flood_confidence": "SCREENED",
        "future_land_use_score": 55,
        "future_land_use": [],
        "aadt": 10714,
        "aadt_5yr_growth_pct": 33.6,
        "aadt_station_miles": 0.44,
        "nearest_retail_catalyst": "I-10 / Loop 1604 East H-E-B",
        "retail_catalyst_miles": 5.2,
        "future_residential_lots_nearby": 4332.7,
        "recent_housing_units_180d": 0,
        "utility_confidence": "UNKNOWN",
        "utility_provider": "SAWS",
        "utility_distance_ft": null,
        "utility_snapshot": "2021-07-21",
        "utility_context": "No mapped sewer feature returned near parcel",
        "assessed_value_per_acre": 75328.0,
        "land_value_per_acre": 75328.0,
        "parcel_opportunity_score": 77.2,
        "parcel_execution_score": 83.3,
        "parcel_fit_score": 100.0,
        "acquisition_complexity_score": 94.4,
        "utility_score": 20,
        "confidence_score": 84,
        "node_confidence_score": 94,
        "node_class": "EMERGING NODE",
        "node_evidence_model": "Bexar detailed growth + statewide road/traffic evidence",
        "node_component_scores": {
          "residential_growth": 64.2,
          "intersection_network": 100,
          "retail_catalyst": 50,
          "traffic": 77.0,
          "timing": 68.2
        },
        "parcel_component_scores": {
          "frontage_access": 100,
          "size_shape": 100.0,
          "utilities": 20,
          "flood": 100,
          "acquisition": 94.4
        },
        "acquisition_category": "WATCH",
        "decision_summary": "Strong enough to track closely; verify title, access and utility feasibility before elevating.",
        "main_risks": [
          "mapped sewer path is unverified"
        ],
        "usable_acres_proxy": 10.02,
        "eligible": true,
        "why_this_tract": "corner exposure on a major road \u00b7 within \u00bd mile of the node \u00b7 4332 weighted future residential lots \u00b7 mostly raw / low-improvement land",
        "verification_notes": "Frontage is a GIS proximity proxy, not legal access. Sewer distance is a mapped-line proxy, not a capacity commitment. Confirm current title/CAD, survey, curb access, median/turn movements, ROW, flood and provider capacity.",
        "bcad_geometry_verified": true,
        "geometry_source": "SARA / BCAD parcel service",
        "bcad_geo_id": "05193-000-0232",
        "ownership_type": "Private",
        "last_deed_date": "2025-09-24",
        "hold_years": 1.0,
        "rank": 21
      }
    },
    {
      "type": "Feature",
      "geometry": {
        "type": "Polygon",
        "coordinates": [
          [
            [
              -98.0863461955196,
              29.7509208581903
            ],
            [
              -98.0899424656207,
              29.7540241978801
            ],
            [
              -98.090037306198,
              29.7541060352476
            ],
            [
              -98.0897381338702,
              29.75433814506
            ],
            [
              -98.0881769242279,
              29.7555515455
            ],
            [
              -98.0873305784852,
              29.7562088637935
            ],
            [
              -98.0872560489057,
              29.7561436684001
            ],
            [
              -98.086528555846,
              29.7554945352117
            ],
            [
              -98.0847320115388,
              29.7539097020645
            ],
            [
              -98.0846939092442,
              29.7538762973989
            ],
            [
              -98.0848548767417,
              29.7536230963243
            ],
            [
              -98.0850105874032,
              29.7533674040503
            ],
            [
              -98.0851609908551,
              29.7531093041738
            ],
            [
              -98.0853060387853,
              29.7528488812081
            ],
            [
              -98.0854456828836,
              29.752586219666
            ],
            [
              -98.0863461955196,
              29.7509208581903
            ]
          ]
        ]
      },
      "properties": {
        "candidate_id": "Comal:79236",
        "county": "Comal",
        "prop_id": "79236",
        "owner": "NOLAND & VERA KOEPP LTD PRTNRSHP LTD",
        "verified_owner": "NOLAND & VERA KOEPP LTD PRTNRSHP LTD",
        "owner_verification_match": true,
        "situs": "0 TBD",
        "acres": 539660.0,
        "land_value": 0.0,
        "assessed_value": 1440740.0,
        "improvement_value": 0.0,
        "improvement_ratio": 0.0,
        "gba": 0.0,
        "prop_use": "R",
        "legal": "A-485 SUR-  2  O RUSSELL, ACRES 53.966",
        "cad_record_url": "https://gis.bisclient.com/comalcad/index.html?find=79236",
        "parcel_source": "Comal CAD public ArcGIS parcel layer",
        "parcel_snapshot": "2024-11-22",
        "parcel_freshness": "AGING",
        "cad_geometry_verified": true,
        "cad_verification_source": "Comal CAD public ArcGIS service",
        "node_id": "INT-002",
        "node_name": "I-35 / Kohlenberg Rd (Mayfair)",
        "node_score": 62.1,
        "node_edge_miles": 0.338,
        "dist_score": 90,
        "acre_score": 66,
        "raw_score": 100,
        "shape_score": 100,
        "compactness": 0.65,
        "aspect_ratio": 2.34,
        "road_score": 90,
        "frontage_roads": [
          "CS1502176-KG",
          "FM1102-KG"
        ],
        "frontage_ft_proxy": 601.0,
        "corner_signal": "NO",
        "major_road_signal": true,
        "mtp_row_flag": false,
        "flood_score": 100,
        "flood_pct": 0.0,
        "floodway_pct": 0.0,
        "flood_zones": [
          "X"
        ],
        "flood_confidence": "SCREENED",
        "future_land_use_score": 55,
        "future_land_use": [],
        "aadt": 814,
        "aadt_5yr_growth_pct": -16.4,
        "aadt_station_miles": 0.52,
        "nearest_retail_catalyst": "Mayfair Costco",
        "retail_catalyst_miles": 1.74,
        "future_residential_lots_nearby": 0.0,
        "recent_housing_units_180d": 0,
        "utility_confidence": "PROXY",
        "utility_provider": "NBU",
        "utility_distance_ft": 100.0,
        "utility_snapshot": "2024-01-17",
        "utility_context": "NBU feature approximately 100 ft from parcel; capacity NOT verified",
        "assessed_value_per_acre": 3.0,
        "land_value_per_acre": 0.0,
        "parcel_opportunity_score": 73.8,
        "parcel_execution_score": 91.4,
        "parcel_fit_score": 78.9,
        "acquisition_complexity_score": 97.2,
        "utility_score": 100,
        "confidence_score": 72,
        "node_confidence_score": 68,
        "node_class": "WATCH NODE",
        "node_evidence_model": "Regional corridor prior + statewide road/traffic; county housing feed incomplete",
        "node_component_scores": {
          "residential_growth": 0.0,
          "intersection_network": 88,
          "retail_catalyst": 90,
          "traffic": 65.1,
          "timing": 27.8
        },
        "parcel_component_scores": {
          "frontage_access": 90,
          "size_shape": 78.9,
          "utilities": 100,
          "flood": 100,
          "acquisition": 97.2
        },
        "acquisition_category": "WATCH",
        "decision_summary": "Strong enough to track closely; verify title, access and utility feasibility before elevating.",
        "main_risks": [
          "utility capacity is unverified",
          "county parcel snapshot is aging"
        ],
        "usable_acres_proxy": 539660.0,
        "eligible": true,
        "why_this_tract": "major-road frontage \u00b7 within \u00bd mile of the node \u00b7 regional growth node; county housing feed incomplete \u00b7 1.7 mi from Mayfair Costco",
        "verification_notes": "Frontage is a GIS proximity proxy, not legal access. Sewer distance is a mapped-line proxy, not a capacity commitment. Confirm current title/CAD, survey, curb access, median/turn movements, ROW, flood and provider capacity.",
        "geometry_source": "Comal CAD public ArcGIS parcel layer",
        "rank": 22
      }
    },
    {
      "type": "Feature",
      "geometry": {
        "type": "Polygon",
        "coordinates": [
          [
            [
              -98.0839272284869,
              29.7354619812332
            ],
            [
              -98.0847438838408,
              29.7347247393387
            ],
            [
              -98.085412599297,
              29.7352945954932
            ],
            [
              -98.0854134447888,
              29.7353160604244
            ],
            [
              -98.0854251874946,
              29.7356139598527
            ],
            [
              -98.0854202903247,
              29.7356184030095
            ],
            [
              -98.0851317129962,
              29.7358802382355
            ],
            [
              -98.0847918888537,
              29.7361885829603
            ],
            [
              -98.0839272284869,
              29.7354619812332
            ]
          ]
        ]
      },
      "properties": {
        "candidate_id": "Comal:67052",
        "county": "Comal",
        "prop_id": "67052",
        "owner": "LOCK AWAY ACCESS LLC ET AL",
        "verified_owner": "LOCK AWAY ACCESS LLC ET AL",
        "owner_verification_match": true,
        "situs": "0 TBD",
        "acres": 32660.0,
        "land_value": 1751160.0,
        "assessed_value": 1751160.0,
        "improvement_value": 0.0,
        "improvement_ratio": 0.0,
        "gba": 0.0,
        "prop_use": "R",
        "legal": "USA OFFICE & INDUSTRIAL PARK, BLOCK 1, LOT 1A, ACRES 3.266",
        "cad_record_url": "https://gis.bisclient.com/comalcad/index.html?find=67052",
        "parcel_source": "Comal CAD public ArcGIS parcel layer",
        "parcel_snapshot": "2024-11-22",
        "parcel_freshness": "AGING",
        "cad_geometry_verified": true,
        "cad_verification_source": "Comal CAD public ArcGIS service",
        "node_id": "INT-002",
        "node_name": "I-35 / Kohlenberg Rd (Mayfair)",
        "node_score": 62.1,
        "node_edge_miles": 0.885,
        "dist_score": 66,
        "acre_score": 66,
        "raw_score": 100,
        "shape_score": 100,
        "compactness": 0.817,
        "aspect_ratio": 1.02,
        "road_score": 90,
        "frontage_roads": [
          "FM0306-LG",
          "FM0306-KG",
          "FM0306-RG"
        ],
        "frontage_ft_proxy": 341.0,
        "corner_signal": "NO",
        "major_road_signal": true,
        "mtp_row_flag": false,
        "flood_score": 100,
        "flood_pct": 0.0,
        "floodway_pct": 0.0,
        "flood_zones": [
          "X"
        ],
        "flood_confidence": "SCREENED",
        "future_land_use_score": 55,
        "future_land_use": [],
        "aadt": 35850,
        "aadt_5yr_growth_pct": 13.4,
        "aadt_station_miles": 0.45,
        "nearest_retail_catalyst": "Mayfair Costco",
        "retail_catalyst_miles": 1.9,
        "future_residential_lots_nearby": 0.0,
        "recent_housing_units_180d": 0,
        "utility_confidence": "PROXY",
        "utility_provider": "NBU",
        "utility_distance_ft": 0.0,
        "utility_snapshot": "2024-01-17",
        "utility_context": "NBU feature approximately 0 ft from parcel; capacity NOT verified",
        "assessed_value_per_acre": 54.0,
        "land_value_per_acre": 54.0,
        "parcel_opportunity_score": 73.8,
        "parcel_execution_score": 91.4,
        "parcel_fit_score": 78.9,
        "acquisition_complexity_score": 97.2,
        "utility_score": 100,
        "confidence_score": 72,
        "node_confidence_score": 68,
        "node_class": "WATCH NODE",
        "node_evidence_model": "Regional corridor prior + statewide road/traffic; county housing feed incomplete",
        "node_component_scores": {
          "residential_growth": 0.0,
          "intersection_network": 88,
          "retail_catalyst": 90,
          "traffic": 65.1,
          "timing": 27.8
        },
        "parcel_component_scores": {
          "frontage_access": 90,
          "size_shape": 78.9,
          "utilities": 100,
          "flood": 100,
          "acquisition": 97.2
        },
        "acquisition_category": "WATCH",
        "decision_summary": "Strong enough to track closely; verify title, access and utility feasibility before elevating.",
        "main_risks": [
          "not on the immediate intersection",
          "utility capacity is unverified",
          "county parcel snapshot is aging"
        ],
        "usable_acres_proxy": 32660.0,
        "eligible": true,
        "why_this_tract": "major-road frontage \u00b7 within 1 mile of the node \u00b7 regional growth node; county housing feed incomplete \u00b7 1.9 mi from Mayfair Costco",
        "verification_notes": "Frontage is a GIS proximity proxy, not legal access. Sewer distance is a mapped-line proxy, not a capacity commitment. Confirm current title/CAD, survey, curb access, median/turn movements, ROW, flood and provider capacity.",
        "geometry_source": "Comal CAD public ArcGIS parcel layer",
        "rank": 23
      }
    },
    {
      "type": "Feature",
      "geometry": {
        "type": "Polygon",
        "coordinates": [
          [
            [
              -98.0657175110372,
              29.7442550142671
            ],
            [
              -98.0646568669109,
              29.7433741927487
            ],
            [
              -98.0639158150783,
              29.7440083989255
            ],
            [
              -98.062532312408,
              29.7428399607863
            ],
            [
              -98.0632355184446,
              29.742226516568
            ],
            [
              -98.0637811812195,
              29.741763903238
            ],
            [
              -98.0639472292797,
              29.74162356886
            ],
            [
              -98.0643019203793,
              29.7413238030556
            ],
            [
              -98.0644313792969,
              29.7412143911624
            ],
            [
              -98.0653061194092,
              29.7404750923619
            ],
            [
              -98.0653424512636,
              29.7405058197007
            ],
            [
              -98.0675199463339,
              29.7423474036288
            ],
            [
              -98.0676050241293,
              29.7424193550678
            ],
            [
              -98.0680190613606,
              29.7427695090104
            ],
            [
              -98.0666836946253,
              29.7439379052321
            ],
            [
              -98.066026310177,
              29.7445115743442
            ],
            [
              -98.0657175110372,
              29.7442550142671
            ]
          ]
        ]
      },
      "properties": {
        "candidate_id": "Comal:79064",
        "county": "Comal",
        "prop_id": "79064",
        "owner": "NEW BRAUNFELS REALCO LLC",
        "verified_owner": "NEW BRAUNFELS REALCO LLC",
        "owner_verification_match": true,
        "situs": "4261 IH 35 N NEW BRAUNFELS TX 78130",
        "acres": 293100.0,
        "land_value": 5054170.0,
        "assessed_value": 5054170.0,
        "improvement_value": 0.0,
        "improvement_ratio": 0.0,
        "gba": 0.0,
        "prop_use": "R",
        "legal": "A-485 SUR-  2  O RUSSELL, ACRES 29.31",
        "cad_record_url": "https://gis.bisclient.com/comalcad/index.html?find=79064",
        "parcel_source": "Comal CAD public ArcGIS parcel layer",
        "parcel_snapshot": "2024-11-22",
        "parcel_freshness": "AGING",
        "cad_geometry_verified": true,
        "cad_verification_source": "Comal CAD public ArcGIS service",
        "node_id": "INT-002",
        "node_name": "I-35 / Kohlenberg Rd (Mayfair)",
        "node_score": 62.1,
        "node_edge_miles": 0.752,
        "dist_score": 66,
        "acre_score": 66,
        "raw_score": 100,
        "shape_score": 100,
        "compactness": 0.683,
        "aspect_ratio": 1.03,
        "road_score": 90,
        "frontage_roads": [
          "IH0035-XG",
          "IH0035-RP"
        ],
        "frontage_ft_proxy": 1268.0,
        "corner_signal": "NO",
        "major_road_signal": true,
        "mtp_row_flag": false,
        "flood_score": 100,
        "flood_pct": 0.0,
        "floodway_pct": 0.0,
        "flood_zones": [
          "X"
        ],
        "flood_confidence": "SCREENED",
        "future_land_use_score": 55,
        "future_land_use": [],
        "aadt": 7372,
        "aadt_5yr_growth_pct": -0.2,
        "aadt_station_miles": 0.58,
        "nearest_retail_catalyst": "Mayfair Costco",
        "retail_catalyst_miles": 0.64,
        "future_residential_lots_nearby": 0.0,
        "recent_housing_units_180d": 0,
        "utility_confidence": "PROXY",
        "utility_provider": "NBU",
        "utility_distance_ft": 0.0,
        "utility_snapshot": "2024-01-17",
        "utility_context": "NBU feature approximately 0 ft from parcel; capacity NOT verified",
        "assessed_value_per_acre": 17.0,
        "land_value_per_acre": 17.0,
        "parcel_opportunity_score": 73.8,
        "parcel_execution_score": 91.4,
        "parcel_fit_score": 78.9,
        "acquisition_complexity_score": 97.2,
        "utility_score": 100,
        "confidence_score": 72,
        "node_confidence_score": 68,
        "node_class": "WATCH NODE",
        "node_evidence_model": "Regional corridor prior + statewide road/traffic; county housing feed incomplete",
        "node_component_scores": {
          "residential_growth": 0.0,
          "intersection_network": 88,
          "retail_catalyst": 90,
          "traffic": 65.1,
          "timing": 27.8
        },
        "parcel_component_scores": {
          "frontage_access": 90,
          "size_shape": 78.9,
          "utilities": 100,
          "flood": 100,
          "acquisition": 97.2
        },
        "acquisition_category": "WATCH",
        "decision_summary": "Strong enough to track closely; verify title, access and utility feasibility before elevating.",
        "main_risks": [
          "not on the immediate intersection",
          "utility capacity is unverified",
          "county parcel snapshot is aging"
        ],
        "usable_acres_proxy": 293100.0,
        "eligible": true,
        "why_this_tract": "major-road frontage \u00b7 within 1 mile of the node \u00b7 regional growth node; county housing feed incomplete \u00b7 0.6 mi from Mayfair Costco",
        "verification_notes": "Frontage is a GIS proximity proxy, not legal access. Sewer distance is a mapped-line proxy, not a capacity commitment. Confirm current title/CAD, survey, curb access, median/turn movements, ROW, flood and provider capacity.",
        "geometry_source": "Comal CAD public ArcGIS parcel layer",
        "rank": 24
      }
    }
  ]
}