{
  "type": "FeatureCollection",
  "features": [
    {
      "type": "Feature",
      "geometry": {
        "type": "Polygon",
        "coordinates": [
          [
            [
              -98.80376304313529,
              29.516305389757978
            ],
            [
              -98.80376605359936,
              29.517483950674126
            ],
            [
              -98.80457524261811,
              29.51748441036054
            ],
            [
              -98.80456042876293,
              29.515216246331942
            ],
            [
              -98.80375985967753,
              29.51521542563439
            ],
            [
              -98.80376089434753,
              29.515889188913988
            ],
            [
              -98.80376089869007,
              29.515890151660084
            ],
            [
              -98.80376235491596,
              29.51614038671905
            ],
            [
              -98.80376283042537,
              29.51622214810603
            ],
            [
              -98.80376304313529,
              29.516305389757978
            ]
          ]
        ]
      },
      "properties": {
        "candidate_id": "Bexar:209214",
        "county": "Bexar",
        "prop_id": "209214",
        "owner": "POINTON TAMMY K",
        "situs": "15596 W FM 471",
        "acres": 4.82,
        "reported_acres": 4.82,
        "geometry_acres": 4.85,
        "acres_source": "REPORTED",
        "land_value": 205000.0,
        "assessed_value": 205000.0,
        "improvement_value": 0.0,
        "improvement_ratio": 0.0,
        "gba": 0.0,
        "prop_use": "99",
        "legal": "CB  4404  P-19 ( 2.687AC ) & P-5D ( 2.13AC)  ABS 269",
        "cad_record_url": "",
        "parcel_source": "SARA / Bexar CAD",
        "parcel_snapshot": "2025-12",
        "parcel_freshness": "RECENT",
        "node_id": "INT-001",
        "node_name": "Culebra Rd / SH 211",
        "node_score": 82.0,
        "node_edge_miles": 0.369,
        "dist_score": 90,
        "acre_score": 86,
        "raw_score": 100,
        "shape_score": 90.9,
        "compactness": 0.568,
        "aspect_ratio": 3.21,
        "road_score": 90,
        "frontage_roads": [
          "SH 211",
          "CATALINA PORT"
        ],
        "frontage_ft_proxy": 326.0,
        "corner_signal": "NO",
        "major_road_signal": true,
        "mtp_row_flag": false,
        "flood_score": 100,
        "flood_pct": 0.0,
        "floodway_pct": 0.0,
        "flood_zones": [
          "X"
        ],
        "flood_confidence": "SCREENED",
        "future_land_use_score": 55,
        "future_land_use": [],
        "aadt": 10000,
        "aadt_5yr_growth_pct": 0,
        "aadt_station_miles": 0.18,
        "aadt_route": "SH 211",
        "nearest_retail_catalyst": "Culebra / SH 211 H-E-B",
        "retail_catalyst_miles": 0.55,
        "future_residential_lots_nearby": 8132.7,
        "recent_housing_units_180d": 0,
        "utility_confidence": "PROXY",
        "utility_provider": "SAWS",
        "utility_distance_ft": 160.0,
        "utility_snapshot": "2021-07-21",
        "utility_context": "SAWS feature approximately 160 ft from parcel; capacity NOT verified",
        "assessed_value_per_acre": 42531.0,
        "land_value_per_acre": 42531.0,
        "parcel_opportunity_score": 86.6,
        "parcel_execution_score": 93.6,
        "parcel_fit_score": 87.9,
        "acquisition_complexity_score": 97.2,
        "utility_score": 100,
        "confidence_score": 45,
        "node_confidence_score": 100,
        "node_class": "PRIORITY NODE",
        "node_evidence_model": "Bexar detailed growth + statewide road/traffic evidence",
        "node_component_scores": {
          "residential_growth": 78.7,
          "intersection_network": 100,
          "retail_catalyst": 100,
          "traffic": 50.1,
          "timing": 69.4
        },
        "parcel_component_scores": {
          "frontage_access": 90,
          "size_shape": 87.9,
          "utilities": 100,
          "flood": 100,
          "acquisition": 97.2
        },
        "acquisition_category": "EARLY SPECULATION",
        "decision_summary": "Interesting node/parcel thesis, but data freshness or execution certainty is not strong enough for active pursuit.",
        "main_risks": [
          "utility capacity is unverified",
          "important diligence data is incomplete"
        ],
        "usable_acres_proxy": 4.82,
        "eligible": true,
        "why_this_tract": "major-road frontage \u00b7 within \u00bd mile of the node \u00b7 8132 weighted future residential lots \u00b7 0.6 mi from Culebra / SH 211 H-E-B \u00b7 mapped SAWS feature ~160 ft from parcel",
        "verification_notes": "Frontage is a GIS proximity proxy, not legal access. Sewer distance is a mapped-line proxy, not a capacity commitment. Confirm current title/CAD, survey, curb access, median/turn movements, ROW, flood and provider capacity."
      }
    },
    {
      "type": "Feature",
      "geometry": {
        "type": "Polygon",
        "coordinates": [
          [
            [
              -98.80254537906741,
              29.51140912004313
            ],
            [
              -98.80374832311715,
              29.511410988619666
            ],
            [
              -98.80471555636002,
              29.51141116511276
            ],
            [
              -98.80528960609134,
              29.504827704049518
            ],
            [
              -98.80251032660462,
              29.504822471590845
            ],
            [
              -98.80251406243599,
              29.504942245991906
            ],
            [
              -98.80251448182389,
              29.50502475097436
            ],
            [
              -98.80251490121248,
              29.505107255955412
            ],
            [
              -98.80251917307699,
              29.50594803539858
            ],
            [
              -98.8025202904356,
              29.506168049237182
            ],
            [
              -98.80252460295877,
              29.507016666737073
            ],
            [
              -98.8025254407378,
              29.50718167662967
            ],
            [
              -98.80252975231323,
              29.50803029485571
            ],
            [
              -98.8025308707523,
              29.508250306798317
            ],
            [
              -98.80253436383468,
              29.508937848112726
            ],
            [
              -98.8025352026767,
              29.50910285794245
            ],
            [
              -98.80254022174113,
              29.510010414309978
            ],
            [
              -98.8025429748043,
              29.51075755037425
            ],
            [
              -98.80254537906741,
              29.51140912004313
            ]
          ]
        ]
      },
      "properties": {
        "candidate_id": "Bexar:209006",
        "county": "Bexar",
        "prop_id": "209006",
        "owner": "STOLTE FARMS LTD",
        "situs": "8370  FM 471 N",
        "acres": 42.29,
        "reported_acres": 42.29,
        "geometry_acres": 43.23,
        "acres_source": "REPORTED",
        "land_value": 3846890.0,
        "assessed_value": 3846890.0,
        "improvement_value": 0.0,
        "improvement_ratio": 0.0,
        "gba": 0.0,
        "prop_use": "9",
        "legal": "CB 4403  P-1  ABS 1298",
        "cad_record_url": "",
        "parcel_source": "SARA / Bexar CAD",
        "parcel_snapshot": "2025-12",
        "parcel_freshness": "RECENT",
        "node_id": "INT-001",
        "node_name": "Culebra Rd / SH 211",
        "node_score": 82.0,
        "node_edge_miles": 0.782,
        "dist_score": 66,
        "acre_score": 100,
        "raw_score": 100,
        "shape_score": 93.3,
        "compactness": 0.583,
        "aspect_ratio": 2.71,
        "road_score": 84,
        "frontage_roads": [
          "PVT RD AT 15464 FM 471 W"
        ],
        "frontage_ft_proxy": 79.0,
        "corner_signal": "NO",
        "major_road_signal": true,
        "mtp_row_flag": false,
        "flood_score": 100,
        "flood_pct": 0.0,
        "floodway_pct": 0.0,
        "flood_zones": [
          "X"
        ],
        "flood_confidence": "SCREENED",
        "future_land_use_score": 55,
        "future_land_use": [],
        "aadt": 11644,
        "aadt_5yr_growth_pct": 38.8,
        "aadt_station_miles": 0.78,
        "aadt_route": "FM 471",
        "nearest_retail_catalyst": "Culebra / SH 211 H-E-B",
        "retail_catalyst_miles": 1.12,
        "future_residential_lots_nearby": 8132.7,
        "recent_housing_units_180d": 0,
        "utility_confidence": "PROXY",
        "utility_provider": "SAWS",
        "utility_distance_ft": 486.0,
        "utility_snapshot": "2021-07-21",
        "utility_context": "SAWS feature approximately 486 ft from parcel; capacity NOT verified",
        "assessed_value_per_acre": 90965.0,
        "land_value_per_acre": 90965.0,
        "parcel_opportunity_score": 86.1,
        "parcel_execution_score": 92.2,
        "parcel_fit_score": 97.5,
        "acquisition_complexity_score": 94.4,
        "utility_score": 92,
        "confidence_score": 45,
        "node_confidence_score": 100,
        "node_class": "PRIORITY NODE",
        "node_evidence_model": "Bexar detailed growth + statewide road/traffic evidence",
        "node_component_scores": {
          "residential_growth": 78.7,
          "intersection_network": 100,
          "retail_catalyst": 100,
          "traffic": 50.1,
          "timing": 69.4
        },
        "parcel_component_scores": {
          "frontage_access": 84,
          "size_shape": 97.5,
          "utilities": 92,
          "flood": 100,
          "acquisition": 94.4
        },
        "acquisition_category": "EARLY SPECULATION",
        "decision_summary": "Interesting node/parcel thesis, but data freshness or execution certainty is not strong enough for active pursuit.",
        "main_risks": [
          "not on the immediate intersection",
          "limited frontage proxy",
          "utility capacity is unverified",
          "important diligence data is incomplete"
        ],
        "usable_acres_proxy": 42.29,
        "eligible": true,
        "why_this_tract": "major-road frontage \u00b7 within 1 mile of the node \u00b7 8132 weighted future residential lots \u00b7 1.1 mi from Culebra / SH 211 H-E-B \u00b7 mapped SAWS feature ~486 ft from parcel",
        "verification_notes": "Frontage is a GIS proximity proxy, not legal access. Sewer distance is a mapped-line proxy, not a capacity commitment. Confirm current title/CAD, survey, curb access, median/turn movements, ROW, flood and provider capacity."
      }
    },
    {
      "type": "Feature",
      "geometry": {
        "type": "Polygon",
        "coordinates": [
          [
            [
              -98.8012513659207,
              29.521676827617554
            ],
            [
              -98.80135443653135,
              29.52252720521685
            ],
            [
              -98.80301203132794,
              29.52252052899566
            ],
            [
              -98.80300568427911,
              29.521230837069123
            ],
            [
              -98.80260313533297,
              29.521232104826936
            ],
            [
              -98.80260569074115,
              29.519905812718697
            ],
            [
              -98.80107189158952,
              29.520196002054142
            ],
            [
              -98.8012513659207,
              29.521676827617554
            ]
          ]
        ]
      },
      "properties": {
        "candidate_id": "Bexar:209143",
        "county": "Bexar",
        "prop_id": "209143",
        "owner": "CARIMAR RANCH LLC",
        "situs": "15484 W FM 471",
        "acres": 10.58,
        "reported_acres": 10.58,
        "geometry_acres": 10.58,
        "acres_source": "REPORTED",
        "land_value": 2057425.0,
        "assessed_value": 2150000.0,
        "improvement_value": 92575.0,
        "improvement_ratio": 0.043,
        "gba": 2218.0,
        "prop_use": "99",
        "legal": "CB 4404  P-4 (5.2884 AC), P-4J (4.111 AC) & P-4K (1.181 AC) ABS 269 2021-SPLIT PER DEED 20200091211||||12398/749 & 17455/418",
        "cad_record_url": "",
        "parcel_source": "SARA / Bexar CAD",
        "parcel_snapshot": "2025-12",
        "parcel_freshness": "RECENT",
        "node_id": "INT-001",
        "node_name": "Culebra Rd / SH 211",
        "node_score": 82.0,
        "node_edge_miles": 0.171,
        "dist_score": 97,
        "acre_score": 100,
        "raw_score": 86.5,
        "shape_score": 100,
        "compactness": 0.662,
        "aspect_ratio": 1.68,
        "road_score": 84,
        "frontage_roads": [
          "CULEBRA RD",
          "FM 471"
        ],
        "frontage_ft_proxy": 0.0,
        "corner_signal": "NO",
        "major_road_signal": true,
        "mtp_row_flag": true,
        "flood_score": 100,
        "flood_pct": 0.0,
        "floodway_pct": 0.0,
        "flood_zones": [
          "X"
        ],
        "flood_confidence": "SCREENED",
        "future_land_use_score": 55,
        "future_land_use": [],
        "aadt": 11644,
        "aadt_5yr_growth_pct": 38.8,
        "aadt_station_miles": 0.07,
        "aadt_route": "FM 471",
        "nearest_retail_catalyst": "Culebra / SH 211 H-E-B",
        "retail_catalyst_miles": 0.2,
        "future_residential_lots_nearby": 8132.7,
        "recent_housing_units_180d": 0,
        "utility_confidence": "PROXY",
        "utility_provider": "SAWS",
        "utility_distance_ft": 146.0,
        "utility_snapshot": "2021-07-21",
        "utility_context": "SAWS feature approximately 146 ft from parcel; capacity NOT verified",
        "assessed_value_per_acre": 203214.0,
        "land_value_per_acre": 194464.0,
        "parcel_opportunity_score": 86.1,
        "parcel_execution_score": 92.2,
        "parcel_fit_score": 100.0,
        "acquisition_complexity_score": 76.3,
        "utility_score": 100,
        "confidence_score": 45,
        "node_confidence_score": 100,
        "node_class": "PRIORITY NODE",
        "node_evidence_model": "Bexar detailed growth + statewide road/traffic evidence",
        "node_component_scores": {
          "residential_growth": 78.7,
          "intersection_network": 100,
          "retail_catalyst": 100,
          "traffic": 50.1,
          "timing": 69.4
        },
        "parcel_component_scores": {
          "frontage_access": 84,
          "size_shape": 100.0,
          "utilities": 100,
          "flood": 100,
          "acquisition": 76.3
        },
        "acquisition_category": "EARLY SPECULATION",
        "decision_summary": "Interesting node/parcel thesis, but data freshness or execution certainty is not strong enough for active pursuit.",
        "main_risks": [
          "limited frontage proxy",
          "utility capacity is unverified",
          "important diligence data is incomplete"
        ],
        "usable_acres_proxy": 10.58,
        "eligible": true,
        "why_this_tract": "major-road frontage \u00b7 within \u00bc mile of the node \u00b7 8132 weighted future residential lots \u00b7 0.2 mi from Culebra / SH 211 H-E-B \u00b7 mapped SAWS feature ~146 ft from parcel",
        "verification_notes": "Frontage is a GIS proximity proxy, not legal access. Sewer distance is a mapped-line proxy, not a capacity commitment. Confirm current title/CAD, survey, curb access, median/turn movements, ROW, flood and provider capacity."
      }
    },
    {
      "type": "Feature",
      "geometry": {
        "type": "Polygon",
        "coordinates": [
          [
            [
              -98.79623045533017,
              29.519178866993578
            ],
            [
              -98.79676596105206,
              29.519493027875953
            ],
            [
              -98.79676700383789,
              29.519493639406228
            ],
            [
              -98.79718635451911,
              29.518696198729224
            ],
            [
              -98.79612143298547,
              29.518261164259915
            ],
            [
              -98.79556307191937,
              29.519303090988583
            ],
            [
              -98.795300813754,
              29.519636030288716
            ],
            [
              -98.7951071261054,
              29.51988191783832
            ],
            [
              -98.79560374029931,
              29.520197830105268
            ],
            [
              -98.79581543957862,
              29.519697660978988
            ],
            [
              -98.79623045533017,
              29.519178866993578
            ]
          ]
        ]
      },
      "properties": {
        "candidate_id": "Bexar:1095142",
        "county": "Bexar",
        "prop_id": "1095142",
        "owner": "WHITE ROCKY & LISA J",
        "situs": "15122 W FM 471",
        "acres": 4.19,
        "reported_acres": 4.19,
        "geometry_acres": 4.05,
        "acres_source": "REPORTED",
        "land_value": 627410.0,
        "assessed_value": 764630.0,
        "improvement_value": 137220.0,
        "improvement_ratio": 0.179,
        "gba": 1120.0,
        "prop_use": "406",
        "legal": "CB 4404  BLK  LOT 66                      (AAA STORAGE FM 471) PER PLAT 9574/72",
        "cad_record_url": "",
        "parcel_source": "SARA / Bexar CAD",
        "parcel_snapshot": "2025-12",
        "parcel_freshness": "RECENT",
        "node_id": "INT-001",
        "node_name": "Culebra Rd / SH 211",
        "node_score": 82.0,
        "node_edge_miles": 0.589,
        "dist_score": 78,
        "acre_score": 86,
        "raw_score": 78.0,
        "shape_score": 73.8,
        "compactness": 0.462,
        "aspect_ratio": 1.82,
        "road_score": 100,
        "frontage_roads": [
          "PVT RD AT 15464 FM 471 W",
          "CULEBRA RD",
          "FM 471"
        ],
        "frontage_ft_proxy": 570.0,
        "corner_signal": "STRONG",
        "major_road_signal": true,
        "mtp_row_flag": true,
        "flood_score": 100,
        "flood_pct": 0.0,
        "floodway_pct": 0.0,
        "flood_zones": [
          "X"
        ],
        "flood_confidence": "SCREENED",
        "future_land_use_score": 55,
        "future_land_use": [],
        "aadt": 11644,
        "aadt_5yr_growth_pct": 38.8,
        "aadt_station_miles": 0.5,
        "aadt_route": "FM 471",
        "nearest_retail_catalyst": "Culebra / SH 211 H-E-B",
        "retail_catalyst_miles": 0.51,
        "future_residential_lots_nearby": 8132.7,
        "recent_housing_units_180d": 0,
        "utility_confidence": "PROXY",
        "utility_provider": "SAWS",
        "utility_distance_ft": 27.0,
        "utility_snapshot": "2021-07-21",
        "utility_context": "SAWS feature approximately 27 ft from parcel; capacity NOT verified",
        "assessed_value_per_acre": 182489.0,
        "land_value_per_acre": 149740.0,
        "parcel_opportunity_score": 86.0,
        "parcel_execution_score": 92.1,
        "parcel_fit_score": 81.4,
        "acquisition_complexity_score": 74.4,
        "utility_score": 100,
        "confidence_score": 45,
        "node_confidence_score": 100,
        "node_class": "PRIORITY NODE",
        "node_evidence_model": "Bexar detailed growth + statewide road/traffic evidence",
        "node_component_scores": {
          "residential_growth": 78.7,
          "intersection_network": 100,
          "retail_catalyst": 100,
          "traffic": 50.1,
          "timing": 69.4
        },
        "parcel_component_scores": {
          "frontage_access": 100,
          "size_shape": 81.4,
          "utilities": 100,
          "flood": 100,
          "acquisition": 74.4
        },
        "acquisition_category": "EARLY SPECULATION",
        "decision_summary": "Interesting node/parcel thesis, but data freshness or execution certainty is not strong enough for active pursuit.",
        "main_risks": [
          "not on the immediate intersection",
          "utility capacity is unverified",
          "important diligence data is incomplete"
        ],
        "usable_acres_proxy": 4.19,
        "eligible": true,
        "why_this_tract": "corner exposure on a major road \u00b7 within 1 mile of the node \u00b7 8132 weighted future residential lots \u00b7 0.5 mi from Culebra / SH 211 H-E-B \u00b7 mapped SAWS feature ~27 ft from parcel",
        "verification_notes": "Frontage is a GIS proximity proxy, not legal access. Sewer distance is a mapped-line proxy, not a capacity commitment. Confirm current title/CAD, survey, curb access, median/turn movements, ROW, flood and provider capacity."
      }
    },
    {
      "type": "Feature",
      "geometry": {
        "type": "Polygon",
        "coordinates": [
          [
            [
              -98.80471555636002,
              29.51141116511276
            ],
            [
              -98.80374832311715,
              29.511410988619666
            ],
            [
              -98.80374833923223,
              29.511423558408485
            ],
            [
              -98.80375047206755,
              29.513046511853627
            ],
            [
              -98.80375047271826,
              29.513046710357752
            ],
            [
              -98.80375985967753,
              29.51521542563439
            ],
            [
              -98.80456042876293,
              29.515216246331942
            ],
            [
              -98.80455762612411,
              29.514787473797995
            ],
            [
              -98.80457560191415,
              29.513583578747454
            ],
            [
              -98.80466229201285,
              29.512175963446808
            ],
            [
              -98.80472751688299,
              29.51142476922455
            ],
            [
              -98.80472869817268,
              29.511411167163534
            ],
            [
              -98.80471555636002,
              29.51141116511276
            ]
          ]
        ]
      },
      "properties": {
        "candidate_id": "Bexar:209164",
        "county": "Bexar",
        "prop_id": "209164",
        "owner": "211XCULEBRA LLC",
        "situs": "15951 W FM 471",
        "acres": 8.93,
        "reported_acres": 8.93,
        "geometry_acres": 8.67,
        "acres_source": "REPORTED",
        "land_value": 709730.0,
        "assessed_value": 709730.0,
        "improvement_value": 0.0,
        "improvement_ratio": 0.0,
        "gba": 0.0,
        "prop_use": "2",
        "legal": "CB 4404 P-6 ABS 269",
        "cad_record_url": "",
        "parcel_source": "SARA / Bexar CAD",
        "parcel_snapshot": "2025-12",
        "parcel_freshness": "RECENT",
        "node_id": "INT-001",
        "node_name": "Culebra Rd / SH 211",
        "node_score": 82.0,
        "node_edge_miles": 0.523,
        "dist_score": 78,
        "acre_score": 100,
        "raw_score": 100,
        "shape_score": 68.3,
        "compactness": 0.427,
        "aspect_ratio": 4.44,
        "road_score": 84,
        "frontage_roads": [
          "SH 211"
        ],
        "frontage_ft_proxy": 0.0,
        "corner_signal": "NO",
        "major_road_signal": true,
        "mtp_row_flag": false,
        "flood_score": 100,
        "flood_pct": 0.0,
        "floodway_pct": 0.0,
        "flood_zones": [
          "X"
        ],
        "flood_confidence": "SCREENED",
        "future_land_use_score": 55,
        "future_land_use": [],
        "aadt": 10000,
        "aadt_5yr_growth_pct": 0,
        "aadt_station_miles": 0.02,
        "aadt_route": "SH 211",
        "nearest_retail_catalyst": "Culebra / SH 211 H-E-B",
        "retail_catalyst_miles": 0.76,
        "future_residential_lots_nearby": 8132.7,
        "recent_housing_units_180d": 0,
        "utility_confidence": "PROXY",
        "utility_provider": "SAWS",
        "utility_distance_ft": 159.0,
        "utility_snapshot": "2021-07-21",
        "utility_context": "SAWS feature approximately 159 ft from parcel; capacity NOT verified",
        "assessed_value_per_acre": 79477.0,
        "land_value_per_acre": 79477.0,
        "parcel_opportunity_score": 85.8,
        "parcel_execution_score": 91.5,
        "parcel_fit_score": 88.0,
        "acquisition_complexity_score": 94.4,
        "utility_score": 100,
        "confidence_score": 45,
        "node_confidence_score": 100,
        "node_class": "PRIORITY NODE",
        "node_evidence_model": "Bexar detailed growth + statewide road/traffic evidence",
        "node_component_scores": {
          "residential_growth": 78.7,
          "intersection_network": 100,
          "retail_catalyst": 100,
          "traffic": 50.1,
          "timing": 69.4
        },
        "parcel_component_scores": {
          "frontage_access": 84,
          "size_shape": 88.0,
          "utilities": 100,
          "flood": 100,
          "acquisition": 94.4
        },
        "acquisition_category": "EARLY SPECULATION",
        "decision_summary": "Interesting node/parcel thesis, but data freshness or execution certainty is not strong enough for active pursuit.",
        "main_risks": [
          "not on the immediate intersection",
          "limited frontage proxy",
          "utility capacity is unverified",
          "important diligence data is incomplete"
        ],
        "usable_acres_proxy": 8.93,
        "eligible": true,
        "why_this_tract": "major-road frontage \u00b7 within 1 mile of the node \u00b7 8132 weighted future residential lots \u00b7 0.8 mi from Culebra / SH 211 H-E-B \u00b7 mapped SAWS feature ~159 ft from parcel",
        "verification_notes": "Frontage is a GIS proximity proxy, not legal access. Sewer distance is a mapped-line proxy, not a capacity commitment. Confirm current title/CAD, survey, curb access, median/turn movements, ROW, flood and provider capacity."
      }
    },
    {
      "type": "Feature",
      "geometry": {
        "type": "Polygon",
        "coordinates": [
          [
            [
              -98.7917855286227,
              29.51795310013987
            ],
            [
              -98.79192193850564,
              29.518009588084503
            ],
            [
              -98.79195532616167,
              29.517947343484487
            ],
            [
              -98.79193259015172,
              29.51793792793843
            ],
            [
              -98.7922459498939,
              29.51735372460775
            ],
            [
              -98.79272564423658,
              29.51757905447781
            ],
            [
              -98.79265208575823,
              29.51770683410587
            ],
            [
              -98.79316938300964,
              29.517949824275526
            ],
            [
              -98.79318942467278,
              29.517912763188328
            ],
            [
              -98.79441286132315,
              29.515630774197184
            ],
            [
              -98.79525875387625,
              29.51407373617118
            ],
            [
              -98.79526352633916,
              29.51391477494736
            ],
            [
              -98.79526467479037,
              29.51387647552453
            ],
            [
              -98.79354493401581,
              29.51438582124411
            ],
            [
              -98.79336624791111,
              29.51443874495628
            ],
            [
              -98.79355741795473,
              29.514653719581368
            ],
            [
              -98.79234935169359,
              29.516903281570823
            ],
            [
              -98.79216836075534,
              29.517240214597116
            ],
            [
              -98.7917855286227,
              29.51795310013987
            ]
          ]
        ]
      },
      "properties": {
        "candidate_id": "Bexar:1437842",
        "county": "Bexar",
        "prop_id": "1437842",
        "owner": "BEXAR MANAGEMENT AND DEVELOPMENT CORPORATION",
        "situs": "CULEBRA RD",
        "acres": 13.37,
        "reported_acres": 13.37,
        "geometry_acres": 13.32,
        "acres_source": "REPORTED",
        "land_value": 4849550.0,
        "assessed_value": 4849550.0,
        "improvement_value": 0.0,
        "improvement_ratio": 0.0,
        "gba": 0.0,
        "prop_use": "99",
        "legal": "CB 4404A (HILL VIEW HEIGHTS SUB'D), BLOCK 80 LOT 5 2025-NEW ACCT PER PLAT 20003/1978",
        "cad_record_url": "",
        "parcel_source": "SARA / Bexar CAD",
        "parcel_snapshot": "2025-12",
        "parcel_freshness": "RECENT",
        "node_id": "INT-001",
        "node_name": "Culebra Rd / SH 211",
        "node_score": 82.0,
        "node_edge_miles": 0.83,
        "dist_score": 66,
        "acre_score": 100,
        "raw_score": 100,
        "shape_score": 59.7,
        "compactness": 0.373,
        "aspect_ratio": 3.72,
        "road_score": 84,
        "frontage_roads": [
          "CULEBRA RD",
          "FM 471"
        ],
        "frontage_ft_proxy": 0.0,
        "corner_signal": "NO",
        "major_road_signal": true,
        "mtp_row_flag": false,
        "flood_score": 100,
        "flood_pct": 0.0,
        "floodway_pct": 0.0,
        "flood_zones": [
          "X"
        ],
        "flood_confidence": "SCREENED",
        "future_land_use_score": 55,
        "future_land_use": [],
        "aadt": 11644,
        "aadt_5yr_growth_pct": 38.8,
        "aadt_station_miles": 0.74,
        "aadt_route": "FM 471",
        "nearest_retail_catalyst": "Culebra / SH 211 H-E-B",
        "retail_catalyst_miles": 0.78,
        "future_residential_lots_nearby": 8132.7,
        "recent_housing_units_180d": 0,
        "utility_confidence": "PROXY",
        "utility_provider": "SAWS",
        "utility_distance_ft": 45.0,
        "utility_snapshot": "2021-07-21",
        "utility_context": "SAWS feature approximately 45 ft from parcel; capacity NOT verified",
        "assessed_value_per_acre": 362719.0,
        "land_value_per_acre": 362719.0,
        "parcel_opportunity_score": 84.8,
        "parcel_execution_score": 89.1,
        "parcel_fit_score": 84.7,
        "acquisition_complexity_score": 81.8,
        "utility_score": 100,
        "confidence_score": 45,
        "node_confidence_score": 100,
        "node_class": "PRIORITY NODE",
        "node_evidence_model": "Bexar detailed growth + statewide road/traffic evidence",
        "node_component_scores": {
          "residential_growth": 78.7,
          "intersection_network": 100,
          "retail_catalyst": 100,
          "traffic": 50.1,
          "timing": 69.4
        },
        "parcel_component_scores": {
          "frontage_access": 84,
          "size_shape": 84.7,
          "utilities": 100,
          "flood": 100,
          "acquisition": 81.8
        },
        "acquisition_category": "EARLY SPECULATION",
        "decision_summary": "Interesting node/parcel thesis, but data freshness or execution certainty is not strong enough for active pursuit.",
        "main_risks": [
          "not on the immediate intersection",
          "limited frontage proxy",
          "utility capacity is unverified",
          "important diligence data is incomplete"
        ],
        "usable_acres_proxy": 13.37,
        "eligible": true,
        "why_this_tract": "major-road frontage \u00b7 within 1 mile of the node \u00b7 8132 weighted future residential lots \u00b7 0.8 mi from Culebra / SH 211 H-E-B \u00b7 mapped SAWS feature ~45 ft from parcel",
        "verification_notes": "Frontage is a GIS proximity proxy, not legal access. Sewer distance is a mapped-line proxy, not a capacity commitment. Confirm current title/CAD, survey, curb access, median/turn movements, ROW, flood and provider capacity."
      }
    },
    {
      "type": "Feature",
      "geometry": {
        "type": "Polygon",
        "coordinates": [
          [
            [
              -98.80301203132794,
              29.52252052899566
            ],
            [
              -98.80316825299847,
              29.522520166244664
            ],
            [
              -98.80316354474184,
              29.521378197123298
            ],
            [
              -98.80378306807611,
              29.521370872502416
            ],
            [
              -98.80377610260764,
              29.5196843703635
            ],
            [
              -98.80291826166996,
              29.519847039626086
            ],
            [
              -98.80291817671464,
              29.519846692120833
            ],
            [
              -98.80291775359493,
              29.51984677180064
            ],
            [
              -98.80260569074115,
              29.519905812718697
            ],
            [
              -98.80260313533297,
              29.521232104826936
            ],
            [
              -98.80300568427911,
              29.521230837069123
            ],
            [
              -98.80301203132794,
              29.52252052899566
            ]
          ]
        ]
      },
      "properties": {
        "candidate_id": "Bexar:209152",
        "county": "Bexar",
        "prop_id": "209152",
        "owner": "CARIMAR RANCH LLC",
        "situs": "15490 W FM 471",
        "acres": 5.25,
        "reported_acres": 5.25,
        "geometry_acres": 5.25,
        "acres_source": "REPORTED",
        "land_value": 945329.0,
        "assessed_value": 1075000.0,
        "improvement_value": 129671.0,
        "improvement_ratio": 0.121,
        "gba": 1942.0,
        "prop_use": "99",
        "legal": "CB 4404  P-4F ABS 269   2021-SPLIT PER DEED 20200091211.",
        "cad_record_url": "",
        "parcel_source": "SARA / Bexar CAD",
        "parcel_snapshot": "2025-12",
        "parcel_freshness": "RECENT",
        "node_id": "INT-001",
        "node_name": "Culebra Rd / SH 211",
        "node_score": 82.0,
        "node_edge_miles": 0.155,
        "dist_score": 97,
        "acre_score": 100,
        "raw_score": 84.9,
        "shape_score": 61.5,
        "compactness": 0.384,
        "aspect_ratio": 2.75,
        "road_score": 84,
        "frontage_roads": [
          "CULEBRA RD",
          "FM 471"
        ],
        "frontage_ft_proxy": 0.0,
        "corner_signal": "NO",
        "major_road_signal": true,
        "mtp_row_flag": false,
        "flood_score": 100,
        "flood_pct": 0.0,
        "floodway_pct": 0.0,
        "flood_zones": [
          "X"
        ],
        "flood_confidence": "SCREENED",
        "future_land_use_score": 55,
        "future_land_use": [],
        "aadt": 11644,
        "aadt_5yr_growth_pct": 38.8,
        "aadt_station_miles": 0.06,
        "aadt_route": "FM 471",
        "nearest_retail_catalyst": "Culebra / SH 211 H-E-B",
        "retail_catalyst_miles": 0.25,
        "future_residential_lots_nearby": 8132.7,
        "recent_housing_units_180d": 0,
        "utility_confidence": "PROXY",
        "utility_provider": "SAWS",
        "utility_distance_ft": 180.0,
        "utility_snapshot": "2021-07-21",
        "utility_context": "SAWS feature approximately 180 ft from parcel; capacity NOT verified",
        "assessed_value_per_acre": 204762.0,
        "land_value_per_acre": 180063.0,
        "parcel_opportunity_score": 84.6,
        "parcel_execution_score": 88.4,
        "parcel_fit_score": 85.4,
        "acquisition_complexity_score": 75.1,
        "utility_score": 100,
        "confidence_score": 45,
        "node_confidence_score": 100,
        "node_class": "PRIORITY NODE",
        "node_evidence_model": "Bexar detailed growth + statewide road/traffic evidence",
        "node_component_scores": {
          "residential_growth": 78.7,
          "intersection_network": 100,
          "retail_catalyst": 100,
          "traffic": 50.1,
          "timing": 69.4
        },
        "parcel_component_scores": {
          "frontage_access": 84,
          "size_shape": 85.4,
          "utilities": 100,
          "flood": 100,
          "acquisition": 75.1
        },
        "acquisition_category": "EARLY SPECULATION",
        "decision_summary": "Interesting node/parcel thesis, but data freshness or execution certainty is not strong enough for active pursuit.",
        "main_risks": [
          "limited frontage proxy",
          "utility capacity is unverified",
          "important diligence data is incomplete"
        ],
        "usable_acres_proxy": 5.25,
        "eligible": true,
        "why_this_tract": "major-road frontage \u00b7 within \u00bc mile of the node \u00b7 8132 weighted future residential lots \u00b7 0.2 mi from Culebra / SH 211 H-E-B \u00b7 mapped SAWS feature ~180 ft from parcel",
        "verification_notes": "Frontage is a GIS proximity proxy, not legal access. Sewer distance is a mapped-line proxy, not a capacity commitment. Confirm current title/CAD, survey, curb access, median/turn movements, ROW, flood and provider capacity."
      }
    },
    {
      "type": "Feature",
      "geometry": {
        "type": "Polygon",
        "coordinates": [
          [
            [
              -98.79441286132315,
              29.515630774197184
            ],
            [
              -98.79318942467278,
              29.517912763188328
            ],
            [
              -98.7937692779232,
              29.51815264645236
            ],
            [
              -98.79358840274463,
              29.518487116442916
            ],
            [
              -98.79358340243144,
              29.51849636437546
            ],
            [
              -98.79340617093577,
              29.518824093329258
            ],
            [
              -98.7937213160734,
              29.519008121112613
            ],
            [
              -98.79386573108472,
              29.518738324781804
            ],
            [
              -98.79528682187292,
              29.51608398389481
            ],
            [
              -98.79525875387625,
              29.51407373617118
            ],
            [
              -98.79441286132315,
              29.515630774197184
            ]
          ]
        ]
      },
      "properties": {
        "candidate_id": "Bexar:1325733",
        "county": "Bexar",
        "prop_id": "1325733",
        "owner": "HABY PROPERTY HOLDINGS LLC",
        "situs": "15050  CULEBRA RD",
        "acres": 9.69,
        "reported_acres": 9.69,
        "geometry_acres": 9.73,
        "acres_source": "REPORTED",
        "land_value": 1266000.0,
        "assessed_value": 1267000.0,
        "improvement_value": 1000.0,
        "improvement_ratio": 0.001,
        "gba": 4573.0,
        "prop_use": "98",
        "legal": "CB 4404   P-7A(9.548 )  &  CB 4406 P-2A (0.1423)  ABS 269 2023-RMS PER SPLIT PER DEED 20220023664, EXE 01-27-2021",
        "cad_record_url": "",
        "parcel_source": "SARA / Bexar CAD",
        "parcel_snapshot": "2025-12",
        "parcel_freshness": "RECENT",
        "node_id": "INT-001",
        "node_name": "Culebra Rd / SH 211",
        "node_score": 82.0,
        "node_edge_miles": 0.769,
        "dist_score": 66,
        "acre_score": 100,
        "raw_score": 91.1,
        "shape_score": 47.3,
        "compactness": 0.326,
        "aspect_ratio": 5.69,
        "road_score": 84,
        "frontage_roads": [
          "CULEBRA RD",
          "FM 471"
        ],
        "frontage_ft_proxy": 160.0,
        "corner_signal": "NO",
        "major_road_signal": true,
        "mtp_row_flag": true,
        "flood_score": 100,
        "flood_pct": 0.0,
        "floodway_pct": 0.0,
        "flood_zones": [
          "X"
        ],
        "flood_confidence": "SCREENED",
        "future_land_use_score": 55,
        "future_land_use": [],
        "aadt": 11644,
        "aadt_5yr_growth_pct": 38.8,
        "aadt_station_miles": 0.68,
        "aadt_route": "FM 471",
        "nearest_retail_catalyst": "Culebra / SH 211 H-E-B",
        "retail_catalyst_miles": 0.7,
        "future_residential_lots_nearby": 8132.7,
        "recent_housing_units_180d": 0,
        "utility_confidence": "PROXY",
        "utility_provider": "SAWS",
        "utility_distance_ft": 29.0,
        "utility_snapshot": "2021-07-21",
        "utility_context": "SAWS feature approximately 29 ft from parcel; capacity NOT verified",
        "assessed_value_per_acre": 130753.0,
        "land_value_per_acre": 130650.0,
        "parcel_opportunity_score": 84.4,
        "parcel_execution_score": 88.1,
        "parcel_fit_score": 80.0,
        "acquisition_complexity_score": 83.8,
        "utility_score": 100,
        "confidence_score": 45,
        "node_confidence_score": 100,
        "node_class": "PRIORITY NODE",
        "node_evidence_model": "Bexar detailed growth + statewide road/traffic evidence",
        "node_component_scores": {
          "residential_growth": 78.7,
          "intersection_network": 100,
          "retail_catalyst": 100,
          "traffic": 50.1,
          "timing": 69.4
        },
        "parcel_component_scores": {
          "frontage_access": 84,
          "size_shape": 80.0,
          "utilities": 100,
          "flood": 100,
          "acquisition": 83.8
        },
        "acquisition_category": "EARLY SPECULATION",
        "decision_summary": "Interesting node/parcel thesis, but data freshness or execution certainty is not strong enough for active pursuit.",
        "main_risks": [
          "not on the immediate intersection",
          "limited frontage proxy",
          "utility capacity is unverified",
          "parcel geometry is less efficient",
          "important diligence data is incomplete"
        ],
        "usable_acres_proxy": 9.69,
        "eligible": true,
        "why_this_tract": "major-road frontage \u00b7 within 1 mile of the node \u00b7 8132 weighted future residential lots \u00b7 0.7 mi from Culebra / SH 211 H-E-B \u00b7 mapped SAWS feature ~29 ft from parcel",
        "verification_notes": "Frontage is a GIS proximity proxy, not legal access. Sewer distance is a mapped-line proxy, not a capacity commitment. Confirm current title/CAD, survey, curb access, median/turn movements, ROW, flood and provider capacity."
      }
    },
    {
      "type": "Feature",
      "geometry": {
        "type": "Polygon",
        "coordinates": [
          [
            [
              -98.79164762499094,
              29.423697329743565
            ],
            [
              -98.791647440146,
              29.423697505404306
            ],
            [
              -98.79160494103138,
              29.423738016562126
            ],
            [
              -98.79334255859361,
              29.42514500989975
            ],
            [
              -98.79349563265065,
              29.425263378823036
            ],
            [
              -98.79365014243736,
              29.42537986742655
            ],
            [
              -98.79369308141634,
              29.425335827404993
            ],
            [
              -98.79411513525672,
              29.424902956552064
            ],
            [
              -98.79384280889683,
              29.424462285167106
            ],
            [
              -98.79385130509584,
              29.424396035892908
            ],
            [
              -98.79336565839465,
              29.424016212042794
            ],
            [
              -98.79333931098361,
              29.423995606005896
            ],
            [
              -98.79322284802461,
              29.423904519704536
            ],
            [
              -98.79310396293285,
              29.423811539224626
            ],
            [
              -98.79298529312602,
              29.423718725896713
            ],
            [
              -98.79286999668415,
              29.423628551513357
            ],
            [
              -98.79273474249965,
              29.423522766907592
            ],
            [
              -98.79243209659163,
              29.423286062429273
            ],
            [
              -98.79237184438395,
              29.423238938072124
            ],
            [
              -98.7922381790037,
              29.423134394285725
            ],
            [
              -98.79164762499094,
              29.423697329743565
            ]
          ]
        ]
      },
      "properties": {
        "candidate_id": "Bexar:1307782",
        "county": "Bexar",
        "prop_id": "1307782",
        "owner": "DARIO PROPERTIES LTD",
        "situs": "14988  POTRANCO RD",
        "acres": 5.82,
        "reported_acres": 5.82,
        "geometry_acres": 5.95,
        "acres_source": "REPORTED",
        "land_value": 990000.0,
        "assessed_value": 990000.0,
        "improvement_value": 0.0,
        "improvement_ratio": 0.0,
        "gba": 0.0,
        "prop_use": "99",
        "legal": "CB 4372  P-3E ABS 1052 2020- NEW PER SPLIT/MERGED  PER DEED 20190085623 EXE 05-06-2019",
        "cad_record_url": "",
        "parcel_source": "SARA / Bexar CAD",
        "parcel_snapshot": "2025-12",
        "parcel_freshness": "RECENT",
        "node_id": "INT-017",
        "node_name": "Texas Research Pkwy / SH 211",
        "node_score": 75.5,
        "node_edge_miles": 0.693,
        "dist_score": 78,
        "acre_score": 100,
        "raw_score": 100,
        "shape_score": 98.2,
        "compactness": 0.614,
        "aspect_ratio": 2.85,
        "road_score": 94,
        "frontage_roads": [
          "FM 1957",
          "POTRANCO RD"
        ],
        "frontage_ft_proxy": 2784.0,
        "corner_signal": "STRONG",
        "major_road_signal": true,
        "mtp_row_flag": true,
        "flood_score": 100,
        "flood_pct": 0.0,
        "floodway_pct": 0.0,
        "flood_zones": [
          "X"
        ],
        "flood_confidence": "SCREENED",
        "future_land_use_score": 55,
        "future_land_use": [
          "Suburban Tier / West"
        ],
        "aadt": 22346,
        "aadt_5yr_growth_pct": 0,
        "aadt_station_miles": 0.4,
        "aadt_route": "FM 1957",
        "nearest_retail_catalyst": "Culebra / SH 211 H-E-B",
        "retail_catalyst_miles": 6.93,
        "future_residential_lots_nearby": 10209.0,
        "recent_housing_units_180d": 0,
        "utility_confidence": "PROXY",
        "utility_provider": "SAWS",
        "utility_distance_ft": 6.0,
        "utility_snapshot": "2021-07-21",
        "utility_context": "SAWS feature approximately 6 ft from parcel; capacity NOT verified",
        "assessed_value_per_acre": 170103.0,
        "land_value_per_acre": 170103.0,
        "parcel_opportunity_score": 84.0,
        "parcel_execution_score": 96.8,
        "parcel_fit_score": 99.3,
        "acquisition_complexity_score": 90.2,
        "utility_score": 100,
        "confidence_score": 45,
        "node_confidence_score": 100,
        "node_class": "EMERGING NODE",
        "node_evidence_model": "Bexar detailed growth + statewide road/traffic evidence",
        "node_component_scores": {
          "residential_growth": 84.3,
          "intersection_network": 100,
          "retail_catalyst": 28,
          "traffic": 71.5,
          "timing": 70.2
        },
        "parcel_component_scores": {
          "frontage_access": 94,
          "size_shape": 99.3,
          "utilities": 100,
          "flood": 100,
          "acquisition": 90.2
        },
        "acquisition_category": "EARLY SPECULATION",
        "decision_summary": "Interesting node/parcel thesis, but data freshness or execution certainty is not strong enough for active pursuit.",
        "main_risks": [
          "not on the immediate intersection",
          "utility capacity is unverified",
          "important diligence data is incomplete"
        ],
        "usable_acres_proxy": 5.82,
        "eligible": true,
        "why_this_tract": "corner exposure on a major road \u00b7 within 1 mile of the node \u00b7 10209 weighted future residential lots \u00b7 mapped SAWS feature ~6 ft from parcel \u00b7 mostly raw / low-improvement land",
        "verification_notes": "Frontage is a GIS proximity proxy, not legal access. Sewer distance is a mapped-line proxy, not a capacity commitment. Confirm current title/CAD, survey, curb access, median/turn movements, ROW, flood and provider capacity."
      }
    },
    {
      "type": "Feature",
      "geometry": {
        "type": "Polygon",
        "coordinates": [
          [
            [
              -98.78057608762656,
              29.43826427566851
            ],
            [
              -98.78193318446522,
              29.440106848091904
            ],
            [
              -98.78214998286236,
              29.440395484826738
            ],
            [
              -98.78656343067574,
              29.43817086167361
            ],
            [
              -98.78656402803115,
              29.43817061178843
            ],
            [
              -98.78660248469654,
              29.438154531967545
            ],
            [
              -98.78660184206879,
              29.43815325869762
            ],
            [
              -98.78656775304853,
              29.438085717593157
            ],
            [
              -98.78656666756582,
              29.43808574112348
            ],
            [
              -98.78637135552268,
              29.43771525392166
            ],
            [
              -98.7862929632356,
              29.43774692291127
            ],
            [
              -98.78613719827156,
              29.437196803647723
            ],
            [
              -98.78608081270531,
              29.437013594847517
            ],
            [
              -98.7860179440936,
              29.4368325083096
            ],
            [
              -98.78594867205368,
              29.43665377336327
            ],
            [
              -98.78587308431217,
              29.436477616359756
            ],
            [
              -98.78579127659393,
              29.43630426038556
            ],
            [
              -98.78577005194313,
              29.43626278548922
            ],
            [
              -98.78576993696599,
              29.43626256063197
            ],
            [
              -98.78576905665207,
              29.436262572754945
            ],
            [
              -98.7852178120079,
              29.4351981728681
            ],
            [
              -98.78531067519125,
              29.43575363773576
            ],
            [
              -98.78530277651896,
              29.4357732130897
            ],
            [
              -98.78513998119482,
              29.436176638913125
            ],
            [
              -98.78496383654799,
              29.43624950323044
            ],
            [
              -98.78492957160721,
              29.436263570885668
            ],
            [
              -98.78490374429651,
              29.436273880500053
            ],
            [
              -98.78477163088743,
              29.43632253289365
            ],
            [
              -98.78463754527318,
              29.436365452077144
            ],
            [
              -98.78450173612386,
              29.43640255845423
            ],
            [
              -98.78436445530596,
              29.43643378320883
            ],
            [
              -98.7842259574153,
              29.436459068432693
            ],
            [
              -98.78409680844463,
              29.43647717843176
            ],
            [
              -98.78396705608904,
              29.436490283961376
            ],
            [
              -98.78383689419616,
              29.436498365442123
            ],
            [
              -98.78370651722548,
              29.436501410800414
            ],
            [
              -98.78357611995781,
              29.436499415486544
            ],
            [
              -98.78344589720432,
              29.436492382481468
            ],
            [
              -98.7833048037512,
              29.436479034258973
            ],
            [
              -98.7832579554145,
              29.43647328008741
            ],
            [
              -98.7817271820794,
              29.43627403858018
            ],
            [
              -98.78162778675527,
              29.436262445810197
            ],
            [
              -98.78146872691032,
              29.436249252835648
            ],
            [
              -98.7813092507408,
              29.436242815428592
            ],
            [
              -98.78114964503875,
              29.436243145165655
            ],
            [
              -98.78099019682915,
              29.43625024145386
            ],
            [
              -98.78083119285374,
              29.436264091531683
            ],
            [
              -98.78067291905538,
              29.436284670492004
            ],
            [
              -98.78051566006386,
              29.436311941326903
            ],
            [
              -98.78035969868394,
              29.436345854994205
            ],
            [
              -98.78020531538691,
              29.43638635050567
            ],
            [
              -98.78005278780607,
              29.436433355036698
            ],
            [
              -98.77990239023755,
              29.436486784057255
            ],
            [
              -98.7798111349131,
              29.4365231651398
            ],
            [
              -98.77964089061146,
              29.43659296795289
            ],
            [
              -98.7796527223245,
              29.436613877532775
            ],
            [
              -98.77984031139746,
              29.43694538526674
            ],
            [
              -98.7798265285551,
              29.43695175899469
            ],
            [
              -98.77981394789597,
              29.436960263003588
            ],
            [
              -98.77980289586094,
              29.4369706766328
            ],
            [
              -98.77979365922641,
              29.436982729671183
            ],
            [
              -98.77978647766307,
              29.43699610936847
            ],
            [
              -98.77978153751694,
              29.43701046855047
            ],
            [
              -98.7797789669741,
              29.437025434627483
            ],
            [
              -98.7797790375479,
              29.437038845118888
            ],
            [
              -98.77978118328849,
              29.437052083021204
            ],
            [
              -98.77978535246193,
              29.437064829167806
            ],
            [
              -98.7797914445492,
              29.43707677624833
            ],
            [
              -98.77993289357627,
              29.437305189215316
            ],
            [
              -98.78008008140009,
              29.437529946985514
            ],
            [
              -98.78023291361887,
              29.437750905406137
            ],
            [
              -98.78039129221071,
              29.43796792276119
            ],
            [
              -98.78048553597259,
              29.43809039391406
            ],
            [
              -98.78058150935016,
              29.438211514435594
            ],
            [
              -98.78063452590622,
              29.438210403239115
            ],
            [
              -98.78063627937829,
              29.43821036731923
            ],
            [
              -98.78057608762656,
              29.43826427566851
            ]
          ]
        ]
      },
      "properties": {
        "candidate_id": "Bexar:1004521",
        "county": "Bexar",
        "prop_id": "1004521",
        "owner": "CUMBERLAND 211 LTD",
        "situs": "POTRANCO RD",
        "acres": 45.03,
        "reported_acres": 45.03,
        "geometry_acres": 48.41,
        "acres_source": "REPORTED",
        "land_value": 4300000.0,
        "assessed_value": 4300000.0,
        "improvement_value": 0.0,
        "improvement_ratio": 0.0,
        "gba": 0.0,
        "prop_use": "9",
        "legal": "CB 4353 P-1 (29.3421)  ABS 978. CB 4371 P-1A (0.263) ABS 1084 & CB 4379 (15.421) ABS 185 2022-RMS PER MERGED PER CR # 53542. ////2021-RMS PER SPLIT PER DEED 20200136326 EXE 06-18-2020. ///SPLIT/ MERGE PER DEED 12875/1130",
        "cad_record_url": "",
        "parcel_source": "SARA / Bexar CAD",
        "parcel_snapshot": "2025-12",
        "parcel_freshness": "RECENT",
        "node_id": "INT-017",
        "node_name": "Texas Research Pkwy / SH 211",
        "node_score": 75.5,
        "node_edge_miles": 0.663,
        "dist_score": 78,
        "acre_score": 100,
        "raw_score": 100,
        "shape_score": 96.1,
        "compactness": 0.6,
        "aspect_ratio": 1.15,
        "road_score": 100,
        "frontage_roads": [
          "SH 211",
          "STEVENS PKWY",
          "STEVENS CIR"
        ],
        "frontage_ft_proxy": 506.0,
        "corner_signal": "STRONG",
        "major_road_signal": true,
        "mtp_row_flag": true,
        "flood_score": 75,
        "flood_pct": 0.7,
        "floodway_pct": 0.0,
        "flood_zones": [
          "A",
          "AE",
          "X"
        ],
        "flood_confidence": "SCREENED",
        "future_land_use_score": 55,
        "future_land_use": [],
        "aadt": 16500,
        "aadt_5yr_growth_pct": 0,
        "aadt_station_miles": 0.71,
        "aadt_route": "SH 211",
        "nearest_retail_catalyst": "Culebra / SH 211 H-E-B",
        "retail_catalyst_miles": 6.07,
        "future_residential_lots_nearby": 10209.0,
        "recent_housing_units_180d": 0,
        "utility_confidence": "PROXY",
        "utility_provider": "SAWS",
        "utility_distance_ft": 401.0,
        "utility_snapshot": "2021-07-21",
        "utility_context": "SAWS feature approximately 401 ft from parcel; capacity NOT verified",
        "assessed_value_per_acre": 95492.0,
        "land_value_per_acre": 95492.0,
        "parcel_opportunity_score": 83.0,
        "parcel_execution_score": 94.2,
        "parcel_fit_score": 98.5,
        "acquisition_complexity_score": 94.4,
        "utility_score": 92,
        "confidence_score": 45,
        "node_confidence_score": 100,
        "node_class": "EMERGING NODE",
        "node_evidence_model": "Bexar detailed growth + statewide road/traffic evidence",
        "node_component_scores": {
          "residential_growth": 84.3,
          "intersection_network": 100,
          "retail_catalyst": 28,
          "traffic": 71.5,
          "timing": 70.2
        },
        "parcel_component_scores": {
          "frontage_access": 100,
          "size_shape": 98.5,
          "utilities": 92,
          "flood": 75,
          "acquisition": 94.4
        },
        "acquisition_category": "EARLY SPECULATION",
        "decision_summary": "Interesting node/parcel thesis, but data freshness or execution certainty is not strong enough for active pursuit.",
        "main_risks": [
          "not on the immediate intersection",
          "utility capacity is unverified",
          "0.7% mapped SFHA overlap",
          "important diligence data is incomplete"
        ],
        "usable_acres_proxy": 44.71,
        "eligible": true,
        "why_this_tract": "corner exposure on a major road \u00b7 within 1 mile of the node \u00b7 10209 weighted future residential lots \u00b7 mapped SAWS feature ~401 ft from parcel \u00b7 mostly raw / low-improvement land",
        "verification_notes": "Frontage is a GIS proximity proxy, not legal access. Sewer distance is a mapped-line proxy, not a capacity commitment. Confirm current title/CAD, survey, curb access, median/turn movements, ROW, flood and provider capacity."
      }
    },
    {
      "type": "Feature",
      "geometry": {
        "type": "Polygon",
        "coordinates": [
          [
            [
              -98.77890386719618,
              29.435194507709276
            ],
            [
              -98.77898500204273,
              29.435417657416007
            ],
            [
              -98.77907141846508,
              29.435638815406787
            ],
            [
              -98.77916306762565,
              29.43585785669583
            ],
            [
              -98.77925989772959,
              29.436074657493585
            ],
            [
              -98.7793618540541,
              29.43628909527671
            ],
            [
              -98.77947924986626,
              29.436521217379944
            ],
            [
              -98.77949261775437,
              29.43654675199638
            ],
            [
              -98.7794926221607,
              29.43654757760881
            ],
            [
              -98.77949647978326,
              29.43655408144299
            ],
            [
              -98.7795095454061,
              29.436569329911467
            ],
            [
              -98.77952500080629,
              29.436582150086824
            ],
            [
              -98.77954240107044,
              29.436592172915688
            ],
            [
              -98.77956124529854,
              29.436599109871683
            ],
            [
              -98.77958099102328,
              29.436602761261202
            ],
            [
              -98.77960106982606,
              29.43660302197199
            ],
            [
              -98.77962090369996,
              29.436599884498982
            ],
            [
              -98.77963992168885,
              29.43659343916036
            ],
            [
              -98.77964089061146,
              29.43659296795289
            ],
            [
              -98.7798111349131,
              29.4365231651398
            ],
            [
              -98.77990239023755,
              29.436486784057255
            ],
            [
              -98.78005278780607,
              29.436433355036698
            ],
            [
              -98.78020531538691,
              29.43638635050567
            ],
            [
              -98.78035969868394,
              29.436345854994205
            ],
            [
              -98.78051566006386,
              29.436311941326903
            ],
            [
              -98.78067291905538,
              29.436284670492004
            ],
            [
              -98.78083119285374,
              29.436264091531683
            ],
            [
              -98.78099019682915,
              29.43625024145386
            ],
            [
              -98.78114964503875,
              29.436243145165655
            ],
            [
              -98.7813092507408,
              29.436242815428592
            ],
            [
              -98.78146872691032,
              29.436249252835648
            ],
            [
              -98.78162778675527,
              29.436262445810197
            ],
            [
              -98.7817271820794,
              29.43627403858018
            ],
            [
              -98.7832579554145,
              29.43647328008741
            ],
            [
              -98.7833048037512,
              29.436479034258973
            ],
            [
              -98.78344589720432,
              29.436492382481468
            ],
            [
              -98.78357611995781,
              29.436499415486537
            ],
            [
              -98.78370651722548,
              29.436501410800403
            ],
            [
              -98.78383689419616,
              29.43649836544211
            ],
            [
              -98.78396705608904,
              29.436490283961362
            ],
            [
              -98.78409680844463,
              29.436477178431748
            ],
            [
              -98.7842259574153,
              29.436459068432693
            ],
            [
              -98.78422589192456,
              29.436458840947196
            ],
            [
              -98.78422584894362,
              29.43645869290048
            ],
            [
              -98.78421546230337,
              29.436429389202605
            ],
            [
              -98.78420160368954,
              29.436401558862546
            ],
            [
              -98.7839272027823,
              29.435898515822597
            ],
            [
              -98.78390267489296,
              29.43586227281822
            ],
            [
              -98.7838732657569,
              29.435829864864896
            ],
            [
              -98.78383956709993,
              29.435801944026064
            ],
            [
              -98.78380225695508,
              29.43577907208228
            ],
            [
              -98.78376208602018,
              29.43576170922793
            ],
            [
              -98.78371986255355,
              29.435750204811896
            ],
            [
              -98.78367685364974,
              29.43574079636709
            ],
            [
              -98.7837392083566,
              29.435520791865418
            ],
            [
              -98.78429255683524,
              29.435146849008405
            ],
            [
              -98.7834888663398,
              29.433673457539065
            ],
            [
              -98.78417539825493,
              29.433388187021713
            ],
            [
              -98.7842462308186,
              29.433358753775515
            ],
            [
              -98.78401202557845,
              29.432914397137484
            ],
            [
              -98.7838789725894,
              29.432844952901295
            ],
            [
              -98.78317921852496,
              29.432479726070298
            ],
            [
              -98.7825352836738,
              29.43194582447381
            ],
            [
              -98.78245329392063,
              29.43191167512687
            ],
            [
              -98.78203527147718,
              29.43208258352511
            ],
            [
              -98.78040976908994,
              29.43340235064051
            ],
            [
              -98.779691477944,
              29.433322278081704
            ],
            [
              -98.77845572831576,
              29.433665248383942
            ],
            [
              -98.77842089667324,
              29.43367491562085
            ],
            [
              -98.77846280253608,
              29.43389883475713
            ],
            [
              -98.7785099306944,
              29.434121713238877
            ],
            [
              -98.77856225539789,
              29.434343429287768
            ],
            [
              -98.77861974805693,
              29.434563861760623
            ],
            [
              -98.77868237725816,
              29.43478289021559
            ],
            [
              -98.7787501087817,
              29.435000394977962
            ],
            [
              -98.77882290561976,
              29.43521625720555
            ],
            [
              -98.77890229433883,
              29.435194938210813
            ],
            [
              -98.77890386719618,
              29.435194507709276
            ]
          ]
        ]
      },
      "properties": {
        "candidate_id": "Bexar:1260458",
        "county": "Bexar",
        "prop_id": "1260458",
        "owner": "CUMBERLAND 211 NORTH LTD",
        "situs": "STEVENS PKWY",
        "acres": 48.72,
        "reported_acres": 48.72,
        "geometry_acres": 48.79,
        "acres_source": "REPORTED",
        "land_value": 4500000.0,
        "assessed_value": 4500000.0,
        "improvement_value": 0.0,
        "improvement_ratio": 0.0,
        "gba": 0.0,
        "prop_use": "9",
        "legal": "CB 4353 P-6 (24.469), CB 4370 P-9 (13.6040), CB 4371 P-4 (5.1910), CB 4379 P-4 (2.8560) & CB 4378 P-4 (2.6020) 2017 NEW ACCT PER DEED 17880/1505 EXEC 05/27/2016.",
        "cad_record_url": "",
        "parcel_source": "SARA / Bexar CAD",
        "parcel_snapshot": "2025-12",
        "parcel_freshness": "RECENT",
        "node_id": "INT-017",
        "node_name": "Texas Research Pkwy / SH 211",
        "node_score": 75.5,
        "node_edge_miles": 0.766,
        "dist_score": 66,
        "acre_score": 100,
        "raw_score": 100,
        "shape_score": 100,
        "compactness": 0.638,
        "aspect_ratio": 1.11,
        "road_score": 90,
        "frontage_roads": [
          "SH 211",
          "STEVENS PKWY"
        ],
        "frontage_ft_proxy": 3050.0,
        "corner_signal": "NO",
        "major_road_signal": true,
        "mtp_row_flag": true,
        "flood_score": 75,
        "flood_pct": 7.1,
        "floodway_pct": 0.0,
        "flood_zones": [
          "A",
          "AE",
          "X"
        ],
        "flood_confidence": "SCREENED",
        "future_land_use_score": 55,
        "future_land_use": [],
        "aadt": 16500,
        "aadt_5yr_growth_pct": 0,
        "aadt_station_miles": 0.46,
        "aadt_route": "SH 211",
        "nearest_retail_catalyst": "Culebra / SH 211 H-E-B",
        "retail_catalyst_miles": 6.32,
        "future_residential_lots_nearby": 10209.0,
        "recent_housing_units_180d": 0,
        "utility_confidence": "PROXY",
        "utility_provider": "SAWS",
        "utility_distance_ft": 0.0,
        "utility_snapshot": "2021-07-21",
        "utility_context": "SAWS feature approximately 0 ft from parcel; capacity NOT verified",
        "assessed_value_per_acre": 92365.0,
        "land_value_per_acre": 92365.0,
        "parcel_opportunity_score": 82.6,
        "parcel_execution_score": 93.2,
        "parcel_fit_score": 100.0,
        "acquisition_complexity_score": 94.4,
        "utility_score": 100,
        "confidence_score": 45,
        "node_confidence_score": 100,
        "node_class": "EMERGING NODE",
        "node_evidence_model": "Bexar detailed growth + statewide road/traffic evidence",
        "node_component_scores": {
          "residential_growth": 84.3,
          "intersection_network": 100,
          "retail_catalyst": 28,
          "traffic": 71.5,
          "timing": 70.2
        },
        "parcel_component_scores": {
          "frontage_access": 90,
          "size_shape": 100.0,
          "utilities": 100,
          "flood": 75,
          "acquisition": 94.4
        },
        "acquisition_category": "EARLY SPECULATION",
        "decision_summary": "Interesting node/parcel thesis, but data freshness or execution certainty is not strong enough for active pursuit.",
        "main_risks": [
          "not on the immediate intersection",
          "utility capacity is unverified",
          "7.1% mapped SFHA overlap",
          "important diligence data is incomplete"
        ],
        "usable_acres_proxy": 45.26,
        "eligible": true,
        "why_this_tract": "major-road frontage \u00b7 within 1 mile of the node \u00b7 10209 weighted future residential lots \u00b7 mapped SAWS feature ~0 ft from parcel \u00b7 mostly raw / low-improvement land",
        "verification_notes": "Frontage is a GIS proximity proxy, not legal access. Sewer distance is a mapped-line proxy, not a capacity commitment. Confirm current title/CAD, survey, curb access, median/turn movements, ROW, flood and provider capacity."
      }
    },
    {
      "type": "Feature",
      "geometry": {
        "type": "Polygon",
        "coordinates": [
          [
            [
              -98.78581339729675,
              29.417072823379137
            ],
            [
              -98.78576924854539,
              29.416991224925315
            ],
            [
              -98.78573679058891,
              29.416934378257196
            ],
            [
              -98.78570320931607,
              29.416878029654765
            ],
            [
              -98.78566850569835,
              29.416822207992418
            ],
            [
              -98.78563269414444,
              29.416766923217814
            ],
            [
              -98.78559578595237,
              29.41671219429647
            ],
            [
              -98.78555779345237,
              29.41665803929347
            ],
            [
              -98.78551872280255,
              29.416604470849997
            ],
            [
              -98.78547859457032,
              29.416551510653406
            ],
            [
              -98.7854374190358,
              29.41649917135163
            ],
            [
              -98.78539519719455,
              29.416447470089032
            ],
            [
              -98.78535195478727,
              29.416396418635916
            ],
            [
              -98.78530770310749,
              29.416346037762533
            ],
            [
              -98.78525990683565,
              29.416291947218163
            ],
            [
              -98.78521438723413,
              29.416247651216413
            ],
            [
              -98.78518739215859,
              29.416222611281846
            ],
            [
              -98.78515990566105,
              29.416197990122704
            ],
            [
              -98.78513193082006,
              29.41617379405955
            ],
            [
              -98.78510348102358,
              29.416150027625363
            ],
            [
              -98.78507455626027,
              29.416126696233476
            ],
            [
              -98.78504517195462,
              29.416103816150024
            ],
            [
              -98.78501533841614,
              29.416081385586534
            ],
            [
              -98.78498505871178,
              29.416059416277776
            ],
            [
              -98.78495434931929,
              29.416037913663676
            ],
            [
              -98.7849232153819,
              29.416016882263783
            ],
            [
              -98.78489166306773,
              29.41599632930618
            ],
            [
              -98.78485970988118,
              29.415976262037127
            ],
            [
              -98.78482736095981,
              29.415956687683178
            ],
            [
              -98.78479462248299,
              29.415937608058524
            ],
            [
              -98.78476151401047,
              29.415919033119756
            ],
            [
              -98.78472803656312,
              29.415900967379827
            ],
            [
              -98.7846942035248,
              29.415883417176083
            ],
            [
              -98.78466002724691,
              29.41586638974661
            ],
            [
              -98.78462551599074,
              29.41584987698379
            ],
            [
              -98.78459068310211,
              29.415833903271135
            ],
            [
              -98.78455553684613,
              29.415818458696243
            ],
            [
              -98.78452008646336,
              29.415803559515357
            ],
            [
              -98.78448434638717,
              29.4157892030446
            ],
            [
              -98.78444831866676,
              29.41577539470085
            ],
            [
              -98.78441202803356,
              29.41576213542609
            ],
            [
              -98.78437547445856,
              29.415749438754663
            ],
            [
              -98.78433867547625,
              29.415737297496257
            ],
            [
              -98.78430164034027,
              29.415725721590864
            ],
            [
              -98.78426437831777,
              29.415714714662535
            ],
            [
              -98.78422690692214,
              29.41570427944633
            ],
            [
              -98.784189229235,
              29.415694420458546
            ],
            [
              -98.78415135968386,
              29.415685137722242
            ],
            [
              -98.78411331475348,
              29.415676433068572
            ],
            [
              -98.78407509649479,
              29.41566831101232
            ],
            [
              -98.7840367285971,
              29.41566077790761
            ],
            [
              -98.78399821106548,
              29.41565383104748
            ],
            [
              -98.78395956347441,
              29.41564747317036
            ],
            [
              -98.78392079406215,
              29.41564170699642
            ],
            [
              -98.78388191519304,
              29.41563653344787
            ],
            [
              -98.78384294128675,
              29.415631956157117
            ],
            [
              -98.78380387852793,
              29.415627974231843
            ],
            [
              -98.78376474545863,
              29.41562459131119
            ],
            [
              -98.78372555032077,
              29.415621808310664
            ],
            [
              -98.78368630445192,
              29.415619624346338
            ],
            [
              -98.78364702331186,
              29.41561803854094
            ],
            [
              -98.78360771513304,
              29.415617056321498
            ],
            [
              -98.7835683933217,
              29.41561667319828
            ],
            [
              -98.78352906922106,
              29.415616885580487
            ],
            [
              -98.78348975206939,
              29.415617710626705
            ],
            [
              -98.7834504645805,
              29.415619128523257
            ],
            [
              -98.78341121085502,
              29.415621149202003
            ],
            [
              -98.78337199605272,
              29.415623769062222
            ],
            [
              -98.7833328459372,
              29.415626988145704
            ],
            [
              -98.78329376256133,
              29.415630810065082
            ],
            [
              -98.78325475728927,
              29.415635221304285
            ],
            [
              -98.78321585793259,
              29.41564022822467
            ],
            [
              -98.78317705212167,
              29.415645831708453
            ],
            [
              -98.78313837490307,
              29.41565202820352
            ],
            [
              -98.78309982113088,
              29.41565881409231
            ],
            [
              -98.78306141038529,
              29.415666189406796
            ],
            [
              -98.78302314988736,
              29.415674150549584
            ],
            [
              -98.7829850530454,
              29.415682692128808
            ],
            [
              -98.78294713736892,
              29.4156918186845
            ],
            [
              -98.78290940699685,
              29.415701522102847
            ],
            [
              -98.78287187636428,
              29.415711798798274
            ],
            [
              -98.78276058908125,
              29.41574605247973
            ],
            [
              -98.78193044857088,
              29.41594973574918
            ],
            [
              -98.78237757879985,
              29.417496362295385
            ],
            [
              -98.78333714706854,
              29.41747992211172
            ],
            [
              -98.7861000288683,
              29.417440424643203
            ],
            [
              -98.78597199493065,
              29.417225079678214
            ],
            [
              -98.78581339729675,
              29.417072823379137
            ]
          ]
        ]
      },
      "properties": {
        "candidate_id": "Bexar:201209",
        "county": "Bexar",
        "prop_id": "201209",
        "owner": "RANCHO COACHELLA PROPERTIES",
        "situs": "STATE HWY 211",
        "acres": 16.08,
        "reported_acres": 16.08,
        "geometry_acres": 15.34,
        "acres_source": "REPORTED",
        "land_value": 4022450.0,
        "assessed_value": 4022450.0,
        "improvement_value": 0.0,
        "improvement_ratio": 0.0,
        "gba": 0.0,
        "prop_use": "99",
        "legal": "CB 4348 P-7A ABS 1001",
        "cad_record_url": "",
        "parcel_source": "SARA / Bexar CAD",
        "parcel_snapshot": "2025-12",
        "parcel_freshness": "RECENT",
        "node_id": "INT-005",
        "node_name": "Potranco Rd / SH 211",
        "node_score": 71.5,
        "node_edge_miles": 0.26,
        "dist_score": 90,
        "acre_score": 100,
        "raw_score": 100,
        "shape_score": 100,
        "compactness": 0.722,
        "aspect_ratio": 1.95,
        "road_score": 100,
        "frontage_roads": [
          "SH 211",
          "STATE HWY 211 S",
          "ZETA DR",
          "THETA DR"
        ],
        "frontage_ft_proxy": 1735.0,
        "corner_signal": "STRONG",
        "major_road_signal": true,
        "mtp_row_flag": false,
        "flood_score": 100,
        "flood_pct": 0.0,
        "floodway_pct": 0.0,
        "flood_zones": [
          "X"
        ],
        "flood_confidence": "SCREENED",
        "future_land_use_score": 55,
        "future_land_use": [
          "General Urban Tier / West"
        ],
        "aadt": 26938,
        "aadt_5yr_growth_pct": 85.8,
        "aadt_station_miles": 0.1,
        "aadt_route": "SH 211",
        "nearest_retail_catalyst": "Culebra / SH 211 H-E-B",
        "retail_catalyst_miles": 7.51,
        "future_residential_lots_nearby": 11214.4,
        "recent_housing_units_180d": 0,
        "utility_confidence": "PROXY",
        "utility_provider": "SAWS",
        "utility_distance_ft": 0.0,
        "utility_snapshot": "2021-07-21",
        "utility_context": "SAWS feature approximately 0 ft from parcel; capacity NOT verified",
        "assessed_value_per_acre": 250152.0,
        "land_value_per_acre": 250152.0,
        "parcel_opportunity_score": 82.2,
        "parcel_execution_score": 98.2,
        "parcel_fit_score": 100.0,
        "acquisition_complexity_score": 86.0,
        "utility_score": 100,
        "confidence_score": 45,
        "node_confidence_score": 100,
        "node_class": "EMERGING NODE",
        "node_evidence_model": "Bexar detailed growth + statewide road/traffic evidence",
        "node_component_scores": {
          "residential_growth": 85.7,
          "intersection_network": 100,
          "retail_catalyst": 28,
          "traffic": 45.8,
          "timing": 67.2
        },
        "parcel_component_scores": {
          "frontage_access": 100,
          "size_shape": 100.0,
          "utilities": 100,
          "flood": 100,
          "acquisition": 86.0
        },
        "acquisition_category": "EARLY SPECULATION",
        "decision_summary": "Interesting node/parcel thesis, but data freshness or execution certainty is not strong enough for active pursuit.",
        "main_risks": [
          "utility capacity is unverified",
          "important diligence data is incomplete"
        ],
        "usable_acres_proxy": 16.08,
        "eligible": true,
        "why_this_tract": "corner exposure on a major road \u00b7 within \u00bd mile of the node \u00b7 11214 weighted future residential lots \u00b7 mapped SAWS feature ~0 ft from parcel \u00b7 mostly raw / low-improvement land",
        "verification_notes": "Frontage is a GIS proximity proxy, not legal access. Sewer distance is a mapped-line proxy, not a capacity commitment. Confirm current title/CAD, survey, curb access, median/turn movements, ROW, flood and provider capacity."
      }
    },
    {
      "type": "Feature",
      "geometry": {
        "type": "Polygon",
        "coordinates": [
          [
            [
              -98.7816033455267,
              29.414653635237425
            ],
            [
              -98.78160547659454,
              29.414661915558003
            ],
            [
              -98.78177744884117,
              29.41532983941885
            ],
            [
              -98.78193044857088,
              29.41594973574918
            ],
            [
              -98.78276058908125,
              29.41574605247973
            ],
            [
              -98.78287187636428,
              29.415711798798274
            ],
            [
              -98.78290940699685,
              29.415701522102847
            ],
            [
              -98.78294713736892,
              29.4156918186845
            ],
            [
              -98.7829850530454,
              29.415682692128808
            ],
            [
              -98.78302314988736,
              29.415674150549584
            ],
            [
              -98.78306141038529,
              29.415666189406796
            ],
            [
              -98.78309982113088,
              29.41565881409231
            ],
            [
              -98.78313837490307,
              29.41565202820352
            ],
            [
              -98.78317705212167,
              29.415645831708453
            ],
            [
              -98.78321585793259,
              29.41564022822467
            ],
            [
              -98.78325475728927,
              29.415635221304285
            ],
            [
              -98.78329376256133,
              29.415630810065082
            ],
            [
              -98.7833328459372,
              29.415626988145704
            ],
            [
              -98.78337199605272,
              29.415623769062222
            ],
            [
              -98.78341121085502,
              29.415621149202003
            ],
            [
              -98.7834504645805,
              29.415619128523257
            ],
            [
              -98.78348975206939,
              29.415617710626705
            ],
            [
              -98.78352906922106,
              29.415616885580487
            ],
            [
              -98.7835683933217,
              29.41561667319828
            ],
            [
              -98.78360771513304,
              29.415617056321498
            ],
            [
              -98.78364702331186,
              29.41561803854094
            ],
            [
              -98.78368630445192,
              29.415619624346338
            ],
            [
              -98.78372555032077,
              29.415621808310664
            ],
            [
              -98.78376474545863,
              29.41562459131119
            ],
            [
              -98.78380387852793,
              29.415627974231843
            ],
            [
              -98.78384294128675,
              29.415631956157117
            ],
            [
              -98.78388191519304,
              29.41563653344787
            ],
            [
              -98.78392079406215,
              29.41564170699642
            ],
            [
              -98.78395956347441,
              29.41564747317036
            ],
            [
              -98.78399821106548,
              29.41565383104748
            ],
            [
              -98.7840367285971,
              29.41566077790761
            ],
            [
              -98.78407509649479,
              29.41566831101232
            ],
            [
              -98.78411331475348,
              29.415676433068572
            ],
            [
              -98.78415135968386,
              29.415685137722242
            ],
            [
              -98.784189229235,
              29.415694420458546
            ],
            [
              -98.78422690692214,
              29.41570427944633
            ],
            [
              -98.78426437831777,
              29.415714714662535
            ],
            [
              -98.78430164034027,
              29.415725721590864
            ],
            [
              -98.78433867547625,
              29.415737297496257
            ],
            [
              -98.78437547445856,
              29.415749438754663
            ],
            [
              -98.78441202803356,
              29.41576213542609
            ],
            [
              -98.78444831866676,
              29.41577539470085
            ],
            [
              -98.78448434638717,
              29.4157892030446
            ],
            [
              -98.78452008646336,
              29.415803559515357
            ],
            [
              -98.78455553684613,
              29.415818458696243
            ],
            [
              -98.78459068310211,
              29.415833903271135
            ],
            [
              -98.78462551599074,
              29.41584987698379
            ],
            [
              -98.78466002724691,
              29.41586638974661
            ],
            [
              -98.7846942035248,
              29.415883417176083
            ],
            [
              -98.78472803656312,
              29.415900967379827
            ],
            [
              -98.78476151401047,
              29.415919033119756
            ],
            [
              -98.78479462248299,
              29.415937608058524
            ],
            [
              -98.78482736095981,
              29.415956687683178
            ],
            [
              -98.78485970988118,
              29.415976262037127
            ],
            [
              -98.78489166306773,
              29.41599632930618
            ],
            [
              -98.7849232153819,
              29.416016882263783
            ],
            [
              -98.78495434931929,
              29.416037913663676
            ],
            [
              -98.78498505871178,
              29.416059416277776
            ],
            [
              -98.78501533841614,
              29.416081385586534
            ],
            [
              -98.78504517195462,
              29.416103816150024
            ],
            [
              -98.78507455626027,
              29.416126696233476
            ],
            [
              -98.78510348102358,
              29.416150027625363
            ],
            [
              -98.78513193082006,
              29.41617379405955
            ],
            [
              -98.78515990566105,
              29.416197990122704
            ],
            [
              -98.78518739215859,
              29.416222611281846
            ],
            [
              -98.78521438723413,
              29.416247651216413
            ],
            [
              -98.78525990683565,
              29.416291947218163
            ],
            [
              -98.78530770310749,
              29.416346037762533
            ],
            [
              -98.78535195478727,
              29.416396418635916
            ],
            [
              -98.78539519719455,
              29.416447470089032
            ],
            [
              -98.7854374190358,
              29.41649917135163
            ],
            [
              -98.78547859457032,
              29.416551510653406
            ],
            [
              -98.78551872280255,
              29.416604470849997
            ],
            [
              -98.78555779345237,
              29.41665803929347
            ],
            [
              -98.78559578595237,
              29.41671219429647
            ],
            [
              -98.78563269414444,
              29.416766923217814
            ],
            [
              -98.78566850569835,
              29.416822207992418
            ],
            [
              -98.78570320931607,
              29.416878029654765
            ],
            [
              -98.78573679058891,
              29.416934378257196
            ],
            [
              -98.78576924854539,
              29.416991224925315
            ],
            [
              -98.78581339729675,
              29.417072823379137
            ],
            [
              -98.78589975844112,
              29.416973362834707
            ],
            [
              -98.78502675373643,
              29.415196054272425
            ],
            [
              -98.7850250925641,
              29.415192076047283
            ],
            [
              -98.78483288203877,
              29.414800624060547
            ],
            [
              -98.7847977458997,
              29.41462164505985
            ],
            [
              -98.78467957837945,
              29.41408640719218
            ],
            [
              -98.78448317726424,
              29.413019085819617
            ],
            [
              -98.78432795521589,
              29.41222829114976
            ],
            [
              -98.78317726904562,
              29.412047069012964
            ],
            [
              -98.78110704219374,
              29.412724620121928
            ],
            [
              -98.7813117422776,
              29.41356631820594
            ],
            [
              -98.7816033455267,
              29.414653635237425
            ]
          ]
        ]
      },
      "properties": {
        "candidate_id": "Bexar:201186",
        "county": "Bexar",
        "prop_id": "201186",
        "owner": "RANCHO COACHELLA PROPERTIES",
        "situs": "STATE HWY 211",
        "acres": 29.5,
        "reported_acres": 29.5,
        "geometry_acres": 31.02,
        "acres_source": "REPORTED",
        "land_value": 7887456.0,
        "assessed_value": 7887456.0,
        "improvement_value": 0.0,
        "improvement_ratio": 0.0,
        "gba": 0.0,
        "prop_use": "99",
        "legal": "CB 4347 P-105A ABS 1029 CB 4348 P-15A  ABS 1001",
        "cad_record_url": "",
        "parcel_source": "SARA / Bexar CAD",
        "parcel_snapshot": "2025-12",
        "parcel_freshness": "RECENT",
        "node_id": "INT-005",
        "node_name": "Potranco Rd / SH 211",
        "node_score": 71.5,
        "node_edge_miles": 0.347,
        "dist_score": 90,
        "acre_score": 100,
        "raw_score": 100,
        "shape_score": 86.2,
        "compactness": 0.539,
        "aspect_ratio": 1.79,
        "road_score": 100,
        "frontage_roads": [
          "SH 211",
          "STATE HWY 211 S",
          "CITIBANK DR"
        ],
        "frontage_ft_proxy": 2711.0,
        "corner_signal": "STRONG",
        "major_road_signal": true,
        "mtp_row_flag": false,
        "flood_score": 100,
        "flood_pct": 0.0,
        "floodway_pct": 0.0,
        "flood_zones": [
          "X"
        ],
        "flood_confidence": "SCREENED",
        "future_land_use_score": 55,
        "future_land_use": [
          "General Urban Tier / West"
        ],
        "aadt": 26938,
        "aadt_5yr_growth_pct": 85.8,
        "aadt_station_miles": 0.21,
        "aadt_route": "SH 211",
        "nearest_retail_catalyst": "Culebra / SH 211 H-E-B",
        "retail_catalyst_miles": 7.69,
        "future_residential_lots_nearby": 11214.4,
        "recent_housing_units_180d": 0,
        "utility_confidence": "PROXY",
        "utility_provider": "SAWS",
        "utility_distance_ft": 73.0,
        "utility_snapshot": "2021-07-21",
        "utility_context": "SAWS feature approximately 73 ft from parcel; capacity NOT verified",
        "assessed_value_per_acre": 267371.0,
        "land_value_per_acre": 267371.0,
        "parcel_opportunity_score": 81.7,
        "parcel_execution_score": 96.9,
        "parcel_fit_score": 94.8,
        "acquisition_complexity_score": 86.0,
        "utility_score": 100,
        "confidence_score": 45,
        "node_confidence_score": 100,
        "node_class": "EMERGING NODE",
        "node_evidence_model": "Bexar detailed growth + statewide road/traffic evidence",
        "node_component_scores": {
          "residential_growth": 85.7,
          "intersection_network": 100,
          "retail_catalyst": 28,
          "traffic": 45.8,
          "timing": 67.2
        },
        "parcel_component_scores": {
          "frontage_access": 100,
          "size_shape": 94.8,
          "utilities": 100,
          "flood": 100,
          "acquisition": 86.0
        },
        "acquisition_category": "EARLY SPECULATION",
        "decision_summary": "Interesting node/parcel thesis, but data freshness or execution certainty is not strong enough for active pursuit.",
        "main_risks": [
          "utility capacity is unverified",
          "important diligence data is incomplete"
        ],
        "usable_acres_proxy": 29.5,
        "eligible": true,
        "why_this_tract": "corner exposure on a major road \u00b7 within \u00bd mile of the node \u00b7 11214 weighted future residential lots \u00b7 mapped SAWS feature ~73 ft from parcel \u00b7 mostly raw / low-improvement land",
        "verification_notes": "Frontage is a GIS proximity proxy, not legal access. Sewer distance is a mapped-line proxy, not a capacity commitment. Confirm current title/CAD, survey, curb access, median/turn movements, ROW, flood and provider capacity."
      }
    },
    {
      "type": "Feature",
      "geometry": {
        "type": "Polygon",
        "coordinates": [
          [
            [
              -98.78727237054389,
              29.42564830685814
            ],
            [
              -98.78721459930624,
              29.425697300999886
            ],
            [
              -98.78721047861393,
              29.425700795369274
            ],
            [
              -98.78721000882318,
              29.42570119614555
            ],
            [
              -98.78715109325155,
              29.425752323531036
            ],
            [
              -98.7870970200249,
              29.425808547549806
            ],
            [
              -98.78704822833635,
              29.425869411539605
            ],
            [
              -98.78700511448132,
              29.425934421151442
            ],
            [
              -98.7869680286388,
              29.42600304836479
            ],
            [
              -98.78693727202713,
              29.42607473577628
            ],
            [
              -98.7869130944574,
              29.426148901127007
            ],
            [
              -98.78689569230447,
              29.42622494203179
            ],
            [
              -98.78688520691195,
              29.426302240871824
            ],
            [
              -98.78688172344421,
              29.426380169811118
            ],
            [
              -98.78688527019463,
              29.426458095895892
            ],
            [
              -98.78689581835584,
              29.426535386195553
            ],
            [
              -98.78691328225366,
              29.426611412943476
            ],
            [
              -98.78693752004294,
              29.42668555863585
            ],
            [
              -98.78696833485974,
              29.426757221047147
            ],
            [
              -98.78697060617277,
              29.426761833628692
            ],
            [
              -98.78698698348501,
              29.426794676474074
            ],
            [
              -98.78698705224615,
              29.42679481824519
            ],
            [
              -98.78698731500302,
              29.426795346510918
            ],
            [
              -98.78736798662126,
              29.427559818466683
            ],
            [
              -98.78737262735099,
              29.42756898782809
            ],
            [
              -98.78741478454026,
              29.427641615071906
            ],
            [
              -98.7874629534059,
              29.427710402465625
            ],
            [
              -98.78751678637597,
              29.42777485366023
            ],
            [
              -98.78757589500803,
              29.427834503595417
            ],
            [
              -98.7876398527921,
              29.42788892185531
            ],
            [
              -98.78770819822816,
              29.427937715774213
            ],
            [
              -98.78771737135713,
              29.42794372524548
            ],
            [
              -98.78794541715484,
              29.428091258291328
            ],
            [
              -98.78821185349229,
              29.428120035789703
            ],
            [
              -98.78796139525643,
              29.42851716835378
            ],
            [
              -98.78757341333396,
              29.429261746818888
            ],
            [
              -98.78769129541794,
              29.42971924599344
            ],
            [
              -98.78771426741427,
              29.42979858218499
            ],
            [
              -98.78960362988084,
              29.42980650218439
            ],
            [
              -98.79072859193538,
              29.427922357356014
            ],
            [
              -98.79077829598101,
              29.427614879267747
            ],
            [
              -98.7907786477774,
              29.427612700759436
            ],
            [
              -98.79112622231695,
              29.42546243783118
            ],
            [
              -98.79136803473479,
              29.42396641566972
            ],
            [
              -98.79137713787365,
              29.423910094625533
            ],
            [
              -98.79138545003164,
              29.42385855003708
            ],
            [
              -98.79127269570326,
              29.42391079768594
            ],
            [
              -98.79126269546605,
              29.42397235428538
            ],
            [
              -98.79113032926564,
              29.424787110618826
            ],
            [
              -98.79112836799652,
              29.424799191186548
            ],
            [
              -98.79112754863344,
              29.424804234678337
            ],
            [
              -98.79101751739832,
              29.425481493174694
            ],
            [
              -98.79022520425214,
              29.425212807117006
            ],
            [
              -98.78891470616254,
              29.424901494871108
            ],
            [
              -98.7889091824099,
              29.4249001895341
            ],
            [
              -98.78882002229355,
              29.424882396211654
            ],
            [
              -98.78872976713951,
              29.42487143556196
            ],
            [
              -98.78863893978325,
              29.42486737107853
            ],
            [
              -98.78854806637491,
              29.42487022630634
            ],
            [
              -98.7884576733314,
              29.42487998470546
            ],
            [
              -98.78836828428692,
              29.424896589746847
            ],
            [
              -98.78828041705971,
              29.42491994523983
            ],
            [
              -98.78819458065227,
              29.424949915889307
            ],
            [
              -98.7881112723029,
              29.424986328079513
            ],
            [
              -98.78803097460518,
              29.425028970879733
            ],
            [
              -98.7879541527124,
              29.425077597266203
            ],
            [
              -98.78788125164303,
              29.42513192555308
            ],
            [
              -98.78788085310443,
              29.42513226328364
            ],
            [
              -98.78787673249873,
              29.42513573782339
            ],
            [
              -98.78727237054389,
              29.42564830685814
            ]
          ]
        ]
      },
      "properties": {
        "candidate_id": "Bexar:1057738",
        "county": "Bexar",
        "prop_id": "1057738",
        "owner": "POTRANCO PATIENCE LLC",
        "situs": "14945  POTRANCO RD",
        "acres": 40.26,
        "reported_acres": 40.26,
        "geometry_acres": 40.24,
        "acres_source": "REPORTED",
        "land_value": 17540.0,
        "assessed_value": 17540.0,
        "improvement_value": 0.0,
        "improvement_ratio": 0.0,
        "gba": 0.0,
        "prop_use": "95",
        "legal": "CB 4369 P-1(32.319), P-1A(0.212) & CB 4371 P-3 (7.725)  ABS 1084 2025-SPLIT PER DEED 202400574556\\ 2023 SPLIT PER DEED 20210257391/// 2022- RSVY PER DEED 20210057722, EXE 03-04-2021///2021-SPLIT PER DEED 20200319270||||2020-REMAINS PER SPLIT PER DEED 20190139145 EFF 07-19-19",
        "cad_record_url": "",
        "parcel_source": "SARA / Bexar CAD",
        "parcel_snapshot": "2025-12",
        "parcel_freshness": "RECENT",
        "node_id": "INT-017",
        "node_name": "Texas Research Pkwy / SH 211",
        "node_score": 75.5,
        "node_edge_miles": 0.572,
        "dist_score": 78,
        "acre_score": 100,
        "raw_score": 100,
        "shape_score": 81.1,
        "compactness": 0.507,
        "aspect_ratio": 1.78,
        "road_score": 84,
        "frontage_roads": [
          "POTRANCO RD",
          "FM 1957"
        ],
        "frontage_ft_proxy": 160.0,
        "corner_signal": "NO",
        "major_road_signal": true,
        "mtp_row_flag": true,
        "flood_score": 75,
        "flood_pct": 0.0,
        "floodway_pct": 0.0,
        "flood_zones": [
          "AE",
          "X"
        ],
        "flood_confidence": "SCREENED",
        "future_land_use_score": 55,
        "future_land_use": [],
        "aadt": 22346,
        "aadt_5yr_growth_pct": 0,
        "aadt_station_miles": 0.3,
        "aadt_route": "FM 1957",
        "nearest_retail_catalyst": "Culebra / SH 211 H-E-B",
        "retail_catalyst_miles": 6.75,
        "future_residential_lots_nearby": 10209.0,
        "recent_housing_units_180d": 0,
        "utility_confidence": "PROXY",
        "utility_provider": "SAWS",
        "utility_distance_ft": 47.0,
        "utility_snapshot": "2021-07-21",
        "utility_context": "SAWS feature approximately 47 ft from parcel; capacity NOT verified",
        "assessed_value_per_acre": 436.0,
        "land_value_per_acre": 436.0,
        "parcel_opportunity_score": 81.3,
        "parcel_execution_score": 89.9,
        "parcel_fit_score": 92.8,
        "acquisition_complexity_score": 97.2,
        "utility_score": 100,
        "confidence_score": 45,
        "node_confidence_score": 100,
        "node_class": "EMERGING NODE",
        "node_evidence_model": "Bexar detailed growth + statewide road/traffic evidence",
        "node_component_scores": {
          "residential_growth": 84.3,
          "intersection_network": 100,
          "retail_catalyst": 28,
          "traffic": 71.5,
          "timing": 70.2
        },
        "parcel_component_scores": {
          "frontage_access": 84,
          "size_shape": 92.8,
          "utilities": 100,
          "flood": 75,
          "acquisition": 97.2
        },
        "acquisition_category": "EARLY SPECULATION",
        "decision_summary": "Interesting node/parcel thesis, but data freshness or execution certainty is not strong enough for active pursuit.",
        "main_risks": [
          "not on the immediate intersection",
          "limited frontage proxy",
          "utility capacity is unverified",
          "important diligence data is incomplete"
        ],
        "usable_acres_proxy": 40.26,
        "eligible": true,
        "why_this_tract": "major-road frontage \u00b7 within 1 mile of the node \u00b7 10209 weighted future residential lots \u00b7 mapped SAWS feature ~47 ft from parcel \u00b7 mostly raw / low-improvement land",
        "verification_notes": "Frontage is a GIS proximity proxy, not legal access. Sewer distance is a mapped-line proxy, not a capacity commitment. Confirm current title/CAD, survey, curb access, median/turn movements, ROW, flood and provider capacity."
      }
    },
    {
      "type": "Feature",
      "geometry": {
        "type": "Polygon",
        "coordinates": [
          [
            [
              -98.78725517792742,
              29.44558978896194
            ],
            [
              -98.78935475649405,
              29.447480281780024
            ],
            [
              -98.7894145115346,
              29.44742756983699
            ],
            [
              -98.7923271925258,
              29.444724851879094
            ],
            [
              -98.79130305009446,
              29.44386723852191
            ],
            [
              -98.7912139298647,
              29.443792623502365
            ],
            [
              -98.79030348688934,
              29.442974901861977
            ],
            [
              -98.78971726830284,
              29.442338984513917
            ],
            [
              -98.78909926133558,
              29.441896945609514
            ],
            [
              -98.78897485181292,
              29.441796733611742
            ],
            [
              -98.78884818234509,
              29.44169939389865
            ],
            [
              -98.78871931923145,
              29.441604977418258
            ],
            [
              -98.78871835105284,
              29.441605584939563
            ],
            [
              -98.78830061389142,
              29.441867231253607
            ],
            [
              -98.78829402137757,
              29.44187136236347
            ],
            [
              -98.78736208432669,
              29.442455256572714
            ],
            [
              -98.78723588401498,
              29.44253706883658
            ],
            [
              -98.7871124189748,
              29.442622953346525
            ],
            [
              -98.78699182055914,
              29.442712818731046
            ],
            [
              -98.78687421707123,
              29.442806569383436
            ],
            [
              -98.78675973362799,
              29.44290410556349
            ],
            [
              -98.78546004045994,
              29.44405058632195
            ],
            [
              -98.78725517792742,
              29.44558978896194
            ]
          ]
        ]
      },
      "properties": {
        "candidate_id": "Bexar:1114436",
        "county": "Bexar",
        "prop_id": "1114436",
        "owner": "POTRANCO 211 LAND PARTNERS LTD",
        "situs": "FM 1957",
        "acres": 53.76,
        "reported_acres": 53.76,
        "geometry_acres": 53.89,
        "acres_source": "REPORTED",
        "land_value": 5000000.0,
        "assessed_value": 5000000.0,
        "improvement_value": 0.0,
        "improvement_ratio": 0.0,
        "gba": 0.0,
        "prop_use": "9",
        "legal": "CB 4376 P-1B (10.725),   CB 4379 P-1C ( 16.74)  &  CB 4381 P-1E (26.303) 2021-RMS PER SPLIT PER DEED 20200097042, 20200042237 & 20200097012 EXE 05-07-2020",
        "cad_record_url": "",
        "parcel_source": "SARA / Bexar CAD",
        "parcel_snapshot": "2025-12",
        "parcel_freshness": "RECENT",
        "node_id": "INT-017",
        "node_name": "Texas Research Pkwy / SH 211",
        "node_score": 75.5,
        "node_edge_miles": 0.669,
        "dist_score": 78,
        "acre_score": 92,
        "raw_score": 100,
        "shape_score": 100,
        "compactness": 0.786,
        "aspect_ratio": 1.26,
        "road_score": 84,
        "frontage_roads": [
          "SH 211"
        ],
        "frontage_ft_proxy": 0.0,
        "corner_signal": "NO",
        "major_road_signal": true,
        "mtp_row_flag": false,
        "flood_score": 100,
        "flood_pct": 0.0,
        "floodway_pct": 0.0,
        "flood_zones": [
          "X"
        ],
        "flood_confidence": "SCREENED",
        "future_land_use_score": 55,
        "future_land_use": [],
        "aadt": 11334,
        "aadt_5yr_growth_pct": 0,
        "aadt_station_miles": 0.97,
        "aadt_route": "SH 211",
        "nearest_retail_catalyst": "Culebra / SH 211 H-E-B",
        "retail_catalyst_miles": 5.57,
        "future_residential_lots_nearby": 10209.0,
        "recent_housing_units_180d": 0,
        "utility_confidence": "PROXY",
        "utility_provider": "SAWS",
        "utility_distance_ft": 700.0,
        "utility_snapshot": "2021-07-21",
        "utility_context": "SAWS feature approximately 700 ft from parcel; capacity NOT verified",
        "assessed_value_per_acre": 93006.0,
        "land_value_per_acre": 93006.0,
        "parcel_opportunity_score": 81.1,
        "parcel_execution_score": 89.6,
        "parcel_fit_score": 95.0,
        "acquisition_complexity_score": 94.4,
        "utility_score": 82,
        "confidence_score": 45,
        "node_confidence_score": 100,
        "node_class": "EMERGING NODE",
        "node_evidence_model": "Bexar detailed growth + statewide road/traffic evidence",
        "node_component_scores": {
          "residential_growth": 84.3,
          "intersection_network": 100,
          "retail_catalyst": 28,
          "traffic": 71.5,
          "timing": 70.2
        },
        "parcel_component_scores": {
          "frontage_access": 84,
          "size_shape": 95.0,
          "utilities": 82,
          "flood": 100,
          "acquisition": 94.4
        },
        "acquisition_category": "EARLY SPECULATION",
        "decision_summary": "Interesting node/parcel thesis, but data freshness or execution certainty is not strong enough for active pursuit.",
        "main_risks": [
          "not on the immediate intersection",
          "limited frontage proxy",
          "utility capacity is unverified",
          "important diligence data is incomplete"
        ],
        "usable_acres_proxy": 53.76,
        "eligible": true,
        "why_this_tract": "major-road frontage \u00b7 within 1 mile of the node \u00b7 10209 weighted future residential lots \u00b7 mapped SAWS feature ~700 ft from parcel \u00b7 mostly raw / low-improvement land",
        "verification_notes": "Frontage is a GIS proximity proxy, not legal access. Sewer distance is a mapped-line proxy, not a capacity commitment. Confirm current title/CAD, survey, curb access, median/turn movements, ROW, flood and provider capacity."
      }
    },
    {
      "type": "Feature",
      "geometry": {
        "type": "Polygon",
        "coordinates": [
          [
            [
              -98.78656343067574,
              29.43817086167361
            ],
            [
              -98.78214998286236,
              29.440395484826738
            ],
            [
              -98.78295923578028,
              29.4414728748543
            ],
            [
              -98.78296586598002,
              29.441481689364107
            ],
            [
              -98.78314828081014,
              29.441718168214262
            ],
            [
              -98.78333563264398,
              29.44195075520266
            ],
            [
              -98.78352783847181,
              29.442179347277257
            ],
            [
              -98.78372481313322,
              29.442403843156033
            ],
            [
              -98.78392646935485,
              29.442624143371862
            ],
            [
              -98.78413271778913,
              29.44284015031659
            ],
            [
              -98.78434346705384,
              29.44305176828428
            ],
            [
              -98.78455862377251,
              29.44325890351361
            ],
            [
              -98.78477809261594,
              29.44346146422941
            ],
            [
              -98.7850017763443,
              29.443659360683352
            ],
            [
              -98.78500250280244,
              29.443659992559606
            ],
            [
              -98.78545615725407,
              29.444054006117426
            ],
            [
              -98.78546004045994,
              29.44405058632195
            ],
            [
              -98.78675973362799,
              29.44290410556349
            ],
            [
              -98.78687421707123,
              29.442806569383436
            ],
            [
              -98.78699182055914,
              29.442712818731046
            ],
            [
              -98.7871124189748,
              29.442622953346525
            ],
            [
              -98.78723588401498,
              29.44253706883658
            ],
            [
              -98.78736208432669,
              29.442455256572714
            ],
            [
              -98.78829402137757,
              29.44187136236347
            ],
            [
              -98.78830061389142,
              29.441867231253607
            ],
            [
              -98.78871835105284,
              29.441605584939563
            ],
            [
              -98.7885631230655,
              29.44147582076569
            ],
            [
              -98.78841222458342,
              29.441341046447015
            ],
            [
              -98.78826581723857,
              29.44120140634444
            ],
            [
              -98.78812405785237,
              29.44105705003078
            ],
            [
              -98.78798709826765,
              29.440908132130502
            ],
            [
              -98.78785508518601,
              29.440754812154147
            ],
            [
              -98.78772816001074,
              29.440597254327454
            ],
            [
              -98.78760645869528,
              29.440435627415443
            ],
            [
              -98.78749011159763,
              29.440270104541668
            ],
            [
              -98.78737924334078,
              29.44010086300276
            ],
            [
              -98.7872739726791,
              29.439928084078524
            ],
            [
              -98.78717441237121,
              29.43975195283778
            ],
            [
              -98.78708066905925,
              29.4395726579401
            ],
            [
              -98.78699284315455,
              29.439390391433765
            ],
            [
              -98.78691102873012,
              29.439205348550015
            ],
            [
              -98.7868353134199,
              29.439017727493976
            ],
            [
              -98.78676577832489,
              29.43882772923231
            ],
            [
              -98.78670249792629,
              29.438635557278005
            ],
            [
              -98.7866987542856,
              29.438623069781872
            ],
            [
              -98.78656402803115,
              29.43817061178843
            ],
            [
              -98.78656343067574,
              29.43817086167361
            ]
          ]
        ]
      },
      "properties": {
        "candidate_id": "Bexar:1114434",
        "county": "Bexar",
        "prop_id": "1114434",
        "owner": "DOSS DOROTHY 2002 GRANTOR TRUST # 1",
        "situs": "FM 1957",
        "acres": 53.64,
        "reported_acres": 53.64,
        "geometry_acres": 51.29,
        "acres_source": "REPORTED",
        "land_value": 5000000.0,
        "assessed_value": 5000000.0,
        "improvement_value": 0.0,
        "improvement_ratio": 0.0,
        "gba": 0.0,
        "prop_use": "9",
        "legal": "CB 4379 P-1B (53.336) ABS 185   &    CB 4353 P-2A (0.301) ABS 978 2021-RMS PER SPLIT PER DEED 20200097042, 20200042237 & 20200097012 EXE 05-07-2020",
        "cad_record_url": "",
        "parcel_source": "SARA / Bexar CAD",
        "parcel_snapshot": "2025-12",
        "parcel_freshness": "RECENT",
        "node_id": "INT-017",
        "node_name": "Texas Research Pkwy / SH 211",
        "node_score": 75.5,
        "node_edge_miles": 0.666,
        "dist_score": 78,
        "acre_score": 92,
        "raw_score": 100,
        "shape_score": 100,
        "compactness": 0.744,
        "aspect_ratio": 1.03,
        "road_score": 84,
        "frontage_roads": [
          "SH 211"
        ],
        "frontage_ft_proxy": 36.0,
        "corner_signal": "NO",
        "major_road_signal": true,
        "mtp_row_flag": true,
        "flood_score": 100,
        "flood_pct": 0.0,
        "floodway_pct": 0.0,
        "flood_zones": [
          "X"
        ],
        "flood_confidence": "SCREENED",
        "future_land_use_score": 55,
        "future_land_use": [],
        "aadt": 16500,
        "aadt_5yr_growth_pct": 0,
        "aadt_station_miles": 0.93,
        "aadt_route": "SH 211",
        "nearest_retail_catalyst": "Culebra / SH 211 H-E-B",
        "retail_catalyst_miles": 5.83,
        "future_residential_lots_nearby": 10209.0,
        "recent_housing_units_180d": 0,
        "utility_confidence": "PROXY",
        "utility_provider": "SAWS",
        "utility_distance_ft": 833.0,
        "utility_snapshot": "2021-07-21",
        "utility_context": "SAWS feature approximately 833 ft from parcel; capacity NOT verified",
        "assessed_value_per_acre": 93214.0,
        "land_value_per_acre": 93214.0,
        "parcel_opportunity_score": 81.1,
        "parcel_execution_score": 89.6,
        "parcel_fit_score": 95.0,
        "acquisition_complexity_score": 94.4,
        "utility_score": 82,
        "confidence_score": 45,
        "node_confidence_score": 100,
        "node_class": "EMERGING NODE",
        "node_evidence_model": "Bexar detailed growth + statewide road/traffic evidence",
        "node_component_scores": {
          "residential_growth": 84.3,
          "intersection_network": 100,
          "retail_catalyst": 28,
          "traffic": 71.5,
          "timing": 70.2
        },
        "parcel_component_scores": {
          "frontage_access": 84,
          "size_shape": 95.0,
          "utilities": 82,
          "flood": 100,
          "acquisition": 94.4
        },
        "acquisition_category": "EARLY SPECULATION",
        "decision_summary": "Interesting node/parcel thesis, but data freshness or execution certainty is not strong enough for active pursuit.",
        "main_risks": [
          "not on the immediate intersection",
          "limited frontage proxy",
          "utility capacity is unverified",
          "important diligence data is incomplete"
        ],
        "usable_acres_proxy": 53.64,
        "eligible": true,
        "why_this_tract": "major-road frontage \u00b7 within 1 mile of the node \u00b7 10209 weighted future residential lots \u00b7 mapped SAWS feature ~833 ft from parcel \u00b7 mostly raw / low-improvement land",
        "verification_notes": "Frontage is a GIS proximity proxy, not legal access. Sewer distance is a mapped-line proxy, not a capacity commitment. Confirm current title/CAD, survey, curb access, median/turn movements, ROW, flood and provider capacity."
      }
    },
    {
      "type": "Feature",
      "geometry": {
        "type": "Polygon",
        "coordinates": [
          [
            [
              -98.78417539825493,
              29.433388187021713
            ],
            [
              -98.7834888663398,
              29.433673457539065
            ],
            [
              -98.78429255683524,
              29.435146849008405
            ],
            [
              -98.7837392083566,
              29.435520791865418
            ],
            [
              -98.78367685364974,
              29.43574079636709
            ],
            [
              -98.78371986255355,
              29.435750204811896
            ],
            [
              -98.78376208602018,
              29.435761709227947
            ],
            [
              -98.78380225695506,
              29.43577907208231
            ],
            [
              -98.78383956709992,
              29.435801944026096
            ],
            [
              -98.78387326575687,
              29.435829864864925
            ],
            [
              -98.78390267489293,
              29.435862272818234
            ],
            [
              -98.7839272027823,
              29.435898515822597
            ],
            [
              -98.78420160368954,
              29.436401558862546
            ],
            [
              -98.78421546230337,
              29.436429389202605
            ],
            [
              -98.78422584894362,
              29.43645869290048
            ],
            [
              -98.78422589192456,
              29.436458840947196
            ],
            [
              -98.7842259574153,
              29.436459068432693
            ],
            [
              -98.78436445530596,
              29.43643378320883
            ],
            [
              -98.78450173612386,
              29.436402558454233
            ],
            [
              -98.78463754527318,
              29.436365452077148
            ],
            [
              -98.78477163088743,
              29.436322532893655
            ],
            [
              -98.78490374429651,
              29.436273880500053
            ],
            [
              -98.78492957160721,
              29.436263570885668
            ],
            [
              -98.78496383654799,
              29.43624950323044
            ],
            [
              -98.78513998119482,
              29.436176638913125
            ],
            [
              -98.78530277651896,
              29.4357732130897
            ],
            [
              -98.78531067519125,
              29.43575363773576
            ],
            [
              -98.7852178120079,
              29.4351981728681
            ],
            [
              -98.78511293014327,
              29.43500311083831
            ],
            [
              -98.7848449542494,
              29.434494696763824
            ],
            [
              -98.7842462308186,
              29.433358753775515
            ],
            [
              -98.78417539825493,
              29.433388187021713
            ]
          ]
        ]
      },
      "properties": {
        "candidate_id": "Bexar:1260459",
        "county": "Bexar",
        "prop_id": "1260459",
        "owner": "CUMBERLAND POTRANCO JOINT VENTURE",
        "situs": "STEVENS PKWY",
        "acres": 7.47,
        "reported_acres": 7.47,
        "geometry_acres": 8.02,
        "acres_source": "REPORTED",
        "land_value": 895000.0,
        "assessed_value": 895000.0,
        "improvement_value": 0.0,
        "improvement_ratio": 0.0,
        "gba": 0.0,
        "prop_use": "9",
        "legal": "CB 4353 P-7 (4.7908), CB 4371 P-10 (1.3670) & CB 4379 P-2 (1.3120) 2017 NEW NON ADJ ACCT TO PID 1109564.",
        "cad_record_url": "",
        "parcel_source": "SARA / Bexar CAD",
        "parcel_snapshot": "2025-12",
        "parcel_freshness": "RECENT",
        "node_id": "INT-017",
        "node_name": "Texas Research Pkwy / SH 211",
        "node_score": 75.5,
        "node_edge_miles": 0.707,
        "dist_score": 78,
        "acre_score": 100,
        "raw_score": 100,
        "shape_score": 83.2,
        "compactness": 0.52,
        "aspect_ratio": 1.99,
        "road_score": 84,
        "frontage_roads": [
          "SH 211"
        ],
        "frontage_ft_proxy": 0.0,
        "corner_signal": "NO",
        "major_road_signal": true,
        "mtp_row_flag": false,
        "flood_score": 100,
        "flood_pct": 0.0,
        "floodway_pct": 0.0,
        "flood_zones": [
          "X"
        ],
        "flood_confidence": "SCREENED",
        "future_land_use_score": 55,
        "future_land_use": [],
        "aadt": 16500,
        "aadt_5yr_growth_pct": 0,
        "aadt_station_miles": 0.58,
        "aadt_route": "SH 211",
        "nearest_retail_catalyst": "Culebra / SH 211 H-E-B",
        "retail_catalyst_miles": 6.25,
        "future_residential_lots_nearby": 10209.0,
        "recent_housing_units_180d": 0,
        "utility_confidence": "PROXY",
        "utility_provider": "SAWS",
        "utility_distance_ft": 526.0,
        "utility_snapshot": "2021-07-21",
        "utility_context": "SAWS feature approximately 526 ft from parcel; capacity NOT verified",
        "assessed_value_per_acre": 119813.0,
        "land_value_per_acre": 119813.0,
        "parcel_opportunity_score": 80.8,
        "parcel_execution_score": 88.8,
        "parcel_fit_score": 93.6,
        "acquisition_complexity_score": 90.2,
        "utility_score": 82,
        "confidence_score": 45,
        "node_confidence_score": 100,
        "node_class": "EMERGING NODE",
        "node_evidence_model": "Bexar detailed growth + statewide road/traffic evidence",
        "node_component_scores": {
          "residential_growth": 84.3,
          "intersection_network": 100,
          "retail_catalyst": 28,
          "traffic": 71.5,
          "timing": 70.2
        },
        "parcel_component_scores": {
          "frontage_access": 84,
          "size_shape": 93.6,
          "utilities": 82,
          "flood": 100,
          "acquisition": 90.2
        },
        "acquisition_category": "EARLY SPECULATION",
        "decision_summary": "Interesting node/parcel thesis, but data freshness or execution certainty is not strong enough for active pursuit.",
        "main_risks": [
          "not on the immediate intersection",
          "limited frontage proxy",
          "utility capacity is unverified",
          "important diligence data is incomplete"
        ],
        "usable_acres_proxy": 7.47,
        "eligible": true,
        "why_this_tract": "major-road frontage \u00b7 within 1 mile of the node \u00b7 10209 weighted future residential lots \u00b7 mapped SAWS feature ~526 ft from parcel \u00b7 mostly raw / low-improvement land",
        "verification_notes": "Frontage is a GIS proximity proxy, not legal access. Sewer distance is a mapped-line proxy, not a capacity commitment. Confirm current title/CAD, survey, curb access, median/turn movements, ROW, flood and provider capacity."
      }
    },
    {
      "type": "Feature",
      "geometry": {
        "type": "Polygon",
        "coordinates": [
          [
            [
              -98.75931790087951,
              29.37562792370163
            ],
            [
              -98.75928740713864,
              29.37586578994608
            ],
            [
              -98.75928643748114,
              29.375873354070837
            ],
            [
              -98.75921262564262,
              29.376449107945998
            ],
            [
              -98.75896348919107,
              29.376671708643475
            ],
            [
              -98.7589635056421,
              29.376671722207785
            ],
            [
              -98.76002806179623,
              29.37756419643391
            ],
            [
              -98.75897732210144,
              29.37850590370491
            ],
            [
              -98.75897730454774,
              29.37850592081714
            ],
            [
              -98.75897966406663,
              29.37850664511962
            ],
            [
              -98.75917721037987,
              29.37856474901582
            ],
            [
              -98.7593761547743,
              29.37861786903613
            ],
            [
              -98.75957637153363,
              29.37866597161313
            ],
            [
              -98.75957650024074,
              29.378666000718827
            ],
            [
              -98.75958721382933,
              29.378668421055924
            ],
            [
              -98.75958760098312,
              29.37866850747249
            ],
            [
              -98.75958954909106,
              29.378668949502696
            ],
            [
              -98.7595909566451,
              29.378669262431597
            ],
            [
              -98.75961639653988,
              29.37867495037735
            ],
            [
              -98.7596174282767,
              29.378675175105354
            ],
            [
              -98.7596313936808,
              29.378678264490848
            ],
            [
              -98.75965730447442,
              29.378683913574914
            ],
            [
              -98.75979829470096,
              29.37871317117521
            ],
            [
              -98.7599397713917,
              29.378739977837338
            ],
            [
              -98.7601397933045,
              29.37876915052988
            ],
            [
              -98.76034057594879,
              29.378792520197074
            ],
            [
              -98.76054195100338,
              29.378810067247525
            ],
            [
              -98.76074374965046,
              29.378821776971098
            ],
            [
              -98.76088206431886,
              29.37882780764097
            ],
            [
              -98.76107140989677,
              29.378834363855134
            ],
            [
              -98.7612608424157,
              29.378837534437796
            ],
            [
              -98.761450301343,
              29.378837318375798
            ],
            [
              -98.7616834983547,
              29.37883240985897
            ],
            [
              -98.76191653080514,
              29.37882236909995
            ],
            [
              -98.7621728636837,
              29.37880543003126
            ],
            [
              -98.76242870457295,
              29.378782215465208
            ],
            [
              -98.76268389986042,
              29.37875273934032
            ],
            [
              -98.76293829632131,
              29.378717019354706
            ],
            [
              -98.76319174121043,
              29.378675076955425
            ],
            [
              -98.76344408235397,
              29.378626937325603
            ],
            [
              -98.76369516824082,
              29.378572629369327
            ],
            [
              -98.76394484811351,
              29.378512185694266
            ],
            [
              -98.76394510478252,
              29.37851212118173
            ],
            [
              -98.76417895301469,
              29.378452343096587
            ],
            [
              -98.76418352052546,
              29.378451175453346
            ],
            [
              -98.76383944975916,
              29.37743461497421
            ],
            [
              -98.76377590374071,
              29.3773094121674
            ],
            [
              -98.76370658381997,
              29.377187311438977
            ],
            [
              -98.76363164106046,
              29.377068578873562
            ],
            [
              -98.76355123877909,
              29.376953473215817
            ],
            [
              -98.76346555219033,
              29.376842245306552
            ],
            [
              -98.76337476802428,
              29.37673513753611
            ],
            [
              -98.76327908411984,
              29.376632383316124
            ],
            [
              -98.7631787089935,
              29.376534206570888
            ],
            [
              -98.76307386138497,
              29.37644082124935
            ],
            [
              -98.76299774853078,
              29.37637741349863
            ],
            [
              -98.76291976348334,
              29.376316323059132
            ],
            [
              -98.76282085335498,
              29.376244012202523
            ],
            [
              -98.76269639131661,
              29.376160974407583
            ],
            [
              -98.76256860129037,
              29.3760831554923
            ],
            [
              -98.76243770197999,
              29.37601068863833
            ],
            [
              -98.76230391741052,
              29.37594369786765
            ],
            [
              -98.76216747654496,
              29.375882297830305
            ],
            [
              -98.76202861289234,
              29.37582659360818
            ],
            [
              -98.76188756410812,
              29.37577668053518
            ],
            [
              -98.76174457158751,
              29.37573264403405
            ],
            [
              -98.76159988005224,
              29.375694559470197
            ],
            [
              -98.76146761405012,
              29.375664663791014
            ],
            [
              -98.76133437295773,
              29.375639467397445
            ],
            [
              -98.76117492688782,
              29.375626203464428
            ],
            [
              -98.75931790087951,
              29.37562792370163
            ]
          ]
        ]
      },
      "properties": {
        "candidate_id": "Bexar:1050505",
        "county": "Bexar",
        "prop_id": "1050505",
        "owner": "BRIGGS RANCH LTD",
        "situs": "STATE HWY 211 ACCESS RD",
        "acres": 33.61,
        "reported_acres": 33.61,
        "geometry_acres": 33.47,
        "acres_source": "REPORTED",
        "land_value": 9164120.0,
        "assessed_value": 9164120.0,
        "improvement_value": 0.0,
        "improvement_ratio": 0.0,
        "gba": 0.0,
        "prop_use": "99",
        "legal": "CB 4325 P-3D (0.5477AC)& P-5E (33.0592AC) ABS 992 2023 SPLIT PER DOC 20220068828 FILED 3/18/22 \\\\ 2023-ROW SPLIT PER DEED 20220072954, EXE 02-02-2021",
        "cad_record_url": "",
        "parcel_source": "SARA / Bexar CAD",
        "parcel_snapshot": "2025-12",
        "parcel_freshness": "RECENT",
        "node_id": "INT-004",
        "node_name": "US 90 / SH 211",
        "node_score": 70.8,
        "node_edge_miles": 0.168,
        "dist_score": 97,
        "acre_score": 100,
        "raw_score": 100,
        "shape_score": 100,
        "compactness": 0.691,
        "aspect_ratio": 1.42,
        "road_score": 90,
        "frontage_roads": [
          "STATE HWY 211 ACCESS RD"
        ],
        "frontage_ft_proxy": 2491.0,
        "corner_signal": "NO",
        "major_road_signal": true,
        "mtp_row_flag": false,
        "flood_score": 100,
        "flood_pct": 0.0,
        "floodway_pct": 0.0,
        "flood_zones": [
          "X"
        ],
        "flood_confidence": "SCREENED",
        "future_land_use_score": 55,
        "future_land_use": [],
        "aadt": 11975,
        "aadt_5yr_growth_pct": 1302.2,
        "aadt_station_miles": 0.39,
        "aadt_route": "SH 211",
        "nearest_retail_catalyst": "Culebra / SH 211 H-E-B",
        "retail_catalyst_miles": 10.44,
        "future_residential_lots_nearby": 11075.5,
        "recent_housing_units_180d": 0,
        "utility_confidence": "PROXY",
        "utility_provider": "SAWS",
        "utility_distance_ft": 181.0,
        "utility_snapshot": "2021-07-21",
        "utility_context": "SAWS feature approximately 181 ft from parcel; capacity NOT verified",
        "assessed_value_per_acre": 272661.0,
        "land_value_per_acre": 272661.0,
        "parcel_opportunity_score": 80.6,
        "parcel_execution_score": 95.2,
        "parcel_fit_score": 100.0,
        "acquisition_complexity_score": 86.0,
        "utility_score": 100,
        "confidence_score": 45,
        "node_confidence_score": 100,
        "node_class": "EMERGING NODE",
        "node_evidence_model": "Bexar detailed growth + statewide road/traffic evidence",
        "node_component_scores": {
          "residential_growth": 86.1,
          "intersection_network": 100,
          "retail_catalyst": 28,
          "traffic": 40.2,
          "timing": 68.4
        },
        "parcel_component_scores": {
          "frontage_access": 90,
          "size_shape": 100.0,
          "utilities": 100,
          "flood": 100,
          "acquisition": 86.0
        },
        "acquisition_category": "EARLY SPECULATION",
        "decision_summary": "Interesting node/parcel thesis, but data freshness or execution certainty is not strong enough for active pursuit.",
        "main_risks": [
          "utility capacity is unverified",
          "important diligence data is incomplete"
        ],
        "usable_acres_proxy": 33.61,
        "eligible": true,
        "why_this_tract": "major-road frontage \u00b7 within \u00bc mile of the node \u00b7 11075 weighted future residential lots \u00b7 mapped SAWS feature ~181 ft from parcel \u00b7 mostly raw / low-improvement land",
        "verification_notes": "Frontage is a GIS proximity proxy, not legal access. Sewer distance is a mapped-line proxy, not a capacity commitment. Confirm current title/CAD, survey, curb access, median/turn movements, ROW, flood and provider capacity."
      }
    },
    {
      "type": "Feature",
      "geometry": {
        "type": "Polygon",
        "coordinates": [
          [
            [
              -98.77765427552701,
              29.41921638865524
            ],
            [
              -98.77765145943457,
              29.419218025257848
            ],
            [
              -98.7770480139466,
              29.419568672372197
            ],
            [
              -98.77713621386462,
              29.419636286012505
            ],
            [
              -98.77722045839606,
              29.41970876834704
            ],
            [
              -98.77730047914108,
              29.41978588844989
            ],
            [
              -98.77737602115667,
              29.419867400619385
            ],
            [
              -98.7774468437689,
              29.419953045160906
            ],
            [
              -98.77751272133968,
              29.42004254921425
            ],
            [
              -98.77757344398557,
              29.42013562762297
            ],
            [
              -98.77762881824663,
              29.420231983842847
            ],
            [
              -98.77767866770256,
              29.42033131088669
            ],
            [
              -98.77772283353494,
              29.420433292302384
            ],
            [
              -98.7777556928983,
              29.420524831970514
            ],
            [
              -98.7777833841361,
              29.420618065247574
            ],
            [
              -98.77780582066144,
              29.4207127006053
            ],
            [
              -98.77782293231829,
              29.420808442131307
            ],
            [
              -98.77783466560068,
              29.42090499045437
            ],
            [
              -98.7778409838202,
              29.42100204368051
            ],
            [
              -98.77784422467126,
              29.42115711348788
            ],
            [
              -98.77784643051213,
              29.42121017980306
            ],
            [
              -98.77784767644523,
              29.421239676361992
            ],
            [
              -98.77911469534348,
              29.42119933311543
            ],
            [
              -98.77911788433505,
              29.42119923191684
            ],
            [
              -98.77911786481152,
              29.42119920481544
            ],
            [
              -98.77906908089638,
              29.421132820195556
            ],
            [
              -98.77860363560907,
              29.420499440264695
            ],
            [
              -98.77854003283409,
              29.42041265416502
            ],
            [
              -98.77765896350851,
              29.419213665185627
            ],
            [
              -98.77765427552701,
              29.41921638865524
            ]
          ]
        ]
      },
      "properties": {
        "candidate_id": "Bexar:1180700",
        "county": "Bexar",
        "prop_id": "1180700",
        "owner": "ABISO POTRANCO TWO LP",
        "situs": "POTRANCO RD",
        "acres": 4.25,
        "reported_acres": 4.25,
        "geometry_acres": 4.38,
        "acres_source": "REPORTED",
        "land_value": 1075000.0,
        "assessed_value": 1075000.0,
        "improvement_value": 0.0,
        "improvement_ratio": 0.0,
        "gba": 0.0,
        "prop_use": "99",
        "legal": "CB 4349  P-4A  ABS 1018 2013 NEW ACCT PER DEED 15427/0285 EXEC 03/30/2012,",
        "cad_record_url": "",
        "parcel_source": "SARA / Bexar CAD",
        "parcel_snapshot": "2025-12",
        "parcel_freshness": "RECENT",
        "node_id": "INT-005",
        "node_name": "Potranco Rd / SH 211",
        "node_score": 71.5,
        "node_edge_miles": 0.212,
        "dist_score": 97,
        "acre_score": 86,
        "raw_score": 100,
        "shape_score": 80.7,
        "compactness": 0.504,
        "aspect_ratio": 2.47,
        "road_score": 100,
        "frontage_roads": [
          "FM 1957",
          "STEVENS PKWY",
          "POTRANCO RD"
        ],
        "frontage_ft_proxy": 1461.0,
        "corner_signal": "STRONG",
        "major_road_signal": true,
        "mtp_row_flag": true,
        "flood_score": 100,
        "flood_pct": 0.0,
        "floodway_pct": 0.0,
        "flood_zones": [
          "X"
        ],
        "flood_confidence": "SCREENED",
        "future_land_use_score": 55,
        "future_land_use": [
          "Suburban Tier / West"
        ],
        "aadt": 31370,
        "aadt_5yr_growth_pct": 77.1,
        "aadt_station_miles": 0.07,
        "aadt_route": "FM 1957",
        "nearest_retail_catalyst": "Culebra / SH 211 H-E-B",
        "retail_catalyst_miles": 7.32,
        "future_residential_lots_nearby": 11214.4,
        "recent_housing_units_180d": 0,
        "utility_confidence": "PROXY",
        "utility_provider": "SAWS",
        "utility_distance_ft": 36.0,
        "utility_snapshot": "2021-07-21",
        "utility_context": "SAWS feature approximately 36 ft from parcel; capacity NOT verified",
        "assessed_value_per_acre": 252941.0,
        "land_value_per_acre": 252941.0,
        "parcel_opportunity_score": 80.6,
        "parcel_execution_score": 94.2,
        "parcel_fit_score": 84.0,
        "acquisition_complexity_score": 86.0,
        "utility_score": 100,
        "confidence_score": 45,
        "node_confidence_score": 100,
        "node_class": "EMERGING NODE",
        "node_evidence_model": "Bexar detailed growth + statewide road/traffic evidence",
        "node_component_scores": {
          "residential_growth": 85.7,
          "intersection_network": 100,
          "retail_catalyst": 28,
          "traffic": 45.8,
          "timing": 67.2
        },
        "parcel_component_scores": {
          "frontage_access": 100,
          "size_shape": 84.0,
          "utilities": 100,
          "flood": 100,
          "acquisition": 86.0
        },
        "acquisition_category": "EARLY SPECULATION",
        "decision_summary": "Interesting node/parcel thesis, but data freshness or execution certainty is not strong enough for active pursuit.",
        "main_risks": [
          "utility capacity is unverified",
          "important diligence data is incomplete"
        ],
        "usable_acres_proxy": 4.25,
        "eligible": true,
        "why_this_tract": "corner exposure on a major road \u00b7 within \u00bc mile of the node \u00b7 11214 weighted future residential lots \u00b7 mapped SAWS feature ~36 ft from parcel \u00b7 mostly raw / low-improvement land",
        "verification_notes": "Frontage is a GIS proximity proxy, not legal access. Sewer distance is a mapped-line proxy, not a capacity commitment. Confirm current title/CAD, survey, curb access, median/turn movements, ROW, flood and provider capacity."
      }
    },
    {
      "type": "Feature",
      "geometry": {
        "type": "Polygon",
        "coordinates": [
          [
            [
              -98.77435904800033,
              29.42124142376393
            ],
            [
              -98.77435911320497,
              29.421254393580938
            ],
            [
              -98.77446008701513,
              29.42125452620648
            ],
            [
              -98.77445999298175,
              29.421240601704117
            ],
            [
              -98.7744550453249,
              29.42051195816935
            ],
            [
              -98.77500617496484,
              29.420509088890018
            ],
            [
              -98.775428965764,
              29.42050635805039
            ],
            [
              -98.77543000761011,
              29.420506880430924
            ],
            [
              -98.77595118868452,
              29.420503352358164
            ],
            [
              -98.77609953914751,
              29.420501314659848
            ],
            [
              -98.77708201821093,
              29.420482212962906
            ],
            [
              -98.77759025766439,
              29.4204724607812
            ],
            [
              -98.77772283353494,
              29.420433292302384
            ],
            [
              -98.77767866770256,
              29.42033131088669
            ],
            [
              -98.77762881824663,
              29.420231983842847
            ],
            [
              -98.77757344398557,
              29.42013562762297
            ],
            [
              -98.77751272133968,
              29.42004254921425
            ],
            [
              -98.7774468437689,
              29.419953045160906
            ],
            [
              -98.77737602115667,
              29.419867400619385
            ],
            [
              -98.77730047914108,
              29.41978588844989
            ],
            [
              -98.77722045839606,
              29.41970876834704
            ],
            [
              -98.77713621386462,
              29.419636286012505
            ],
            [
              -98.7770480139466,
              29.419568672372197
            ],
            [
              -98.77765145943457,
              29.419218025257848
            ],
            [
              -98.77765427552701,
              29.41921638865524
            ],
            [
              -98.77765896350851,
              29.419213665185627
            ],
            [
              -98.7762519163364,
              29.41729883887669
            ],
            [
              -98.77624947080018,
              29.417295510692917
            ],
            [
              -98.77624325330498,
              29.417300667772135
            ],
            [
              -98.77624127303996,
              29.41730231025715
            ],
            [
              -98.77623845648,
              29.417304646115145
            ],
            [
              -98.77592249288779,
              29.41756672205758
            ],
            [
              -98.77429428906858,
              29.418973076936872
            ],
            [
              -98.77391533178994,
              29.419303666315933
            ],
            [
              -98.77390269481384,
              29.41931469002492
            ],
            [
              -98.77378502805779,
              29.419415768067473
            ],
            [
              -98.77378547857855,
              29.41993908952282
            ],
            [
              -98.77379096539067,
              29.4205171585951
            ],
            [
              -98.77435538089917,
              29.420512402517733
            ],
            [
              -98.77435904800033,
              29.42124142376393
            ]
          ]
        ]
      },
      "properties": {
        "candidate_id": "Bexar:201245",
        "county": "Bexar",
        "prop_id": "201245",
        "owner": "RANCH ON POTRANCO LLC",
        "situs": "13620  FM 1957",
        "acres": 21.61,
        "reported_acres": 21.61,
        "geometry_acres": 21.92,
        "acres_source": "REPORTED",
        "land_value": 4800000.0,
        "assessed_value": 4800000.0,
        "improvement_value": 0.0,
        "improvement_ratio": 0.0,
        "gba": 0.0,
        "prop_use": "99",
        "legal": "CB 4349  P-4 ABS 1018 2021- RMS PER PLAT 20002/83-84, FILED 11-13-2020///2020- RMS PER SPLIT PER DEED 20190213909 & 20190213959 EXE 10-15-2019. AS\\GIS\\5-8-2020.\\2020-SPLIT PER DEED 20190021304 EXE 02-05-2019\\ 2018 RESURVEYED PER DEED 18816/1109 EXEC 10/27/2017. 2015 LEG/MAP CO",
        "cad_record_url": "",
        "parcel_source": "SARA / Bexar CAD",
        "parcel_snapshot": "2025-12",
        "parcel_freshness": "RECENT",
        "node_id": "INT-005",
        "node_name": "Potranco Rd / SH 211",
        "node_score": 71.5,
        "node_edge_miles": 0.301,
        "dist_score": 90,
        "acre_score": 100,
        "raw_score": 100,
        "shape_score": 85.3,
        "compactness": 0.533,
        "aspect_ratio": 1.06,
        "road_score": 90,
        "frontage_roads": [
          "FM 1957"
        ],
        "frontage_ft_proxy": 264.0,
        "corner_signal": "NO",
        "major_road_signal": true,
        "mtp_row_flag": true,
        "flood_score": 100,
        "flood_pct": 0.0,
        "floodway_pct": 0.0,
        "flood_zones": [
          "X"
        ],
        "flood_confidence": "SCREENED",
        "future_land_use_score": 55,
        "future_land_use": [
          "Suburban Tier / West"
        ],
        "aadt": 31370,
        "aadt_5yr_growth_pct": 77.1,
        "aadt_station_miles": 0.17,
        "aadt_route": "FM 1957",
        "nearest_retail_catalyst": "Culebra / SH 211 H-E-B",
        "retail_catalyst_miles": 7.42,
        "future_residential_lots_nearby": 11214.4,
        "recent_housing_units_180d": 0,
        "utility_confidence": "PROXY",
        "utility_provider": "SAWS",
        "utility_distance_ft": 0.0,
        "utility_snapshot": "2021-07-21",
        "utility_context": "SAWS feature approximately 0 ft from parcel; capacity NOT verified",
        "assessed_value_per_acre": 222119.0,
        "land_value_per_acre": 222119.0,
        "parcel_opportunity_score": 80.4,
        "parcel_execution_score": 93.8,
        "parcel_fit_score": 94.4,
        "acquisition_complexity_score": 86.0,
        "utility_score": 100,
        "confidence_score": 45,
        "node_confidence_score": 100,
        "node_class": "EMERGING NODE",
        "node_evidence_model": "Bexar detailed growth + statewide road/traffic evidence",
        "node_component_scores": {
          "residential_growth": 85.7,
          "intersection_network": 100,
          "retail_catalyst": 28,
          "traffic": 45.8,
          "timing": 67.2
        },
        "parcel_component_scores": {
          "frontage_access": 90,
          "size_shape": 94.4,
          "utilities": 100,
          "flood": 100,
          "acquisition": 86.0
        },
        "acquisition_category": "EARLY SPECULATION",
        "decision_summary": "Interesting node/parcel thesis, but data freshness or execution certainty is not strong enough for active pursuit.",
        "main_risks": [
          "utility capacity is unverified",
          "important diligence data is incomplete"
        ],
        "usable_acres_proxy": 21.61,
        "eligible": true,
        "why_this_tract": "major-road frontage \u00b7 within \u00bd mile of the node \u00b7 11214 weighted future residential lots \u00b7 mapped SAWS feature ~0 ft from parcel \u00b7 mostly raw / low-improvement land",
        "verification_notes": "Frontage is a GIS proximity proxy, not legal access. Sewer distance is a mapped-line proxy, not a capacity commitment. Confirm current title/CAD, survey, curb access, median/turn movements, ROW, flood and provider capacity."
      }
    },
    {
      "type": "Feature",
      "geometry": {
        "type": "Polygon",
        "coordinates": [
          [
            [
              -98.78283840287733,
              29.424193743031054
            ],
            [
              -98.78283827333227,
              29.42419456481822
            ],
            [
              -98.78283823362952,
              29.424194818300712
            ],
            [
              -98.78293756270689,
              29.424192818721643
            ],
            [
              -98.7840693583772,
              29.424170023718155
            ],
            [
              -98.78496487999983,
              29.424151979419552
            ],
            [
              -98.7849732730224,
              29.42415181246912
            ],
            [
              -98.78497795448071,
              29.4241517189467
            ],
            [
              -98.78510386115883,
              29.424138408664792
            ],
            [
              -98.785103854368,
              29.42413771568542
            ],
            [
              -98.78508587881848,
              29.422160839715602
            ],
            [
              -98.78476425466789,
              29.422166863582685
            ],
            [
              -98.78476058036507,
              29.422016875962278
            ],
            [
              -98.78475581270794,
              29.421822208140846
            ],
            [
              -98.78475028944297,
              29.4215967362739
            ],
            [
              -98.78477541425808,
              29.421596250714042
            ],
            [
              -98.78477271948057,
              29.42148626736088
            ],
            [
              -98.78474759469243,
              29.421486752920227
            ],
            [
              -98.78474564775219,
              29.42140737057337
            ],
            [
              -98.78474563922201,
              29.4214070159545
            ],
            [
              -98.78462001743492,
              29.421409444584256
            ],
            [
              -98.7845484298234,
              29.421410828769165
            ],
            [
              -98.78454843834531,
              29.42141118699727
            ],
            [
              -98.78455793698468,
              29.421798955318195
            ],
            [
              -98.78456342675118,
              29.42202300780908
            ],
            [
              -98.78456704194639,
              29.42217058077719
            ],
            [
              -98.78418058267273,
              29.422177830461298
            ],
            [
              -98.78415991647083,
              29.422178218446515
            ],
            [
              -98.7841589867806,
              29.422178243111105
            ],
            [
              -98.78384238190885,
              29.42218418624766
            ],
            [
              -98.78385654523281,
              29.422745996492925
            ],
            [
              -98.78387384046991,
              29.423432009212164
            ],
            [
              -98.78388175963285,
              29.42374614518599
            ],
            [
              -98.78389117866166,
              29.424119754336026
            ],
            [
              -98.78299120757998,
              29.424136908072924
            ],
            [
              -98.78298983071001,
              29.42408191680514
            ],
            [
              -98.78293310809289,
              29.424082997640582
            ],
            [
              -98.78285557560248,
              29.424084475025413
            ],
            [
              -98.78283840287733,
              29.424193743031054
            ]
          ]
        ]
      },
      "properties": {
        "candidate_id": "Bexar:1346455",
        "county": "Bexar",
        "prop_id": "1346455",
        "owner": "SA 211 CROSSING LP",
        "situs": "POTRANCO RD",
        "acres": 6.9,
        "reported_acres": 6.9,
        "geometry_acres": 7.06,
        "acres_source": "REPORTED",
        "land_value": 2824890.0,
        "assessed_value": 2824890.0,
        "improvement_value": 0.0,
        "improvement_ratio": 0.0,
        "gba": 0.0,
        "prop_use": "99",
        "legal": "CB 4369A (REDBIRD RANCH 211/POTRANCO), BLOCK 1 LOT 13 2022-NEW PER PLAT 20002/703-707, FILED 5-21-2021",
        "cad_record_url": "",
        "parcel_source": "SARA / Bexar CAD",
        "parcel_snapshot": "2025-12",
        "parcel_freshness": "RECENT",
        "node_id": "INT-005",
        "node_name": "Potranco Rd / SH 211",
        "node_score": 71.5,
        "node_edge_miles": 0.097,
        "dist_score": 100,
        "acre_score": 100,
        "raw_score": 100,
        "shape_score": 50.5,
        "compactness": 0.316,
        "aspect_ratio": 1.4,
        "road_score": 100,
        "frontage_roads": [
          "STATE HWY 211 S",
          "POTRANCO RD",
          "FM 1957"
        ],
        "frontage_ft_proxy": 3203.0,
        "corner_signal": "STRONG",
        "major_road_signal": true,
        "mtp_row_flag": true,
        "flood_score": 100,
        "flood_pct": 0.0,
        "floodway_pct": 0.0,
        "flood_zones": [
          "X"
        ],
        "flood_confidence": "SCREENED",
        "future_land_use_score": 55,
        "future_land_use": [],
        "aadt": 22346,
        "aadt_5yr_growth_pct": 0,
        "aadt_station_miles": 0.05,
        "aadt_route": "FM 1957",
        "nearest_retail_catalyst": "Culebra / SH 211 H-E-B",
        "retail_catalyst_miles": 7.06,
        "future_residential_lots_nearby": 11214.4,
        "recent_housing_units_180d": 0,
        "utility_confidence": "PROXY",
        "utility_provider": "SAWS",
        "utility_distance_ft": 0.0,
        "utility_snapshot": "2021-07-21",
        "utility_context": "SAWS feature approximately 0 ft from parcel; capacity NOT verified",
        "assessed_value_per_acre": 409404.0,
        "land_value_per_acre": 409404.0,
        "parcel_opportunity_score": 80.1,
        "parcel_execution_score": 93.0,
        "parcel_fit_score": 81.2,
        "acquisition_complexity_score": 81.8,
        "utility_score": 100,
        "confidence_score": 45,
        "node_confidence_score": 100,
        "node_class": "EMERGING NODE",
        "node_evidence_model": "Bexar detailed growth + statewide road/traffic evidence",
        "node_component_scores": {
          "residential_growth": 85.7,
          "intersection_network": 100,
          "retail_catalyst": 28,
          "traffic": 45.8,
          "timing": 67.2
        },
        "parcel_component_scores": {
          "frontage_access": 100,
          "size_shape": 81.2,
          "utilities": 100,
          "flood": 100,
          "acquisition": 81.8
        },
        "acquisition_category": "EARLY SPECULATION",
        "decision_summary": "Interesting node/parcel thesis, but data freshness or execution certainty is not strong enough for active pursuit.",
        "main_risks": [
          "utility capacity is unverified",
          "parcel geometry is less efficient",
          "important diligence data is incomplete"
        ],
        "usable_acres_proxy": 6.9,
        "eligible": true,
        "why_this_tract": "corner exposure on a major road \u00b7 within \u00bc mile of the node \u00b7 11214 weighted future residential lots \u00b7 mapped SAWS feature ~0 ft from parcel \u00b7 mostly raw / low-improvement land",
        "verification_notes": "Frontage is a GIS proximity proxy, not legal access. Sewer distance is a mapped-line proxy, not a capacity commitment. Confirm current title/CAD, survey, curb access, median/turn movements, ROW, flood and provider capacity."
      }
    },
    {
      "type": "Feature",
      "geometry": {
        "type": "Polygon",
        "coordinates": [
          [
            [
              -98.77828107240293,
              29.432269977367987
            ],
            [
              -98.77828992993243,
              29.43250533225848
            ],
            [
              -98.77830458142688,
              29.432740397598373
            ],
            [
              -98.77832501799723,
              29.432975030773562
            ],
            [
              -98.77835122724461,
              29.43320908943215
            ],
            [
              -98.77838319326787,
              29.43344243157079
            ],
            [
              -98.77842089667324,
              29.43367491562085
            ],
            [
              -98.77845572831576,
              29.433665248383942
            ],
            [
              -98.779691477944,
              29.433322278081704
            ],
            [
              -98.78040976908994,
              29.43340235064051
            ],
            [
              -98.78203527147718,
              29.43208258352511
            ],
            [
              -98.78245329392063,
              29.43191167512687
            ],
            [
              -98.7825352836738,
              29.43194582447381
            ],
            [
              -98.78317921852496,
              29.432479726070298
            ],
            [
              -98.7838789725894,
              29.432844952901295
            ],
            [
              -98.78401202557845,
              29.432914397137484
            ],
            [
              -98.78334745194694,
              29.431653473795173
            ],
            [
              -98.783203928048,
              29.431390263940227
            ],
            [
              -98.78306566690162,
              29.431124251924125
            ],
            [
              -98.78293272319273,
              29.430855542959684
            ],
            [
              -98.78280514950308,
              29.430584243326408
            ],
            [
              -98.78268299629049,
              29.430310460328467
            ],
            [
              -98.78256631186889,
              29.430034302252245
            ],
            [
              -98.78245514238918,
              29.429755878323515
            ],
            [
              -98.78234953182101,
              29.429475298664244
            ],
            [
              -98.78224952193537,
              29.429192674249016
            ],
            [
              -98.78215515228807,
              29.428908116861177
            ],
            [
              -98.7820664602041,
              29.428621739048577
            ],
            [
              -98.7820664387092,
              29.428621668634005
            ],
            [
              -98.78206505917757,
              29.42861703667216
            ],
            [
              -98.78198229192503,
              29.428327872837304
            ],
            [
              -98.78190554254397,
              29.42803705386615
            ],
            [
              -98.78183484408224,
              29.427744704983837
            ],
            [
              -98.78177022698223,
              29.42745095207429
            ],
            [
              -98.78171171906777,
              29.427155921625992
            ],
            [
              -98.78165934553202,
              29.426859740677525
            ],
            [
              -98.7816131289268,
              29.426562536762884
            ],
            [
              -98.78157308915269,
              29.426264437856528
            ],
            [
              -98.78153924345064,
              29.42596557231831
            ],
            [
              -98.78151160639443,
              29.425666068838193
            ],
            [
              -98.78149018988444,
              29.42536605638082
            ],
            [
              -98.78147500314249,
              29.425065664130006
            ],
            [
              -98.78147069915579,
              29.42489516431671
            ],
            [
              -98.78129284321179,
              29.424073333928234
            ],
            [
              -98.78129030037748,
              29.42397258676633
            ],
            [
              -98.78128783287814,
              29.423972634157728
            ],
            [
              -98.77812546189631,
              29.424033682465634
            ],
            [
              -98.77816918918559,
              29.425702653993486
            ],
            [
              -98.77816748239117,
              29.425702651159245
            ],
            [
              -98.77814538991676,
              29.42570261447126
            ],
            [
              -98.77811578383663,
              29.425702565300025
            ],
            [
              -98.77811628582542,
              29.425722516943836
            ],
            [
              -98.77817809013244,
              29.428178251468797
            ],
            [
              -98.77819265171186,
              29.42875683531861
            ],
            [
              -98.77819381804827,
              29.428803178582562
            ],
            [
              -98.77827686038216,
              29.43210263947986
            ],
            [
              -98.77828107240293,
              29.432269977367987
            ]
          ]
        ]
      },
      "properties": {
        "candidate_id": "Bexar:1109564",
        "county": "Bexar",
        "prop_id": "1109564",
        "owner": "CUMBERLAND POTRANCO JOINT VENTURE",
        "situs": "FM 1957",
        "acres": 94.43,
        "reported_acres": 94.43,
        "geometry_acres": 95.56,
        "acres_source": "REPORTED",
        "land_value": 10357160.0,
        "assessed_value": 10357160.0,
        "improvement_value": 0.0,
        "improvement_ratio": 0.0,
        "gba": 0.0,
        "prop_use": "99",
        "legal": "CB 4368 P-1F (42.6706), CB 4370 P-1 (49.1516), CB 4371 P-3D (2.604) 2018 NEW REMAINS PER DEED 18427/1352 EXEC 03/28/2017, 2017 RESUVEY/SPLIT PER DEED 17880/1505 EXEC 05/27/2016. 2015 LEG/MAP CORR PER PLAT 9665/116-24 FILED 03/07/2014.",
        "cad_record_url": "",
        "parcel_source": "SARA / Bexar CAD",
        "parcel_snapshot": "2025-12",
        "parcel_freshness": "RECENT",
        "node_id": "INT-005",
        "node_name": "Potranco Rd / SH 211",
        "node_score": 71.5,
        "node_edge_miles": 0.203,
        "dist_score": 97,
        "acre_score": 92,
        "raw_score": 100,
        "shape_score": 82.8,
        "compactness": 0.517,
        "aspect_ratio": 1.93,
        "road_score": 100,
        "frontage_roads": [
          "SH 211",
          "STEVENS PKWY",
          "TAPIA WAY",
          "BELLA VISTA PLACE"
        ],
        "frontage_ft_proxy": 12001.0,
        "corner_signal": "STRONG",
        "major_road_signal": true,
        "mtp_row_flag": true,
        "flood_score": 75,
        "flood_pct": 14.8,
        "floodway_pct": 0.0,
        "flood_zones": [
          "AE",
          "X"
        ],
        "flood_confidence": "SCREENED",
        "future_land_use_score": 55,
        "future_land_use": [],
        "aadt": 16500,
        "aadt_5yr_growth_pct": 0,
        "aadt_station_miles": 0.04,
        "aadt_route": "SH 211",
        "nearest_retail_catalyst": "Culebra / SH 211 H-E-B",
        "retail_catalyst_miles": 6.72,
        "future_residential_lots_nearby": 11214.4,
        "recent_housing_units_180d": 0,
        "utility_confidence": "PROXY",
        "utility_provider": "SAWS",
        "utility_distance_ft": 0.0,
        "utility_snapshot": "2021-07-21",
        "utility_context": "SAWS feature approximately 0 ft from parcel; capacity NOT verified",
        "assessed_value_per_acre": 109681.0,
        "land_value_per_acre": 109681.0,
        "parcel_opportunity_score": 80.0,
        "parcel_execution_score": 92.8,
        "parcel_fit_score": 88.5,
        "acquisition_complexity_score": 90.2,
        "utility_score": 100,
        "confidence_score": 45,
        "node_confidence_score": 100,
        "node_class": "EMERGING NODE",
        "node_evidence_model": "Bexar detailed growth + statewide road/traffic evidence",
        "node_component_scores": {
          "residential_growth": 85.7,
          "intersection_network": 100,
          "retail_catalyst": 28,
          "traffic": 45.8,
          "timing": 67.2
        },
        "parcel_component_scores": {
          "frontage_access": 100,
          "size_shape": 88.5,
          "utilities": 100,
          "flood": 75,
          "acquisition": 90.2
        },
        "acquisition_category": "EARLY SPECULATION",
        "decision_summary": "Interesting node/parcel thesis, but data freshness or execution certainty is not strong enough for active pursuit.",
        "main_risks": [
          "utility capacity is unverified",
          "14.8% mapped SFHA overlap",
          "important diligence data is incomplete"
        ],
        "usable_acres_proxy": 80.45,
        "eligible": true,
        "why_this_tract": "corner exposure on a major road \u00b7 within \u00bc mile of the node \u00b7 11214 weighted future residential lots \u00b7 mapped SAWS feature ~0 ft from parcel \u00b7 mostly raw / low-improvement land",
        "verification_notes": "Frontage is a GIS proximity proxy, not legal access. Sewer distance is a mapped-line proxy, not a capacity commitment. Confirm current title/CAD, survey, curb access, median/turn movements, ROW, flood and provider capacity."
      }
    },
    {
      "type": "Feature",
      "geometry": {
        "type": "Polygon",
        "coordinates": [
          [
            [
              -98.7470701192435,
              29.414727939424576
            ],
            [
              -98.74737859614949,
              29.41451847838007
            ],
            [
              -98.74766132797878,
              29.413149540533702
            ],
            [
              -98.74765409445402,
              29.41311235912275
            ],
            [
              -98.74755549689509,
              29.412605588112363
            ],
            [
              -98.74757027025491,
              29.412496281926312
            ],
            [
              -98.74743979202019,
              29.412482416877282
            ],
            [
              -98.7473101150662,
              29.41246239946172
            ],
            [
              -98.7471815293271,
              29.41243627443494
            ],
            [
              -98.74705432229732,
              29.412404100207766
            ],
            [
              -98.74692877838868,
              29.412365948715937
            ],
            [
              -98.74680517829464,
              29.41232190525928
            ],
            [
              -98.74668379836258,
              29.41227206831097
            ],
            [
              -98.74656490997604,
              29.412216549297394
            ],
            [
              -98.7464487789479,
              29.412155472349006
            ],
            [
              -98.74633566492608,
              29.412088974022787
            ],
            [
              -98.74595418231965,
              29.411855251250795
            ],
            [
              -98.7458478482555,
              29.41179470231253
            ],
            [
              -98.74573861892843,
              29.411739547428486
            ],
            [
              -98.74562676774443,
              29.41168992465384
            ],
            [
              -98.74551257467209,
              29.41164595819666
            ],
            [
              -98.74539632554188,
              29.41160775810699
            ],
            [
              -98.74527831133065,
              29.411575420001384
            ],
            [
              -98.74515882743334,
              29.411549024823596
            ],
            [
              -98.74503817292359,
              29.41152863864196
            ],
            [
              -98.7449166498051,
              29.411514312484012
            ],
            [
              -98.7447945622558,
              29.411506082208778
            ],
            [
              -98.74467221586636,
              29.411503968417012
            ],
            [
              -98.74405924154543,
              29.411506081459734
            ],
            [
              -98.74392787358158,
              29.411503719710236
            ],
            [
              -98.7437967352378,
              29.411495604627138
            ],
            [
              -98.74366607836336,
              29.41148175179534
            ],
            [
              -98.74353615388293,
              29.411462187819005
            ],
            [
              -98.74340721131459,
              29.411436950270467
            ],
            [
              -98.74327949829069,
              29.411406087618083
            ],
            [
              -98.74236370598327,
              29.411162611161956
            ],
            [
              -98.74224355326659,
              29.411134131208858
            ],
            [
              -98.74212206959237,
              29.41111200656312
            ],
            [
              -98.74199959087298,
              29.411096298401205
            ],
            [
              -98.74187645577221,
              29.41108705015749
            ],
            [
              -98.7417530047688,
              29.411084287404126
            ],
            [
              -98.74162978218074,
              29.411084709591503
            ],
            [
              -98.7441802769348,
              29.413308614570347
            ],
            [
              -98.74445958234305,
              29.413557240664947
            ],
            [
              -98.74448655302889,
              29.41350312689509
            ],
            [
              -98.74548601383664,
              29.413491832525953
            ],
            [
              -98.74657438025986,
              29.41393026196574
            ],
            [
              -98.74655386225673,
              29.414029601085357
            ],
            [
              -98.74684009003622,
              29.41408582240216
            ],
            [
              -98.74681322080187,
              29.414088359625453
            ],
            [
              -98.74678716406905,
              29.41409539097893
            ],
            [
              -98.74676266596602,
              29.414106715121488
            ],
            [
              -98.74674042799003,
              29.414122007789043
            ],
            [
              -98.74672108692018,
              29.414140831079752
            ],
            [
              -98.74670519658329,
              29.414162645993237
            ],
            [
              -98.74669321199534,
              29.414186827864718
            ],
            [
              -98.7466854763321,
              29.41421268425215
            ],
            [
              -98.74668221110242,
              29.414239474764123
            ],
            [
              -98.74668350980538,
              29.414266432260806
            ],
            [
              -98.74668933525292,
              29.414292784820788
            ],
            [
              -98.74669952063475,
              29.414317777844886
            ],
            [
              -98.74671377429493,
              29.414340695663896
            ],
            [
              -98.74673168808336,
              29.414360882031602
            ],
            [
              -98.74675274904301,
              29.414377758916242
            ],
            [
              -98.7467763540984,
              29.41439084305231
            ],
            [
              -98.74680182732448,
              29.414399759778725
            ],
            [
              -98.74682843930157,
              29.41440425376718
            ],
            [
              -98.74685542800212,
              29.414404196333404
            ],
            [
              -98.74688202061124,
              29.414399589122
            ],
            [
              -98.74690745565599,
              29.414390564059353
            ],
            [
              -98.74693100480998,
              29.414377379575946
            ],
            [
              -98.7470701192435,
              29.414727939424576
            ]
          ]
        ]
      },
      "properties": {
        "candidate_id": "Bexar:1401059",
        "county": "Bexar",
        "prop_id": "1401059",
        "owner": "ARCADIA 75 LLC",
        "situs": "FM 1957",
        "acres": 23.17,
        "reported_acres": 23.17,
        "geometry_acres": 23.4,
        "acres_source": "REPORTED",
        "land_value": 1550000.0,
        "assessed_value": 1550000.0,
        "improvement_value": 0.0,
        "improvement_ratio": 0.0,
        "gba": 0.0,
        "prop_use": "9",
        "legal": "CB 4350  P-1H  ABS 444 2024 NEW ACCT PER DEED 20230015881//  2024 SPLIT PER DEED 20230008456 // 2022-RMS PER SPLIT PER DEED 20210344002, EXE 12-09-2021///2022- NON ADJ PER PLAT 20002/1079, FILED 09-10-2021",
        "cad_record_url": "",
        "parcel_source": "SARA / Bexar CAD",
        "parcel_snapshot": "2025-12",
        "parcel_freshness": "RECENT",
        "node_id": "INT-024",
        "node_name": "Talley Rd / Potranco Rd",
        "node_score": 70.7,
        "node_edge_miles": 0.041,
        "dist_score": 100,
        "acre_score": 100,
        "raw_score": 100,
        "shape_score": 72.3,
        "compactness": 0.452,
        "aspect_ratio": 2.77,
        "road_score": 90,
        "frontage_roads": [
          "W GROSENBACHER RD"
        ],
        "frontage_ft_proxy": 685.0,
        "corner_signal": "NO",
        "major_road_signal": true,
        "mtp_row_flag": true,
        "flood_score": 100,
        "flood_pct": 0.0,
        "floodway_pct": 0.0,
        "flood_zones": [
          "X"
        ],
        "flood_confidence": "SCREENED",
        "future_land_use_score": 55,
        "future_land_use": [
          "Suburban Tier / West"
        ],
        "aadt": 39506,
        "aadt_5yr_growth_pct": 0,
        "aadt_station_miles": 0.88,
        "aadt_route": "FM 1957",
        "nearest_retail_catalyst": "Culebra / SH 211 H-E-B",
        "retail_catalyst_miles": 8.44,
        "future_residential_lots_nearby": 11355.8,
        "recent_housing_units_180d": 0,
        "utility_confidence": "PROXY",
        "utility_provider": "SAWS",
        "utility_distance_ft": 0.0,
        "utility_snapshot": "2021-07-21",
        "utility_context": "SAWS feature approximately 0 ft from parcel; capacity NOT verified",
        "assessed_value_per_acre": 66897.0,
        "land_value_per_acre": 66897.0,
        "parcel_opportunity_score": 79.9,
        "parcel_execution_score": 93.6,
        "parcel_fit_score": 89.5,
        "acquisition_complexity_score": 94.4,
        "utility_score": 100,
        "confidence_score": 45,
        "node_confidence_score": 100,
        "node_class": "EMERGING NODE",
        "node_evidence_model": "Bexar detailed growth + statewide road/traffic evidence",
        "node_component_scores": {
          "residential_growth": 85.6,
          "intersection_network": 94,
          "retail_catalyst": 28,
          "traffic": 51.5,
          "timing": 65.6
        },
        "parcel_component_scores": {
          "frontage_access": 90,
          "size_shape": 89.5,
          "utilities": 100,
          "flood": 100,
          "acquisition": 94.4
        },
        "acquisition_category": "EARLY SPECULATION",
        "decision_summary": "Interesting node/parcel thesis, but data freshness or execution certainty is not strong enough for active pursuit.",
        "main_risks": [
          "utility capacity is unverified",
          "important diligence data is incomplete"
        ],
        "usable_acres_proxy": 23.17,
        "eligible": true,
        "why_this_tract": "major-road frontage \u00b7 within \u00bc mile of the node \u00b7 11355 weighted future residential lots \u00b7 mapped SAWS feature ~0 ft from parcel \u00b7 mostly raw / low-improvement land",
        "verification_notes": "Frontage is a GIS proximity proxy, not legal access. Sewer distance is a mapped-line proxy, not a capacity commitment. Confirm current title/CAD, survey, curb access, median/turn movements, ROW, flood and provider capacity."
      }
    },
    {
      "type": "Feature",
      "geometry": {
        "type": "Polygon",
        "coordinates": [
          [
            [
              -98.3237863125309,
              29.460905716358237
            ],
            [
              -98.32377300962692,
              29.45730572099011
            ],
            [
              -98.32243620721114,
              29.457740491649133
            ],
            [
              -98.32245675398858,
              29.458487340003455
            ],
            [
              -98.32205279342881,
              29.459710594594505
            ],
            [
              -98.32184582391184,
              29.46033731784446
            ],
            [
              -98.32181500952657,
              29.46043062637643
            ],
            [
              -98.3237863125309,
              29.460905716358237
            ]
          ]
        ]
      },
      "properties": {
        "candidate_id": "Bexar:685394",
        "county": "Bexar",
        "prop_id": "685394",
        "owner": "RS ANDRADE PROPERTY GROUP LLC",
        "situs": "8457  INTERSTATE 10 E",
        "acres": 13.13,
        "reported_acres": 13.13,
        "geometry_acres": 13.14,
        "acres_source": "REPORTED",
        "land_value": 686350.0,
        "assessed_value": 686350.0,
        "improvement_value": 0.0,
        "improvement_ratio": 0.0,
        "gba": 0.0,
        "prop_use": "99",
        "legal": "NCB 17990  P-7 (1.55) & P-7A (4.131) CB 5090 P-7    A-739 (7.453)",
        "cad_record_url": "",
        "parcel_source": "SARA / Bexar CAD",
        "parcel_snapshot": "2025-12",
        "parcel_freshness": "RECENT",
        "node_id": "INT-010",
        "node_name": "FM 1516 / I-10 East",
        "node_score": 77.6,
        "node_edge_miles": 0.3,
        "dist_score": 90,
        "acre_score": 100,
        "raw_score": 100,
        "shape_score": 98.4,
        "compactness": 0.615,
        "aspect_ratio": 2.09,
        "road_score": 100,
        "frontage_roads": [
          "IH 10",
          "IH 10 E ACCESS RD"
        ],
        "frontage_ft_proxy": 657.0,
        "corner_signal": "STRONG",
        "major_road_signal": true,
        "mtp_row_flag": false,
        "flood_score": 100,
        "flood_pct": 0.0,
        "floodway_pct": 0.0,
        "flood_zones": [
          "X"
        ],
        "flood_confidence": "SCREENED",
        "future_land_use_score": 100,
        "future_land_use": [
          "Community Commercial / I-10 East Corridor",
          "Industrial / I-10 East Corridor"
        ],
        "aadt": 16373,
        "aadt_5yr_growth_pct": 445.4,
        "aadt_station_miles": 0.94,
        "aadt_route": "IH 10",
        "nearest_retail_catalyst": "H-E-B Foster campus",
        "retail_catalyst_miles": 3.55,
        "future_residential_lots_nearby": 4214.4,
        "recent_housing_units_180d": 0,
        "utility_confidence": "UNKNOWN",
        "utility_provider": "SAWS",
        "utility_distance_ft": null,
        "utility_snapshot": "2021-07-21",
        "utility_context": "No mapped sewer feature returned near parcel",
        "assessed_value_per_acre": 52273.0,
        "land_value_per_acre": 52273.0,
        "parcel_opportunity_score": 79.8,
        "parcel_execution_score": 83.1,
        "parcel_fit_score": 99.4,
        "acquisition_complexity_score": 94.4,
        "utility_score": 20,
        "confidence_score": 45,
        "node_confidence_score": 94,
        "node_class": "PRIORITY NODE",
        "node_evidence_model": "Bexar detailed growth + statewide road/traffic evidence",
        "node_component_scores": {
          "residential_growth": 62.7,
          "intersection_network": 100,
          "retail_catalyst": 72,
          "traffic": 89.1,
          "timing": 57.6
        },
        "parcel_component_scores": {
          "frontage_access": 100,
          "size_shape": 99.4,
          "utilities": 20,
          "flood": 100,
          "acquisition": 94.4
        },
        "acquisition_category": "EARLY SPECULATION",
        "decision_summary": "Interesting node/parcel thesis, but data freshness or execution certainty is not strong enough for active pursuit.",
        "main_risks": [
          "mapped sewer path is unverified",
          "important diligence data is incomplete"
        ],
        "usable_acres_proxy": 13.13,
        "eligible": true,
        "why_this_tract": "corner exposure on a major road \u00b7 within \u00bd mile of the node \u00b7 4214 weighted future residential lots \u00b7 mostly raw / low-improvement land \u00b7 no mapped FEMA SFHA overlap returned",
        "verification_notes": "Frontage is a GIS proximity proxy, not legal access. Sewer distance is a mapped-line proxy, not a capacity commitment. Confirm current title/CAD, survey, curb access, median/turn movements, ROW, flood and provider capacity."
      }
    },
    {
      "type": "Feature",
      "geometry": {
        "type": "Polygon",
        "coordinates": [
          [
            [
              -98.74001839861954,
              29.409379230096633
            ],
            [
              -98.73989275962062,
              29.409379588226656
            ],
            [
              -98.73976712062311,
              29.40937994533626
            ],
            [
              -98.73964148059423,
              29.40938030232565
            ],
            [
              -98.73951584056218,
              29.409380660099156
            ],
            [
              -98.73951695994256,
              29.40968318100416
            ],
            [
              -98.73951746959446,
              29.409820691569234
            ],
            [
              -98.73951859413933,
              29.410123211558908
            ],
            [
              -98.73964423404963,
              29.410122854683134
            ],
            [
              -98.73976987499188,
              29.410122496788908
            ],
            [
              -98.7398955148981,
              29.410122140579098
            ],
            [
              -98.74002115583629,
              29.41012178335078
            ],
            [
              -98.74014679574312,
              29.410121426002288
            ],
            [
              -98.74027243668183,
              29.410121067635338
            ],
            [
              -98.74039807658689,
              29.410120710050474
            ],
            [
              -98.74052371648872,
              29.41012035324977
            ],
            [
              -98.74064935639433,
              29.410119994526227
            ],
            [
              -98.74077499732725,
              29.410119636588828
            ],
            [
              -98.74090063825929,
              29.410119278533248
            ],
            [
              -98.74102627816224,
              29.410118919455204
            ],
            [
              -98.7411519180597,
              29.410118562063538
            ],
            [
              -98.7412775579586,
              29.410118203651404
            ],
            [
              -98.74140319888713,
              29.410117845123093
            ],
            [
              -98.74152883981705,
              29.41011748557431
            ],
            [
              -98.74165447971333,
              29.410117126807652
            ],
            [
              -98.74178011960639,
              29.410116768825105
            ],
            [
              -98.74190576053368,
              29.410116408921763
            ],
            [
              -98.7420314004273,
              29.410116049800504
            ],
            [
              -98.7420325293062,
              29.410418571552228
            ],
            [
              -98.74207775930638,
              29.410418442346597
            ],
            [
              -98.74207827240076,
              29.410555952884337
            ],
            [
              -98.74207945334389,
              29.41087222855393
            ],
            [
              -98.74319158480563,
              29.41085125077523
            ],
            [
              -98.74331206196952,
              29.40932023203192
            ],
            [
              -98.74330902193641,
              29.40932024062639
            ],
            [
              -98.74289221377074,
              29.40932143664932
            ],
            [
              -98.74286080352609,
              29.40932152686772
            ],
            [
              -98.74286098919188,
              29.40937111343059
            ],
            [
              -98.74270393995502,
              29.409371563513734
            ],
            [
              -98.74253118764643,
              29.40937205893681
            ],
            [
              -98.7424055476369,
              29.409372418526182
            ],
            [
              -98.74227990762648,
              29.409372777997422
            ],
            [
              -98.74215426864347,
              29.409373138254708
            ],
            [
              -98.74202862966177,
              29.409373497491522
            ],
            [
              -98.7419029906815,
              29.409373855707898
            ],
            [
              -98.74177735066527,
              29.40937421560865
            ],
            [
              -98.74165171065044,
              29.409374574488968
            ],
            [
              -98.74152607166523,
              29.409374933253062
            ],
            [
              -98.74140043267693,
              29.409375292801304
            ],
            [
              -98.74127479266174,
              29.409375650424753
            ],
            [
              -98.74114915367389,
              29.409376008834336
            ],
            [
              -98.74102351365238,
              29.409376368026006
            ],
            [
              -98.74089787466278,
              29.409376726199227
            ],
            [
              -98.7407722346418,
              29.409377084252238
            ],
            [
              -98.74064659565047,
              29.4093774421891
            ],
            [
              -98.74052095665823,
              29.409377800007768
            ],
            [
              -98.74039531766512,
              29.409378157708254
            ],
            [
              -98.74026967660784,
              29.40937851618882
            ],
            [
              -98.74014403761295,
              29.409378873652944
            ],
            [
              -98.74001839861954,
              29.409379230096633
            ]
          ]
        ]
      },
      "properties": {
        "candidate_id": "Bexar:1280325",
        "county": "Bexar",
        "prop_id": "1280325",
        "owner": "THREE ENCINO CROSSING LTD",
        "situs": "W GROSENBACHER RD",
        "acres": 9.78,
        "reported_acres": 9.78,
        "geometry_acres": 9.79,
        "acres_source": "REPORTED",
        "land_value": 890000.0,
        "assessed_value": 890000.0,
        "improvement_value": 0.0,
        "improvement_ratio": 0.0,
        "gba": 0.0,
        "prop_use": "9",
        "legal": "CB 4341  P-17D  ABS 422 2025-RMS PER PLAT 20003/1251-1252//  2018 NEW ACCT PER DEED 18720/294 EXEC 09/01/2017.",
        "cad_record_url": "",
        "parcel_source": "SARA / Bexar CAD",
        "parcel_snapshot": "2025-12",
        "parcel_freshness": "RECENT",
        "node_id": "INT-024",
        "node_name": "Talley Rd / Potranco Rd",
        "node_score": 70.7,
        "node_edge_miles": 0.222,
        "dist_score": 97,
        "acre_score": 100,
        "raw_score": 100,
        "shape_score": 70.0,
        "compactness": 0.438,
        "aspect_ratio": 2.17,
        "road_score": 90,
        "frontage_roads": [
          "W GROSENBACHER RD"
        ],
        "frontage_ft_proxy": 1518.0,
        "corner_signal": "NO",
        "major_road_signal": true,
        "mtp_row_flag": true,
        "flood_score": 100,
        "flood_pct": 0.0,
        "floodway_pct": 0.0,
        "flood_zones": [
          "X"
        ],
        "flood_confidence": "SCREENED",
        "future_land_use_score": 55,
        "future_land_use": [
          "Suburban Tier / West"
        ],
        "aadt": 6400,
        "aadt_5yr_growth_pct": 0,
        "aadt_station_miles": 0.75,
        "aadt_route": "GROSENBACHER RD",
        "nearest_retail_catalyst": "Culebra / SH 211 H-E-B",
        "retail_catalyst_miles": 8.7,
        "future_residential_lots_nearby": 11355.8,
        "recent_housing_units_180d": 0,
        "utility_confidence": "PROXY",
        "utility_provider": "SAWS",
        "utility_distance_ft": 0.0,
        "utility_snapshot": "2021-07-21",
        "utility_context": "SAWS feature approximately 0 ft from parcel; capacity NOT verified",
        "assessed_value_per_acre": 91002.0,
        "land_value_per_acre": 91002.0,
        "parcel_opportunity_score": 79.8,
        "parcel_execution_score": 93.4,
        "parcel_fit_score": 88.6,
        "acquisition_complexity_score": 94.4,
        "utility_score": 100,
        "confidence_score": 45,
        "node_confidence_score": 100,
        "node_class": "EMERGING NODE",
        "node_evidence_model": "Bexar detailed growth + statewide road/traffic evidence",
        "node_component_scores": {
          "residential_growth": 85.6,
          "intersection_network": 94,
          "retail_catalyst": 28,
          "traffic": 51.5,
          "timing": 65.6
        },
        "parcel_component_scores": {
          "frontage_access": 90,
          "size_shape": 88.6,
          "utilities": 100,
          "flood": 100,
          "acquisition": 94.4
        },
        "acquisition_category": "EARLY SPECULATION",
        "decision_summary": "Interesting node/parcel thesis, but data freshness or execution certainty is not strong enough for active pursuit.",
        "main_risks": [
          "utility capacity is unverified",
          "important diligence data is incomplete"
        ],
        "usable_acres_proxy": 9.78,
        "eligible": true,
        "why_this_tract": "major-road frontage \u00b7 within \u00bc mile of the node \u00b7 11355 weighted future residential lots \u00b7 mapped SAWS feature ~0 ft from parcel \u00b7 mostly raw / low-improvement land",
        "verification_notes": "Frontage is a GIS proximity proxy, not legal access. Sewer distance is a mapped-line proxy, not a capacity commitment. Confirm current title/CAD, survey, curb access, median/turn movements, ROW, flood and provider capacity."
      }
    },
    {
      "type": "Feature",
      "geometry": {
        "type": "Polygon",
        "coordinates": [
          [
            [
              -98.76022423139263,
              29.372319866151862
            ],
            [
              -98.76022228305241,
              29.37300875985757
            ],
            [
              -98.760224180748,
              29.3730420069831
            ],
            [
              -98.760230015294,
              29.373074793118544
            ],
            [
              -98.76024129036318,
              29.37312184180488
            ],
            [
              -98.7602453347882,
              29.37314398476037
            ],
            [
              -98.76024692493988,
              29.37316643780625
            ],
            [
              -98.76026211601233,
              29.374148233289162
            ],
            [
              -98.76153559544795,
              29.374026585022943
            ],
            [
              -98.76184821951222,
              29.373955133196485
            ],
            [
              -98.76202048147796,
              29.373898704850845
            ],
            [
              -98.76223873673523,
              29.373808926679622
            ],
            [
              -98.76237664246914,
              29.373742338931667
            ],
            [
              -98.76249153028228,
              29.373682412461463
            ],
            [
              -98.7626947207941,
              29.373542363378107
            ],
            [
              -98.76286342617631,
              29.373405549783648
            ],
            [
              -98.76299762010974,
              29.373302114354434
            ],
            [
              -98.76316269823405,
              29.37312846432137
            ],
            [
              -98.76337761418917,
              29.372901334026363
            ],
            [
              -98.76374993589864,
              29.372493849288055
            ],
            [
              -98.76381916080751,
              29.3723935815566
            ],
            [
              -98.763911659423,
              29.371985394432468
            ],
            [
              -98.76418607045976,
              29.37116908131965
            ],
            [
              -98.76424860207253,
              29.370953894017525
            ],
            [
              -98.76294527846811,
              29.370877276517092
            ],
            [
              -98.7625952819539,
              29.37198811142201
            ],
            [
              -98.76229073796057,
              29.37232354323134
            ],
            [
              -98.76022423139263,
              29.372319866151862
            ]
          ]
        ]
      },
      "properties": {
        "candidate_id": "Bexar:348230",
        "county": "Bexar",
        "prop_id": "348230",
        "owner": "RUIZ ROY",
        "situs": "13442 W US HIGHWAY 90",
        "acres": 17.68,
        "reported_acres": 17.68,
        "geometry_acres": 17.86,
        "acres_source": "REPORTED",
        "land_value": 3527250.0,
        "assessed_value": 3530020.0,
        "improvement_value": 2770.0,
        "improvement_ratio": 0.001,
        "gba": 0.0,
        "prop_use": "99",
        "legal": "CB 5681 PT OF TR 3 & TR 2 ARB P-5 (0.58 AC), P-5F (17.1 AC) 2025-SPLIT PER DEED 20240221960// 2025-SPLIT PER DEED 20240159695\\ 2023 SPLIT PER DEED 20220217088 // 1 acre homesite in PID 348231//",
        "cad_record_url": "",
        "parcel_source": "SARA / Bexar CAD",
        "parcel_snapshot": "2025-12",
        "parcel_freshness": "RECENT",
        "node_id": "INT-004",
        "node_name": "US 90 / SH 211",
        "node_score": 70.8,
        "node_edge_miles": 0.167,
        "dist_score": 97,
        "acre_score": 100,
        "raw_score": 99.9,
        "shape_score": 87.5,
        "compactness": 0.547,
        "aspect_ratio": 2.12,
        "road_score": 90,
        "frontage_roads": [
          "US HWY 90 W ACCESS RD"
        ],
        "frontage_ft_proxy": 2491.0,
        "corner_signal": "NO",
        "major_road_signal": true,
        "mtp_row_flag": false,
        "flood_score": 100,
        "flood_pct": 0.0,
        "floodway_pct": 0.0,
        "flood_zones": [
          "X"
        ],
        "flood_confidence": "SCREENED",
        "future_land_use_score": 100,
        "future_land_use": [
          "Mixed Use Center / West"
        ],
        "aadt": 11975,
        "aadt_5yr_growth_pct": 1302.2,
        "aadt_station_miles": 0.05,
        "aadt_route": "SH 211",
        "nearest_retail_catalyst": "Culebra / SH 211 H-E-B",
        "retail_catalyst_miles": 10.74,
        "future_residential_lots_nearby": 11075.5,
        "recent_housing_units_180d": 0,
        "utility_confidence": "PROXY",
        "utility_provider": "SAWS",
        "utility_distance_ft": 242.0,
        "utility_snapshot": "2021-07-21",
        "utility_context": "SAWS feature approximately 242 ft from parcel; capacity NOT verified",
        "assessed_value_per_acre": 199662.0,
        "land_value_per_acre": 199505.0,
        "parcel_opportunity_score": 79.7,
        "parcel_execution_score": 93.0,
        "parcel_fit_score": 95.2,
        "acquisition_complexity_score": 90.1,
        "utility_score": 92,
        "confidence_score": 45,
        "node_confidence_score": 100,
        "node_class": "EMERGING NODE",
        "node_evidence_model": "Bexar detailed growth + statewide road/traffic evidence",
        "node_component_scores": {
          "residential_growth": 86.1,
          "intersection_network": 100,
          "retail_catalyst": 28,
          "traffic": 40.2,
          "timing": 68.4
        },
        "parcel_component_scores": {
          "frontage_access": 90,
          "size_shape": 95.2,
          "utilities": 92,
          "flood": 100,
          "acquisition": 90.1
        },
        "acquisition_category": "EARLY SPECULATION",
        "decision_summary": "Interesting node/parcel thesis, but data freshness or execution certainty is not strong enough for active pursuit.",
        "main_risks": [
          "utility capacity is unverified",
          "important diligence data is incomplete"
        ],
        "usable_acres_proxy": 17.68,
        "eligible": true,
        "why_this_tract": "major-road frontage \u00b7 within \u00bc mile of the node \u00b7 11075 weighted future residential lots \u00b7 mapped SAWS feature ~242 ft from parcel \u00b7 mostly raw / low-improvement land",
        "verification_notes": "Frontage is a GIS proximity proxy, not legal access. Sewer distance is a mapped-line proxy, not a capacity commitment. Confirm current title/CAD, survey, curb access, median/turn movements, ROW, flood and provider capacity."
      }
    },
    {
      "type": "Feature",
      "geometry": {
        "type": "Polygon",
        "coordinates": [
          [
            [
              -98.77434418941266,
              29.423049737695965
            ],
            [
              -98.77432477437067,
              29.424536519515943
            ],
            [
              -98.77432474840695,
              29.42453847927356
            ],
            [
              -98.77432420770441,
              29.424579914807786
            ],
            [
              -98.77570108470032,
              29.424593670440846
            ],
            [
              -98.77613238406835,
              29.42459797696334
            ],
            [
              -98.77613134100062,
              29.42455651260229
            ],
            [
              -98.77607805805528,
              29.42243759150906
            ],
            [
              -98.77601672185597,
              29.422438773558593
            ],
            [
              -98.77598464888668,
              29.422438939939056
            ],
            [
              -98.7759821600191,
              29.422339956731218
            ],
            [
              -98.77560176563158,
              29.42234728741361
            ],
            [
              -98.77530962063346,
              29.422352917562744
            ],
            [
              -98.77505363105969,
              29.42235785092914
            ],
            [
              -98.77459286770392,
              29.42236672707582
            ],
            [
              -98.77454495360404,
              29.422322972042256
            ],
            [
              -98.77453347829936,
              29.421739873572452
            ],
            [
              -98.77459629202919,
              29.42174103346741
            ],
            [
              -98.77459327851503,
              29.421587918361364
            ],
            [
              -98.77459318300129,
              29.421583084562005
            ],
            [
              -98.77456864948174,
              29.421583210990377
            ],
            [
              -98.77456259865947,
              29.421588343004828
            ],
            [
              -98.7744718589644,
              29.42166530608311
            ],
            [
              -98.77445179535054,
              29.42166540665129
            ],
            [
              -98.77437752380622,
              29.421665777493267
            ],
            [
              -98.77436965203214,
              29.421992586519814
            ],
            [
              -98.77434418941266,
              29.423049737695965
            ]
          ]
        ]
      },
      "properties": {
        "candidate_id": "Bexar:1288929",
        "county": "Bexar",
        "prop_id": "1288929",
        "owner": "CUMBERLAND POTRANCO JOINT VENTURE",
        "situs": "POTRANCO RD",
        "acres": 10.53,
        "reported_acres": 10.53,
        "geometry_acres": 10.8,
        "acres_source": "REPORTED",
        "land_value": 3984030.0,
        "assessed_value": 3984030.0,
        "improvement_value": 0.0,
        "improvement_ratio": 0.0,
        "gba": 0.0,
        "prop_use": "99",
        "legal": "CB 4349E (STEVENS RANCH RETAIL), BLOCK 45 LOT 1 2019 NEW ACCT PER PLAT 20001/326-2 FILED 08/17/2018.",
        "cad_record_url": "",
        "parcel_source": "SARA / Bexar CAD",
        "parcel_snapshot": "2025-12",
        "parcel_freshness": "RECENT",
        "node_id": "INT-005",
        "node_name": "Potranco Rd / SH 211",
        "node_score": 71.5,
        "node_edge_miles": 0.403,
        "dist_score": 90,
        "acre_score": 100,
        "raw_score": 100,
        "shape_score": 85.7,
        "compactness": 0.536,
        "aspect_ratio": 1.89,
        "road_score": 84,
        "frontage_roads": [
          "POTRANCO RD",
          "FM 1957"
        ],
        "frontage_ft_proxy": 8.0,
        "corner_signal": "NO",
        "major_road_signal": true,
        "mtp_row_flag": true,
        "flood_score": 100,
        "flood_pct": 0.0,
        "floodway_pct": 0.0,
        "flood_zones": [
          "X"
        ],
        "flood_confidence": "SCREENED",
        "future_land_use_score": 55,
        "future_land_use": [],
        "aadt": 31370,
        "aadt_5yr_growth_pct": 77.1,
        "aadt_station_miles": 0.27,
        "aadt_route": "FM 1957",
        "nearest_retail_catalyst": "Culebra / SH 211 H-E-B",
        "retail_catalyst_miles": 7.15,
        "future_residential_lots_nearby": 11214.4,
        "recent_housing_units_180d": 0,
        "utility_confidence": "PROXY",
        "utility_provider": "SAWS",
        "utility_distance_ft": 0.0,
        "utility_snapshot": "2021-07-21",
        "utility_context": "SAWS feature approximately 0 ft from parcel; capacity NOT verified",
        "assessed_value_per_acre": 378350.0,
        "land_value_per_acre": 378350.0,
        "parcel_opportunity_score": 79.5,
        "parcel_execution_score": 91.5,
        "parcel_fit_score": 94.6,
        "acquisition_complexity_score": 81.8,
        "utility_score": 100,
        "confidence_score": 45,
        "node_confidence_score": 100,
        "node_class": "EMERGING NODE",
        "node_evidence_model": "Bexar detailed growth + statewide road/traffic evidence",
        "node_component_scores": {
          "residential_growth": 85.7,
          "intersection_network": 100,
          "retail_catalyst": 28,
          "traffic": 45.8,
          "timing": 67.2
        },
        "parcel_component_scores": {
          "frontage_access": 84,
          "size_shape": 94.6,
          "utilities": 100,
          "flood": 100,
          "acquisition": 81.8
        },
        "acquisition_category": "EARLY SPECULATION",
        "decision_summary": "Interesting node/parcel thesis, but data freshness or execution certainty is not strong enough for active pursuit.",
        "main_risks": [
          "limited frontage proxy",
          "utility capacity is unverified",
          "important diligence data is incomplete"
        ],
        "usable_acres_proxy": 10.53,
        "eligible": true,
        "why_this_tract": "major-road frontage \u00b7 within \u00bd mile of the node \u00b7 11214 weighted future residential lots \u00b7 mapped SAWS feature ~0 ft from parcel \u00b7 mostly raw / low-improvement land",
        "verification_notes": "Frontage is a GIS proximity proxy, not legal access. Sewer distance is a mapped-line proxy, not a capacity commitment. Confirm current title/CAD, survey, curb access, median/turn movements, ROW, flood and provider capacity."
      }
    },
    {
      "type": "Feature",
      "geometry": {
        "type": "Polygon",
        "coordinates": [
          [
            [
              -98.3180946193991,
              29.456524446929038
            ],
            [
              -98.31810699377078,
              29.45652750033357
            ],
            [
              -98.31887360508362,
              29.456716668961654
            ],
            [
              -98.32205397639012,
              29.455697332664997
            ],
            [
              -98.32313568300923,
              29.455350613519403
            ],
            [
              -98.3231625312382,
              29.455342007921505
            ],
            [
              -98.32313739436069,
              29.45254843662099
            ],
            [
              -98.32311197942028,
              29.452542148702
            ],
            [
              -98.32310400251716,
              29.452540174640045
            ],
            [
              -98.32309580019323,
              29.452538146199302
            ],
            [
              -98.323086564483,
              29.452535860778212
            ],
            [
              -98.32304125914892,
              29.452525371076973
            ],
            [
              -98.32004800260104,
              29.451786023827903
            ],
            [
              -98.31965278339504,
              29.451688397753763
            ],
            [
              -98.3180946193991,
              29.456524446929038
            ]
          ]
        ]
      },
      "properties": {
        "candidate_id": "Bexar:1220148",
        "county": "Bexar",
        "prop_id": "1220148",
        "owner": "CONNALLY CASTINGS LLC",
        "situs": "2919  FM 1516 N",
        "acres": 45.52,
        "reported_acres": 45.52,
        "geometry_acres": 45.52,
        "acres_source": "REPORTED",
        "land_value": 3648450.0,
        "assessed_value": 4000000.0,
        "improvement_value": 351550.0,
        "improvement_ratio": 0.088,
        "gba": 52000.0,
        "prop_use": "305",
        "legal": "NCB  17996 P-4A (41.141 AC) & NCB 17994 P-8G (4.379 AC) 2015 NEW ACCT PER SPLIT/MERGE PER DEED 16905/125 EXE 10/7/14",
        "cad_record_url": "",
        "parcel_source": "SARA / Bexar CAD",
        "parcel_snapshot": "2025-12",
        "parcel_freshness": "RECENT",
        "node_id": "INT-010",
        "node_name": "FM 1516 / I-10 East",
        "node_score": 77.6,
        "node_edge_miles": 0.166,
        "dist_score": 97,
        "acre_score": 100,
        "raw_score": 87.5,
        "shape_score": 100,
        "compactness": 0.765,
        "aspect_ratio": 1.27,
        "road_score": 100,
        "frontage_roads": [
          "FM 1516",
          "FM 1516 N"
        ],
        "frontage_ft_proxy": 3789.0,
        "corner_signal": "STRONG",
        "major_road_signal": true,
        "mtp_row_flag": true,
        "flood_score": 100,
        "flood_pct": 0.0,
        "floodway_pct": 0.0,
        "flood_zones": [
          "X"
        ],
        "flood_confidence": "SCREENED",
        "future_land_use_score": 100,
        "future_land_use": [
          "Community Commercial / I-10 East Corridor",
          "Industrial / I-10 East Corridor",
          "Industrial / I-10 East Corridor"
        ],
        "aadt": 5051,
        "aadt_5yr_growth_pct": 33.5,
        "aadt_station_miles": 0.01,
        "aadt_route": "FM 1516",
        "nearest_retail_catalyst": "H-E-B Foster campus",
        "retail_catalyst_miles": 3.39,
        "future_residential_lots_nearby": 4214.4,
        "recent_housing_units_180d": 0,
        "utility_confidence": "UNKNOWN",
        "utility_provider": "SAWS",
        "utility_distance_ft": null,
        "utility_snapshot": "2021-07-21",
        "utility_context": "No mapped sewer feature returned near parcel",
        "assessed_value_per_acre": 87873.0,
        "land_value_per_acre": 80150.0,
        "parcel_opportunity_score": 79.4,
        "parcel_execution_score": 82.1,
        "parcel_fit_score": 100.0,
        "acquisition_complexity_score": 85.4,
        "utility_score": 20,
        "confidence_score": 45,
        "node_confidence_score": 94,
        "node_class": "PRIORITY NODE",
        "node_evidence_model": "Bexar detailed growth + statewide road/traffic evidence",
        "node_component_scores": {
          "residential_growth": 62.7,
          "intersection_network": 100,
          "retail_catalyst": 72,
          "traffic": 89.1,
          "timing": 57.6
        },
        "parcel_component_scores": {
          "frontage_access": 100,
          "size_shape": 100.0,
          "utilities": 20,
          "flood": 100,
          "acquisition": 85.4
        },
        "acquisition_category": "EARLY SPECULATION",
        "decision_summary": "Interesting node/parcel thesis, but data freshness or execution certainty is not strong enough for active pursuit.",
        "main_risks": [
          "mapped sewer path is unverified",
          "important diligence data is incomplete"
        ],
        "usable_acres_proxy": 45.52,
        "eligible": true,
        "why_this_tract": "corner exposure on a major road \u00b7 within \u00bc mile of the node \u00b7 4214 weighted future residential lots \u00b7 mostly raw / low-improvement land \u00b7 no mapped FEMA SFHA overlap returned",
        "verification_notes": "Frontage is a GIS proximity proxy, not legal access. Sewer distance is a mapped-line proxy, not a capacity commitment. Confirm current title/CAD, survey, curb access, median/turn movements, ROW, flood and provider capacity."
      }
    },
    {
      "type": "Feature",
      "geometry": {
        "type": "Polygon",
        "coordinates": [
          [
            [
              -98.31744007648382,
              29.446649064172245
            ],
            [
              -98.31741543285149,
              29.44671954335498
            ],
            [
              -98.31737987091739,
              29.4468212427188
            ],
            [
              -98.31736777969945,
              29.44685582975686
            ],
            [
              -98.32069588456176,
              29.447658418584947
            ],
            [
              -98.32076234116028,
              29.44744622935365
            ],
            [
              -98.3207815751212,
              29.44738000715705
            ],
            [
              -98.32164082077875,
              29.444571026117814
            ],
            [
              -98.32199949212668,
              29.443447197581257
            ],
            [
              -98.32235119162705,
              29.442429181097793
            ],
            [
              -98.32220323396685,
              29.44227898947063
            ],
            [
              -98.31910928585823,
              29.441525911964572
            ],
            [
              -98.31907117015749,
              29.441516143266668
            ],
            [
              -98.31873835362433,
              29.442614193590547
            ],
            [
              -98.31841836570206,
              29.443661564050736
            ],
            [
              -98.31808860841548,
              29.44466333495297
            ],
            [
              -98.31769575480877,
              29.445856761510207
            ],
            [
              -98.31752907862594,
              29.446394536024393
            ],
            [
              -98.31746430072828,
              29.446579788331764
            ],
            [
              -98.31744007648382,
              29.446649064172245
            ]
          ]
        ]
      },
      "properties": {
        "candidate_id": "Bexar:327984",
        "county": "Bexar",
        "prop_id": "327984",
        "owner": "J B HUNT TRANSPORTATION INC",
        "situs": "2392 S FM 1516",
        "acres": 50.38,
        "reported_acres": 50.38,
        "geometry_acres": 50.18,
        "acres_source": "REPORTED",
        "land_value": 3777320.0,
        "assessed_value": 3777320.0,
        "improvement_value": 0.0,
        "improvement_ratio": 0.0,
        "gba": 0.0,
        "prop_use": "9",
        "legal": "CB 5101  P-15, P-15A, & P-15E(NON ADJ RMS TO P-15C)  ABS 304 2018-MERGE PER CR#42172||||",
        "cad_record_url": "",
        "parcel_source": "SARA / Bexar CAD",
        "parcel_snapshot": "2025-12",
        "parcel_freshness": "RECENT",
        "node_id": "INT-010",
        "node_name": "FM 1516 / I-10 East",
        "node_score": 77.6,
        "node_edge_miles": 0.796,
        "dist_score": 66,
        "acre_score": 92,
        "raw_score": 100,
        "shape_score": 100,
        "compactness": 0.716,
        "aspect_ratio": 1.83,
        "road_score": 100,
        "frontage_roads": [
          "FM 1516 N",
          "FM 1516",
          "CARPENTER"
        ],
        "frontage_ft_proxy": 5256.0,
        "corner_signal": "STRONG",
        "major_road_signal": true,
        "mtp_row_flag": true,
        "flood_score": 100,
        "flood_pct": 0.0,
        "floodway_pct": 0.0,
        "flood_zones": [
          "X"
        ],
        "flood_confidence": "SCREENED",
        "future_land_use_score": 100,
        "future_land_use": [
          "Neighborhood Commercial / I-10 East Corridor",
          "Rural Living / I-10 East Corridor"
        ],
        "aadt": 5051,
        "aadt_5yr_growth_pct": 33.5,
        "aadt_station_miles": 0.56,
        "aadt_route": "FM 1516",
        "nearest_retail_catalyst": "H-E-B Foster campus",
        "retail_catalyst_miles": 3.0,
        "future_residential_lots_nearby": 4214.4,
        "recent_housing_units_180d": 0,
        "utility_confidence": "UNKNOWN",
        "utility_provider": "SAWS",
        "utility_distance_ft": null,
        "utility_snapshot": "2021-07-21",
        "utility_context": "No mapped sewer feature returned near parcel",
        "assessed_value_per_acre": 74977.0,
        "land_value_per_acre": 74977.0,
        "parcel_opportunity_score": 79.4,
        "parcel_execution_score": 82.0,
        "parcel_fit_score": 95.0,
        "acquisition_complexity_score": 94.4,
        "utility_score": 20,
        "confidence_score": 45,
        "node_confidence_score": 94,
        "node_class": "PRIORITY NODE",
        "node_evidence_model": "Bexar detailed growth + statewide road/traffic evidence",
        "node_component_scores": {
          "residential_growth": 62.7,
          "intersection_network": 100,
          "retail_catalyst": 72,
          "traffic": 89.1,
          "timing": 57.6
        },
        "parcel_component_scores": {
          "frontage_access": 100,
          "size_shape": 95.0,
          "utilities": 20,
          "flood": 100,
          "acquisition": 94.4
        },
        "acquisition_category": "EARLY SPECULATION",
        "decision_summary": "Interesting node/parcel thesis, but data freshness or execution certainty is not strong enough for active pursuit.",
        "main_risks": [
          "not on the immediate intersection",
          "mapped sewer path is unverified",
          "important diligence data is incomplete"
        ],
        "usable_acres_proxy": 50.38,
        "eligible": true,
        "why_this_tract": "corner exposure on a major road \u00b7 within 1 mile of the node \u00b7 4214 weighted future residential lots \u00b7 mostly raw / low-improvement land \u00b7 no mapped FEMA SFHA overlap returned",
        "verification_notes": "Frontage is a GIS proximity proxy, not legal access. Sewer distance is a mapped-line proxy, not a capacity commitment. Confirm current title/CAD, survey, curb access, median/turn movements, ROW, flood and provider capacity."
      }
    },
    {
      "type": "Feature",
      "geometry": {
        "type": "Polygon",
        "coordinates": [
          [
            [
              -98.0844377276253,
              29.7492738627289
            ],
            [
              -98.0853604670707,
              29.7500701916966
            ],
            [
              -98.0860610652535,
              29.750674798741
            ],
            [
              -98.0860432952772,
              29.750707689832
            ],
            [
              -98.0851023993268,
              29.7524477272673
            ],
            [
              -98.0849417650676,
              29.7527487781985
            ],
            [
              -98.0847738816357,
              29.7530468025254
            ],
            [
              -98.0845988267078,
              29.7533416690017
            ],
            [
              -98.0844166759119,
              29.7536332445618
            ],
            [
              -98.0844085650485,
              29.7536261331851
            ],
            [
              -98.0832370279774,
              29.7525950576672
            ],
            [
              -98.0833792838568,
              29.7522012798639
            ],
            [
              -98.0839303840074,
              29.750666170374
            ],
            [
              -98.0844377276253,
              29.7492738627289
            ]
          ]
        ]
      },
      "properties": {
        "candidate_id": "Comal:79236",
        "county": "Comal",
        "prop_id": "79236",
        "owner": "NOLAND & VERA KOEPP LTD PRTNRSHP LTD",
        "verified_owner": "NOLAND & VERA KOEPP LTD PRTNRSHP LTD",
        "owner_verification_match": true,
        "situs": "0 TBD",
        "acres": 16.41,
        "reported_acres": 539660.0,
        "geometry_acres": 16.41,
        "acres_source": "GEOMETRY",
        "land_value": 0.0,
        "assessed_value": 1440740.0,
        "improvement_value": 0.0,
        "improvement_ratio": 0.0,
        "gba": 0.0,
        "prop_use": "R",
        "legal": "A-485 SUR-  2  O RUSSELL, ACRES 53.966",
        "cad_record_url": "https://gis.bisclient.com/comalcad/index.html?find=79236",
        "parcel_source": "Comal CAD public ArcGIS parcel layer",
        "parcel_snapshot": "2024-11-22",
        "parcel_freshness": "AGING",
        "cad_geometry_verified": true,
        "cad_verification_source": "Comal CAD public ArcGIS service",
        "node_id": "INT-002",
        "node_name": "I-35 / Kohlenberg Rd (Mayfair)",
        "node_score": 68.1,
        "node_edge_miles": 0.338,
        "dist_score": 90,
        "acre_score": 100,
        "raw_score": 100,
        "shape_score": 100,
        "compactness": 0.65,
        "aspect_ratio": 2.34,
        "road_score": 90,
        "frontage_roads": [
          "FM 1102"
        ],
        "frontage_ft_proxy": 601.0,
        "corner_signal": "NO",
        "major_road_signal": true,
        "mtp_row_flag": false,
        "flood_score": 100,
        "flood_pct": 0.0,
        "floodway_pct": 0.0,
        "flood_zones": [
          "X"
        ],
        "flood_confidence": "SCREENED",
        "future_land_use_score": 55,
        "future_land_use": [],
        "aadt": 9677,
        "aadt_5yr_growth_pct": 64.6,
        "aadt_station_miles": 0.55,
        "aadt_route": "FM 1102",
        "nearest_retail_catalyst": "Mayfair Costco",
        "retail_catalyst_miles": 1.74,
        "future_residential_lots_nearby": 0.0,
        "recent_housing_units_180d": 0,
        "utility_confidence": "PROXY",
        "utility_provider": "NBU",
        "utility_distance_ft": 100.0,
        "utility_snapshot": "2024-01-17",
        "utility_context": "NBU feature approximately 100 ft from parcel; capacity NOT verified",
        "assessed_value_per_acre": 87796.0,
        "land_value_per_acre": 0.0,
        "parcel_opportunity_score": 79.4,
        "parcel_execution_score": 96.3,
        "parcel_fit_score": 100.0,
        "acquisition_complexity_score": 94.4,
        "utility_score": 100,
        "confidence_score": 72,
        "node_confidence_score": 68,
        "node_class": "EMERGING NODE",
        "node_evidence_model": "Regional corridor prior + statewide road/traffic; county housing feed incomplete",
        "node_component_scores": {
          "residential_growth": 0.0,
          "intersection_network": 88,
          "retail_catalyst": 90,
          "traffic": 65.1,
          "timing": 27.8
        },
        "parcel_component_scores": {
          "frontage_access": 90,
          "size_shape": 100.0,
          "utilities": 100,
          "flood": 100,
          "acquisition": 94.4
        },
        "acquisition_category": "WATCH",
        "decision_summary": "Strong enough to track closely; verify title, access and utility feasibility before elevating.",
        "main_risks": [
          "utility capacity is unverified",
          "county parcel snapshot is aging"
        ],
        "usable_acres_proxy": 16.41,
        "eligible": true,
        "why_this_tract": "major-road frontage \u00b7 within \u00bd mile of the node \u00b7 regional growth node; county housing feed incomplete \u00b7 1.7 mi from Mayfair Costco \u00b7 mapped NBU feature ~100 ft from parcel",
        "verification_notes": "Frontage is a GIS proximity proxy, not legal access. Sewer distance is a mapped-line proxy, not a capacity commitment. Confirm current title/CAD, survey, curb access, median/turn movements, ROW, flood and provider capacity.",
        "geometry_source": "Comal CAD public ArcGIS parcel layer"
      }
    },
    {
      "type": "Feature",
      "geometry": {
        "type": "Polygon",
        "coordinates": [
          [
            [
              -98.73984588009725,
              29.41181389995955
            ],
            [
              -98.73984803326115,
              29.41218652283951
            ],
            [
              -98.73985018540786,
              29.412559146595544
            ],
            [
              -98.7398523375726,
              29.412931769425136
            ],
            [
              -98.73985448975064,
              29.413304393132876
            ],
            [
              -98.73985664194669,
              29.413677015914107
            ],
            [
              -98.73985879518665,
              29.414049639575452
            ],
            [
              -98.73986416677755,
              29.414979670998225
            ],
            [
              -98.73986218290227,
              29.415094886041224
            ],
            [
              -98.73985870926332,
              29.415296732068526
            ],
            [
              -98.73985419853955,
              29.416409754871253
            ],
            [
              -98.73985561728352,
              29.417112867595243
            ],
            [
              -98.73985701936452,
              29.417727221423558
            ],
            [
              -98.74186822255838,
              29.41773406011081
            ],
            [
              -98.74477548046426,
              29.417731056661815
            ],
            [
              -98.744775508564,
              29.417709860685818
            ],
            [
              -98.74477985709589,
              29.41639032463294
            ],
            [
              -98.74421918723043,
              29.41629769355521
            ],
            [
              -98.74421359456367,
              29.41586811009035
            ],
            [
              -98.74420042693738,
              29.414856567970457
            ],
            [
              -98.74418033746818,
              29.41331325975231
            ],
            [
              -98.7441802769348,
              29.413308614570347
            ],
            [
              -98.74162978218074,
              29.411084709591503
            ],
            [
              -98.7398415752688,
              29.411068488106032
            ],
            [
              -98.73984588009725,
              29.41181389995955
            ]
          ]
        ]
      },
      "properties": {
        "candidate_id": "Bexar:200735",
        "county": "Bexar",
        "prop_id": "200735",
        "owner": "ARCADIA 75 LLC",
        "situs": "12555 W GROSENBACHER RD",
        "acres": 74.97,
        "reported_acres": 74.97,
        "geometry_acres": 71.28,
        "acres_source": "REPORTED",
        "land_value": 5000000.0,
        "assessed_value": 5000000.0,
        "improvement_value": 0.0,
        "improvement_ratio": 0.0,
        "gba": 0.0,
        "prop_use": "9",
        "legal": "CB 4339 P-2B ABS 954 (16.80 AC) CB 4340 P-2B ABS 1119 (26.17 AC) CB 4352 P-1B ABS 1021 (32 AC) 2023 RESURVEY PER DOC 20220173058 EXE 07/13/22 AND SURVEY",
        "cad_record_url": "",
        "parcel_source": "SARA / Bexar CAD",
        "parcel_snapshot": "2025-12",
        "parcel_freshness": "RECENT",
        "node_id": "INT-024",
        "node_name": "Talley Rd / Potranco Rd",
        "node_score": 70.7,
        "node_edge_miles": 0.0,
        "dist_score": 100,
        "acre_score": 92,
        "raw_score": 100,
        "shape_score": 100,
        "compactness": 0.701,
        "aspect_ratio": 1.55,
        "road_score": 90,
        "frontage_roads": [
          "W GROSENBACHER RD"
        ],
        "frontage_ft_proxy": 1953.0,
        "corner_signal": "NO",
        "major_road_signal": true,
        "mtp_row_flag": true,
        "flood_score": 75,
        "flood_pct": 0.7,
        "floodway_pct": 0.0,
        "flood_zones": [
          "A",
          "X"
        ],
        "flood_confidence": "SCREENED",
        "future_land_use_score": 55,
        "future_land_use": [
          "Suburban Tier / West"
        ],
        "aadt": 4789,
        "aadt_5yr_growth_pct": 0,
        "aadt_station_miles": 0.74,
        "aadt_route": "GROSENBACHER RD",
        "nearest_retail_catalyst": "Culebra / SH 211 H-E-B",
        "retail_catalyst_miles": 8.39,
        "future_residential_lots_nearby": 11355.8,
        "recent_housing_units_180d": 0,
        "utility_confidence": "PROXY",
        "utility_provider": "SAWS",
        "utility_distance_ft": 0.0,
        "utility_snapshot": "2021-07-21",
        "utility_context": "SAWS feature approximately 0 ft from parcel; capacity NOT verified",
        "assessed_value_per_acre": 66693.0,
        "land_value_per_acre": 66693.0,
        "parcel_opportunity_score": 79.2,
        "parcel_execution_score": 91.9,
        "parcel_fit_score": 95.0,
        "acquisition_complexity_score": 94.4,
        "utility_score": 100,
        "confidence_score": 45,
        "node_confidence_score": 100,
        "node_class": "EMERGING NODE",
        "node_evidence_model": "Bexar detailed growth + statewide road/traffic evidence",
        "node_component_scores": {
          "residential_growth": 85.6,
          "intersection_network": 94,
          "retail_catalyst": 28,
          "traffic": 51.5,
          "timing": 65.6
        },
        "parcel_component_scores": {
          "frontage_access": 90,
          "size_shape": 95.0,
          "utilities": 100,
          "flood": 75,
          "acquisition": 94.4
        },
        "acquisition_category": "EARLY SPECULATION",
        "decision_summary": "Interesting node/parcel thesis, but data freshness or execution certainty is not strong enough for active pursuit.",
        "main_risks": [
          "utility capacity is unverified",
          "0.7% mapped SFHA overlap",
          "important diligence data is incomplete"
        ],
        "usable_acres_proxy": 74.45,
        "eligible": true,
        "why_this_tract": "major-road frontage \u00b7 within \u00bc mile of the node \u00b7 11355 weighted future residential lots \u00b7 mapped SAWS feature ~0 ft from parcel \u00b7 mostly raw / low-improvement land",
        "verification_notes": "Frontage is a GIS proximity proxy, not legal access. Sewer distance is a mapped-line proxy, not a capacity commitment. Confirm current title/CAD, survey, curb access, median/turn movements, ROW, flood and provider capacity."
      }
    },
    {
      "type": "Feature",
      "geometry": {
        "type": "Polygon",
        "coordinates": [
          [
            [
              -98.31965278339504,
              29.451688397753763
            ],
            [
              -98.32004800260104,
              29.451786023827903
            ],
            [
              -98.32304125914892,
              29.452525371076973
            ],
            [
              -98.323086564483,
              29.452535860778212
            ],
            [
              -98.32310920966617,
              29.45246725183435
            ],
            [
              -98.32328469861159,
              29.451935553963484
            ],
            [
              -98.32337001379658,
              29.451677064059535
            ],
            [
              -98.32336946520542,
              29.451676926837155
            ],
            [
              -98.31994701617965,
              29.450826175495383
            ],
            [
              -98.31965278339504,
              29.451688397753763
            ]
          ]
        ]
      },
      "properties": {
        "candidate_id": "Bexar:685535",
        "county": "Bexar",
        "prop_id": "685535",
        "owner": "KASPER JOHN & NORMA J",
        "situs": "2495  FM 1516 N",
        "acres": 7.82,
        "reported_acres": 7.82,
        "geometry_acres": 8.49,
        "acres_source": "REPORTED",
        "land_value": 844250.0,
        "assessed_value": 845750.0,
        "improvement_value": 1500.0,
        "improvement_ratio": 0.002,
        "gba": 3160.0,
        "prop_use": "98",
        "legal": "NCB  17996   P-5E",
        "cad_record_url": "",
        "parcel_source": "SARA / Bexar CAD",
        "parcel_snapshot": "2025-12",
        "parcel_freshness": "RECENT",
        "node_id": "INT-010",
        "node_name": "FM 1516 / I-10 East",
        "node_score": 77.6,
        "node_edge_miles": 0.512,
        "dist_score": 78,
        "acre_score": 100,
        "raw_score": 99.1,
        "shape_score": 87.2,
        "compactness": 0.545,
        "aspect_ratio": 3.47,
        "road_score": 100,
        "frontage_roads": [
          "FM 1516",
          "FM 1516 N"
        ],
        "frontage_ft_proxy": 704.0,
        "corner_signal": "STRONG",
        "major_road_signal": true,
        "mtp_row_flag": true,
        "flood_score": 100,
        "flood_pct": 0.0,
        "floodway_pct": 0.0,
        "flood_zones": [
          "X"
        ],
        "flood_confidence": "SCREENED",
        "future_land_use_score": 84,
        "future_land_use": [
          "Industrial / I-10 East Corridor",
          "Industrial / I-10 East Corridor",
          "Low Density Residential / I-10 East Corridor"
        ],
        "aadt": 5051,
        "aadt_5yr_growth_pct": 33.5,
        "aadt_station_miles": 0.27,
        "aadt_route": "FM 1516",
        "nearest_retail_catalyst": "H-E-B Foster campus",
        "retail_catalyst_miles": 3.23,
        "future_residential_lots_nearby": 4214.4,
        "recent_housing_units_180d": 0,
        "utility_confidence": "UNKNOWN",
        "utility_provider": "SAWS",
        "utility_distance_ft": null,
        "utility_snapshot": "2021-07-21",
        "utility_context": "No mapped sewer feature returned near parcel",
        "assessed_value_per_acre": 108152.0,
        "land_value_per_acre": 107960.0,
        "parcel_opportunity_score": 79.2,
        "parcel_execution_score": 81.5,
        "parcel_fit_score": 95.1,
        "acquisition_complexity_score": 89.6,
        "utility_score": 20,
        "confidence_score": 45,
        "node_confidence_score": 94,
        "node_class": "PRIORITY NODE",
        "node_evidence_model": "Bexar detailed growth + statewide road/traffic evidence",
        "node_component_scores": {
          "residential_growth": 62.7,
          "intersection_network": 100,
          "retail_catalyst": 72,
          "traffic": 89.1,
          "timing": 57.6
        },
        "parcel_component_scores": {
          "frontage_access": 100,
          "size_shape": 95.1,
          "utilities": 20,
          "flood": 100,
          "acquisition": 89.6
        },
        "acquisition_category": "EARLY SPECULATION",
        "decision_summary": "Interesting node/parcel thesis, but data freshness or execution certainty is not strong enough for active pursuit.",
        "main_risks": [
          "not on the immediate intersection",
          "mapped sewer path is unverified",
          "important diligence data is incomplete"
        ],
        "usable_acres_proxy": 7.82,
        "eligible": true,
        "why_this_tract": "corner exposure on a major road \u00b7 within 1 mile of the node \u00b7 4214 weighted future residential lots \u00b7 mostly raw / low-improvement land \u00b7 no mapped FEMA SFHA overlap returned",
        "verification_notes": "Frontage is a GIS proximity proxy, not legal access. Sewer distance is a mapped-line proxy, not a capacity commitment. Confirm current title/CAD, survey, curb access, median/turn movements, ROW, flood and provider capacity."
      }
    },
    {
      "type": "Feature",
      "geometry": {
        "type": "Polygon",
        "coordinates": [
          [
            [
              -98.0657175110372,
              29.7442550142671
            ],
            [
              -98.0646568669109,
              29.7433741927487
            ],
            [
              -98.0639158150783,
              29.7440083989255
            ],
            [
              -98.062532312408,
              29.7428399607863
            ],
            [
              -98.0632355184446,
              29.742226516568
            ],
            [
              -98.0637811812195,
              29.741763903238
            ],
            [
              -98.0639472292797,
              29.74162356886
            ],
            [
              -98.0643019203793,
              29.7413238030556
            ],
            [
              -98.0644313792969,
              29.7412143911624
            ],
            [
              -98.0653061194092,
              29.7404750923619
            ],
            [
              -98.0653424512636,
              29.7405058197007
            ],
            [
              -98.0675199463339,
              29.7423474036288
            ],
            [
              -98.0676050241293,
              29.7424193550678
            ],
            [
              -98.0680190613606,
              29.7427695090104
            ],
            [
              -98.0666836946253,
              29.7439379052321
            ],
            [
              -98.066026310177,
              29.7445115743442
            ],
            [
              -98.0657175110372,
              29.7442550142671
            ]
          ]
        ]
      },
      "properties": {
        "candidate_id": "Comal:79064",
        "county": "Comal",
        "prop_id": "79064",
        "owner": "NEW BRAUNFELS REALCO LLC",
        "verified_owner": "NEW BRAUNFELS REALCO LLC",
        "owner_verification_match": true,
        "situs": "4261 IH 35 N NEW BRAUNFELS TX 78130",
        "acres": 29.54,
        "reported_acres": 293100.0,
        "geometry_acres": 29.54,
        "acres_source": "GEOMETRY",
        "land_value": 5054170.0,
        "assessed_value": 5054170.0,
        "improvement_value": 0.0,
        "improvement_ratio": 0.0,
        "gba": 0.0,
        "prop_use": "R",
        "legal": "A-485 SUR-  2  O RUSSELL, ACRES 29.31",
        "cad_record_url": "https://gis.bisclient.com/comalcad/index.html?find=79064",
        "parcel_source": "Comal CAD public ArcGIS parcel layer",
        "parcel_snapshot": "2024-11-22",
        "parcel_freshness": "AGING",
        "cad_geometry_verified": true,
        "cad_verification_source": "Comal CAD public ArcGIS service",
        "node_id": "INT-002",
        "node_name": "I-35 / Kohlenberg Rd (Mayfair)",
        "node_score": 68.1,
        "node_edge_miles": 0.752,
        "dist_score": 66,
        "acre_score": 100,
        "raw_score": 100,
        "shape_score": 100,
        "compactness": 0.683,
        "aspect_ratio": 1.03,
        "road_score": 90,
        "frontage_roads": [
          "IH 35"
        ],
        "frontage_ft_proxy": 1268.0,
        "corner_signal": "NO",
        "major_road_signal": true,
        "mtp_row_flag": false,
        "flood_score": 100,
        "flood_pct": 0.0,
        "floodway_pct": 0.0,
        "flood_zones": [
          "X"
        ],
        "flood_confidence": "SCREENED",
        "future_land_use_score": 55,
        "future_land_use": [],
        "aadt": 7372,
        "aadt_5yr_growth_pct": -0.2,
        "aadt_station_miles": 0.45,
        "aadt_route": "-",
        "nearest_retail_catalyst": "Mayfair Costco",
        "retail_catalyst_miles": 0.64,
        "future_residential_lots_nearby": 0.0,
        "recent_housing_units_180d": 0,
        "utility_confidence": "PROXY",
        "utility_provider": "NBU",
        "utility_distance_ft": 0.0,
        "utility_snapshot": "2024-01-17",
        "utility_context": "NBU feature approximately 0 ft from parcel; capacity NOT verified",
        "assessed_value_per_acre": 171096.0,
        "land_value_per_acre": 171096.0,
        "parcel_opportunity_score": 79.2,
        "parcel_execution_score": 95.8,
        "parcel_fit_score": 100.0,
        "acquisition_complexity_score": 90.2,
        "utility_score": 100,
        "confidence_score": 72,
        "node_confidence_score": 68,
        "node_class": "EMERGING NODE",
        "node_evidence_model": "Regional corridor prior + statewide road/traffic; county housing feed incomplete",
        "node_component_scores": {
          "residential_growth": 0.0,
          "intersection_network": 88,
          "retail_catalyst": 90,
          "traffic": 65.1,
          "timing": 27.8
        },
        "parcel_component_scores": {
          "frontage_access": 90,
          "size_shape": 100.0,
          "utilities": 100,
          "flood": 100,
          "acquisition": 90.2
        },
        "acquisition_category": "WATCH",
        "decision_summary": "Strong enough to track closely; verify title, access and utility feasibility before elevating.",
        "main_risks": [
          "not on the immediate intersection",
          "utility capacity is unverified",
          "county parcel snapshot is aging"
        ],
        "usable_acres_proxy": 29.54,
        "eligible": true,
        "why_this_tract": "major-road frontage \u00b7 within 1 mile of the node \u00b7 regional growth node; county housing feed incomplete \u00b7 0.6 mi from Mayfair Costco \u00b7 mapped NBU feature ~0 ft from parcel",
        "verification_notes": "Frontage is a GIS proximity proxy, not legal access. Sewer distance is a mapped-line proxy, not a capacity commitment. Confirm current title/CAD, survey, curb access, median/turn movements, ROW, flood and provider capacity.",
        "geometry_source": "Comal CAD public ArcGIS parcel layer"
      }
    },
    {
      "type": "Feature",
      "geometry": {
        "type": "Polygon",
        "coordinates": [
          [
            [
              -98.31630664785467,
              29.450289284306834
            ],
            [
              -98.319526516851,
              29.451082588634495
            ],
            [
              -98.31958344946113,
              29.45109661444883
            ],
            [
              -98.31958701276614,
              29.451097492496825
            ],
            [
              -98.31982920818217,
              29.450345512481714
            ],
            [
              -98.31654647356733,
              29.449548600255444
            ],
            [
              -98.31630664785467,
              29.450289284306834
            ]
          ]
        ]
      },
      "properties": {
        "candidate_id": "Bexar:327922",
        "county": "Bexar",
        "prop_id": "327922",
        "owner": "BLACKBUCK REAL ESTATE DEVELOPMENT LTD &",
        "situs": "2444   FM 1516 N",
        "acres": 7.02,
        "reported_acres": 7.02,
        "geometry_acres": 7.02,
        "acres_source": "REPORTED",
        "land_value": 749080.0,
        "assessed_value": 749080.0,
        "improvement_value": 0.0,
        "improvement_ratio": 0.0,
        "gba": 0.0,
        "prop_use": "99",
        "legal": "CB 5101 P-1C ABS 304   2018-SPLIT PER PLAT 9722/125-128 FILED 10-20-2017||||2017-RSVY FROM 20.723AC TO 20.70AC PER DEED 18032/476 EXE 08-16-2016||||",
        "cad_record_url": "",
        "parcel_source": "SARA / Bexar CAD",
        "parcel_snapshot": "2025-12",
        "parcel_freshness": "RECENT",
        "node_id": "INT-010",
        "node_name": "FM 1516 / I-10 East",
        "node_score": 77.6,
        "node_edge_miles": 0.55,
        "dist_score": 78,
        "acre_score": 100,
        "raw_score": 100,
        "shape_score": 82.3,
        "compactness": 0.515,
        "aspect_ratio": 3.82,
        "road_score": 100,
        "frontage_roads": [
          "FM 1516 N",
          "FM 1516"
        ],
        "frontage_ft_proxy": 635.0,
        "corner_signal": "STRONG",
        "major_road_signal": true,
        "mtp_row_flag": true,
        "flood_score": 100,
        "flood_pct": 0.0,
        "floodway_pct": 0.0,
        "flood_zones": [
          "X"
        ],
        "flood_confidence": "SCREENED",
        "future_land_use_score": 55,
        "future_land_use": [
          "Urban Living / I-10 East Corridor"
        ],
        "aadt": 5051,
        "aadt_5yr_growth_pct": 33.5,
        "aadt_station_miles": 0.31,
        "aadt_route": "FM 1516",
        "nearest_retail_catalyst": "H-E-B Foster campus",
        "retail_catalyst_miles": 3.33,
        "future_residential_lots_nearby": 4214.4,
        "recent_housing_units_180d": 0,
        "utility_confidence": "UNKNOWN",
        "utility_provider": "SAWS",
        "utility_distance_ft": null,
        "utility_snapshot": "2021-07-21",
        "utility_context": "No mapped sewer feature returned near parcel",
        "assessed_value_per_acre": 106707.0,
        "land_value_per_acre": 106707.0,
        "parcel_opportunity_score": 79.0,
        "parcel_execution_score": 81.1,
        "parcel_fit_score": 93.3,
        "acquisition_complexity_score": 90.2,
        "utility_score": 20,
        "confidence_score": 45,
        "node_confidence_score": 94,
        "node_class": "PRIORITY NODE",
        "node_evidence_model": "Bexar detailed growth + statewide road/traffic evidence",
        "node_component_scores": {
          "residential_growth": 62.7,
          "intersection_network": 100,
          "retail_catalyst": 72,
          "traffic": 89.1,
          "timing": 57.6
        },
        "parcel_component_scores": {
          "frontage_access": 100,
          "size_shape": 93.3,
          "utilities": 20,
          "flood": 100,
          "acquisition": 90.2
        },
        "acquisition_category": "EARLY SPECULATION",
        "decision_summary": "Interesting node/parcel thesis, but data freshness or execution certainty is not strong enough for active pursuit.",
        "main_risks": [
          "not on the immediate intersection",
          "mapped sewer path is unverified",
          "important diligence data is incomplete"
        ],
        "usable_acres_proxy": 7.02,
        "eligible": true,
        "why_this_tract": "corner exposure on a major road \u00b7 within 1 mile of the node \u00b7 4214 weighted future residential lots \u00b7 mostly raw / low-improvement land \u00b7 no mapped FEMA SFHA overlap returned",
        "verification_notes": "Frontage is a GIS proximity proxy, not legal access. Sewer distance is a mapped-line proxy, not a capacity commitment. Confirm current title/CAD, survey, curb access, median/turn movements, ROW, flood and provider capacity."
      }
    },
    {
      "type": "Feature",
      "geometry": {
        "type": "Polygon",
        "coordinates": [
          [
            [
              -98.77086225823615,
              29.373662211937166
            ],
            [
              -98.77064832569793,
              29.37366387392321
            ],
            [
              -98.77067290770384,
              29.374302800715828
            ],
            [
              -98.77225295278876,
              29.37418988401619
            ],
            [
              -98.77226556187216,
              29.37418898245955
            ],
            [
              -98.7722455037999,
              29.373763585545845
            ],
            [
              -98.77219968965994,
              29.371113012066047
            ],
            [
              -98.7729328518073,
              29.37110798808731
            ],
            [
              -98.77462300455682,
              29.37111734392442
            ],
            [
              -98.77455105975498,
              29.3694958192353
            ],
            [
              -98.7744875650362,
              29.36949568042292
            ],
            [
              -98.77433938732864,
              29.369495363288344
            ],
            [
              -98.77421379985458,
              29.36949509411924
            ],
            [
              -98.77408821235925,
              29.36949483475739
            ],
            [
              -98.7739626248805,
              29.36949456805896
            ],
            [
              -98.77383703637427,
              29.369494300338367
            ],
            [
              -98.77371214009489,
              29.369494036379802
            ],
            [
              -98.77358655365218,
              29.369493767524748
            ],
            [
              -98.7734609630917,
              29.369493497642274
            ],
            [
              -98.77333537150379,
              29.36949322673763
            ],
            [
              -98.77320978094464,
              29.369492956618878
            ],
            [
              -98.77308419038614,
              29.369492686382006
            ],
            [
              -98.77295859982833,
              29.369492416026965
            ],
            [
              -98.77283300927319,
              29.36949214465152
            ],
            [
              -98.77270741768656,
              29.36949187405849
            ],
            [
              -98.77258182713074,
              29.369491603349076
            ],
            [
              -98.77245623657558,
              29.369491332521537
            ],
            [
              -98.77233064602305,
              29.36949106067349
            ],
            [
              -98.77220505443915,
              29.36949078960792
            ],
            [
              -98.77207946388795,
              29.36949051752363
            ],
            [
              -98.77056747137607,
              29.369487033651986
            ],
            [
              -98.7703737903508,
              29.36948681979067
            ],
            [
              -98.76988991294537,
              29.369485527429465
            ],
            [
              -98.76991588083557,
              29.371103212899207
            ],
            [
              -98.7699158310096,
              29.37110888564224
            ],
            [
              -98.76989742373473,
              29.372880415787304
            ],
            [
              -98.77087041710092,
              29.372877880705726
            ],
            [
              -98.77086225823615,
              29.373662211937166
            ]
          ]
        ]
      },
      "properties": {
        "candidate_id": "Bexar:354134",
        "county": "Bexar",
        "prop_id": "354134",
        "owner": "BIPPERT DARRYL J",
        "situs": "13898 W US HIGHWAY 90",
        "acres": 36.16,
        "reported_acres": 36.16,
        "geometry_acres": 36.36,
        "acres_source": "REPORTED",
        "land_value": 1319400.0,
        "assessed_value": 1319400.0,
        "improvement_value": 0.0,
        "improvement_ratio": 0.0,
        "gba": 0.0,
        "prop_use": "9",
        "legal": "CB: 5752   LOT: 3 & NW IRR 505.01 FT OF 2 REFER TO 05752-000-0020 2023-ROW SPLIT PER DEED 20220100426, EXE 03-24-2022",
        "cad_record_url": "",
        "parcel_source": "SARA / Bexar CAD",
        "parcel_snapshot": "2025-12",
        "parcel_freshness": "RECENT",
        "node_id": "INT-004",
        "node_name": "US 90 / SH 211",
        "node_score": 70.8,
        "node_edge_miles": 0.315,
        "dist_score": 90,
        "acre_score": 100,
        "raw_score": 100,
        "shape_score": 73.0,
        "compactness": 0.456,
        "aspect_ratio": 1.16,
        "road_score": 90,
        "frontage_roads": [
          "US HWY 90 W ACCESS RD",
          "PVT RD"
        ],
        "frontage_ft_proxy": 635.0,
        "corner_signal": "NO",
        "major_road_signal": true,
        "mtp_row_flag": false,
        "flood_score": 75,
        "flood_pct": 24.5,
        "floodway_pct": 0.0,
        "flood_zones": [
          "A",
          "AE",
          "X"
        ],
        "flood_confidence": "SCREENED",
        "future_land_use_score": 100,
        "future_land_use": [
          "Mixed Use Center / West",
          "Suburban Tier / West",
          "Country Tier / West"
        ],
        "aadt": 11975,
        "aadt_5yr_growth_pct": 1302.2,
        "aadt_station_miles": 0.29,
        "aadt_route": "SH 211",
        "nearest_retail_catalyst": "Culebra / SH 211 H-E-B",
        "retail_catalyst_miles": 10.72,
        "future_residential_lots_nearby": 11075.5,
        "recent_housing_units_180d": 0,
        "utility_confidence": "PROXY",
        "utility_provider": "SAWS",
        "utility_distance_ft": 79.0,
        "utility_snapshot": "2021-07-21",
        "utility_context": "SAWS feature approximately 79 ft from parcel; capacity NOT verified",
        "assessed_value_per_acre": 36488.0,
        "land_value_per_acre": 36488.0,
        "parcel_opportunity_score": 78.9,
        "parcel_execution_score": 91.0,
        "parcel_fit_score": 89.7,
        "acquisition_complexity_score": 97.2,
        "utility_score": 100,
        "confidence_score": 45,
        "node_confidence_score": 100,
        "node_class": "EMERGING NODE",
        "node_evidence_model": "Bexar detailed growth + statewide road/traffic evidence",
        "node_component_scores": {
          "residential_growth": 86.1,
          "intersection_network": 100,
          "retail_catalyst": 28,
          "traffic": 40.2,
          "timing": 68.4
        },
        "parcel_component_scores": {
          "frontage_access": 90,
          "size_shape": 89.7,
          "utilities": 100,
          "flood": 75,
          "acquisition": 97.2
        },
        "acquisition_category": "EARLY SPECULATION",
        "decision_summary": "Interesting node/parcel thesis, but data freshness or execution certainty is not strong enough for active pursuit.",
        "main_risks": [
          "utility capacity is unverified",
          "24.5% mapped SFHA overlap",
          "important diligence data is incomplete"
        ],
        "usable_acres_proxy": 27.3,
        "eligible": true,
        "why_this_tract": "major-road frontage \u00b7 within \u00bd mile of the node \u00b7 11075 weighted future residential lots \u00b7 mapped SAWS feature ~79 ft from parcel \u00b7 mostly raw / low-improvement land",
        "verification_notes": "Frontage is a GIS proximity proxy, not legal access. Sewer distance is a mapped-line proxy, not a capacity commitment. Confirm current title/CAD, survey, curb access, median/turn movements, ROW, flood and provider capacity."
      }
    },
    {
      "type": "Feature",
      "geometry": {
        "type": "Polygon",
        "coordinates": [
          [
            [
              -98.33293783893734,
              29.458078071458402
            ],
            [
              -98.33307734194601,
              29.45875240814022
            ],
            [
              -98.33311820288456,
              29.45862480705575
            ],
            [
              -98.3331403066288,
              29.458558717576484
            ],
            [
              -98.33317627369367,
              29.458424703692756
            ],
            [
              -98.33326237753131,
              29.458160207848287
            ],
            [
              -98.33334849430321,
              29.457895715611244
            ],
            [
              -98.33343458592765,
              29.457631216866186
            ],
            [
              -98.33347379787298,
              29.457514148213672
            ],
            [
              -98.33351792107534,
              29.457382414431194
            ],
            [
              -98.33356210094718,
              29.4572505103774
            ],
            [
              -98.33361114148394,
              29.457103311120996
            ],
            [
              -98.3336558944797,
              29.456970279293696
            ],
            [
              -98.333699806493,
              29.456839081261595
            ],
            [
              -98.33374396232456,
              29.456707155361304
            ],
            [
              -98.33378813803597,
              29.45657516728341
            ],
            [
              -98.33383203332832,
              29.45644347645501
            ],
            [
              -98.333876042236,
              29.456312528777353
            ],
            [
              -98.33390020967899,
              29.45624032274794
            ],
            [
              -98.33392088736683,
              29.456178540855284
            ],
            [
              -98.33396585958113,
              29.456044176382964
            ],
            [
              -98.33400378602173,
              29.45593085926224
            ],
            [
              -98.33405415338731,
              29.4557839497515
            ],
            [
              -98.33409842144466,
              29.455648103732536
            ],
            [
              -98.3341861389942,
              29.455386018975787
            ],
            [
              -98.33423059448154,
              29.455256016299753
            ],
            [
              -98.33427319686314,
              29.455125902413066
            ],
            [
              -98.3343184962238,
              29.454990553204592
            ],
            [
              -98.33438337585724,
              29.45480797170749
            ],
            [
              -98.33444220876451,
              29.454620917078888
            ],
            [
              -98.33450302853765,
              29.454439195045175
            ],
            [
              -98.33456430334614,
              29.454256113657774
            ],
            [
              -98.33462611404829,
              29.45406779789364
            ],
            [
              -98.33470494790966,
              29.453835875156596
            ],
            [
              -98.33221047051434,
              29.454640798780247
            ],
            [
              -98.33293783893734,
              29.458078071458402
            ]
          ]
        ]
      },
      "properties": {
        "candidate_id": "Bexar:685399",
        "county": "Bexar",
        "prop_id": "685399",
        "owner": "SAN ANTONIO LD LLC",
        "situs": "7975  INTERSTATE 10 E",
        "acres": 14.39,
        "reported_acres": 14.39,
        "geometry_acres": 14.44,
        "acres_source": "REPORTED",
        "land_value": 680400.0,
        "assessed_value": 680400.0,
        "improvement_value": 0.0,
        "improvement_ratio": 0.0,
        "gba": 0.0,
        "prop_use": "99",
        "legal": "NCB 17990   P-7F OR TR-1 (10.504AC) & CB 5090 P-7F OR TR-1 (3.88) A-739 2019-RSVY FROM 14.3930 AC TO 14.384 PER DEED 20180234761 EFF 11-30-2018",
        "cad_record_url": "",
        "parcel_source": "SARA / Bexar CAD",
        "parcel_snapshot": "2025-12",
        "parcel_freshness": "RECENT",
        "node_id": "INT-010",
        "node_name": "FM 1516 / I-10 East",
        "node_score": 77.6,
        "node_edge_miles": 0.943,
        "dist_score": 66,
        "acre_score": 100,
        "raw_score": 100,
        "shape_score": 70.8,
        "compactness": 0.442,
        "aspect_ratio": 2.73,
        "road_score": 100,
        "frontage_roads": [
          "IH 10",
          "IH 10 E ACCESS RD"
        ],
        "frontage_ft_proxy": 1312.0,
        "corner_signal": "STRONG",
        "major_road_signal": true,
        "mtp_row_flag": false,
        "flood_score": 100,
        "flood_pct": 0.0,
        "floodway_pct": 0.0,
        "flood_zones": [
          "X"
        ],
        "flood_confidence": "SCREENED",
        "future_land_use_score": 55,
        "future_land_use": [
          "Medium Density Residential / I-10 East Corridor",
          "Low Density Residential / I-10 East Corridor"
        ],
        "aadt": 5051,
        "aadt_5yr_growth_pct": 33.5,
        "aadt_station_miles": 0.84,
        "aadt_route": "FM 1516",
        "nearest_retail_catalyst": "H-E-B Foster campus",
        "retail_catalyst_miles": 2.98,
        "future_residential_lots_nearby": 4214.4,
        "recent_housing_units_180d": 0,
        "utility_confidence": "UNKNOWN",
        "utility_provider": "SAWS",
        "utility_distance_ft": null,
        "utility_snapshot": "2021-07-21",
        "utility_context": "No mapped sewer feature returned near parcel",
        "assessed_value_per_acre": 47283.0,
        "land_value_per_acre": 47283.0,
        "parcel_opportunity_score": 78.9,
        "parcel_execution_score": 80.9,
        "parcel_fit_score": 88.9,
        "acquisition_complexity_score": 97.2,
        "utility_score": 20,
        "confidence_score": 45,
        "node_confidence_score": 94,
        "node_class": "PRIORITY NODE",
        "node_evidence_model": "Bexar detailed growth + statewide road/traffic evidence",
        "node_component_scores": {
          "residential_growth": 62.7,
          "intersection_network": 100,
          "retail_catalyst": 72,
          "traffic": 89.1,
          "timing": 57.6
        },
        "parcel_component_scores": {
          "frontage_access": 100,
          "size_shape": 88.9,
          "utilities": 20,
          "flood": 100,
          "acquisition": 97.2
        },
        "acquisition_category": "EARLY SPECULATION",
        "decision_summary": "Interesting node/parcel thesis, but data freshness or execution certainty is not strong enough for active pursuit.",
        "main_risks": [
          "not on the immediate intersection",
          "mapped sewer path is unverified",
          "important diligence data is incomplete"
        ],
        "usable_acres_proxy": 14.39,
        "eligible": true,
        "why_this_tract": "corner exposure on a major road \u00b7 within 1 mile of the node \u00b7 4214 weighted future residential lots \u00b7 mostly raw / low-improvement land \u00b7 no mapped FEMA SFHA overlap returned",
        "verification_notes": "Frontage is a GIS proximity proxy, not legal access. Sewer distance is a mapped-line proxy, not a capacity commitment. Confirm current title/CAD, survey, curb access, median/turn movements, ROW, flood and provider capacity."
      }
    },
    {
      "type": "Feature",
      "geometry": {
        "type": "Polygon",
        "coordinates": [
          [
            [
              -98.30347736427505,
              29.464334043337892
            ],
            [
              -98.3035355381314,
              29.464154014364517
            ],
            [
              -98.3035975784638,
              29.46396366142161
            ],
            [
              -98.30356649134345,
              29.463867764274195
            ],
            [
              -98.30326214784044,
              29.462925921502197
            ],
            [
              -98.3017730519422,
              29.46329765878085
            ],
            [
              -98.30207330908608,
              29.46421923846111
            ],
            [
              -98.30205841326341,
              29.464265171286048
            ],
            [
              -98.30192174432963,
              29.4647014473288
            ],
            [
              -98.30324597139963,
              29.465029887254136
            ],
            [
              -98.30326060145737,
              29.464986126585707
            ],
            [
              -98.30332204127987,
              29.46480143717387
            ],
            [
              -98.30339530619806,
              29.464592690610715
            ],
            [
              -98.30341260931489,
              29.46453444823928
            ],
            [
              -98.30347736427505,
              29.464334043337892
            ]
          ]
        ]
      },
      "properties": {
        "candidate_id": "Bexar:618977",
        "county": "Bexar",
        "prop_id": "618977",
        "owner": "MS410 PARTNERS LLC",
        "situs": "9399 E IH 10",
        "acres": 6.97,
        "reported_acres": 6.97,
        "geometry_acres": 7.14,
        "acres_source": "REPORTED",
        "land_value": 335210.0,
        "assessed_value": 335210.0,
        "improvement_value": 0.0,
        "improvement_ratio": 0.0,
        "gba": 0.0,
        "prop_use": "99",
        "legal": "NCB 16550  BLK     LOT P-11A",
        "cad_record_url": "",
        "parcel_source": "SARA / Bexar CAD",
        "parcel_snapshot": "2025-12",
        "parcel_freshness": "RECENT",
        "node_id": "INT-010",
        "node_name": "FM 1516 / I-10 East",
        "node_score": 77.6,
        "node_edge_miles": 0.885,
        "dist_score": 66,
        "acre_score": 100,
        "raw_score": 100,
        "shape_score": 100,
        "compactness": 0.768,
        "aspect_ratio": 1.37,
        "road_score": 100,
        "frontage_roads": [
          "IH 10",
          "IH 10 E ACCESS RD"
        ],
        "frontage_ft_proxy": 1599.0,
        "corner_signal": "STRONG",
        "major_road_signal": true,
        "mtp_row_flag": false,
        "flood_score": 75,
        "flood_pct": 21.4,
        "floodway_pct": 0.0,
        "flood_zones": [
          "AE",
          "X"
        ],
        "flood_confidence": "SCREENED",
        "future_land_use_score": 100,
        "future_land_use": [
          "Low Density Residential / I-10 East Corridor",
          "Community Commercial / I-10 East Corridor"
        ],
        "aadt": 14990,
        "aadt_5yr_growth_pct": 923.9,
        "aadt_station_miles": 0.18,
        "aadt_route": "IH 10",
        "nearest_retail_catalyst": "I-10 / Loop 1604 East H-E-B",
        "retail_catalyst_miles": 3.5,
        "future_residential_lots_nearby": 4214.4,
        "recent_housing_units_180d": 0,
        "utility_confidence": "UNKNOWN",
        "utility_provider": "SAWS",
        "utility_distance_ft": null,
        "utility_snapshot": "2021-07-21",
        "utility_context": "No mapped sewer feature returned near parcel",
        "assessed_value_per_acre": 48093.0,
        "land_value_per_acre": 48093.0,
        "parcel_opportunity_score": 78.8,
        "parcel_execution_score": 80.5,
        "parcel_fit_score": 100.0,
        "acquisition_complexity_score": 97.2,
        "utility_score": 20,
        "confidence_score": 45,
        "node_confidence_score": 94,
        "node_class": "PRIORITY NODE",
        "node_evidence_model": "Bexar detailed growth + statewide road/traffic evidence",
        "node_component_scores": {
          "residential_growth": 62.7,
          "intersection_network": 100,
          "retail_catalyst": 72,
          "traffic": 89.1,
          "timing": 57.6
        },
        "parcel_component_scores": {
          "frontage_access": 100,
          "size_shape": 100.0,
          "utilities": 20,
          "flood": 75,
          "acquisition": 97.2
        },
        "acquisition_category": "EARLY SPECULATION",
        "decision_summary": "Interesting node/parcel thesis, but data freshness or execution certainty is not strong enough for active pursuit.",
        "main_risks": [
          "not on the immediate intersection",
          "mapped sewer path is unverified",
          "21.4% mapped SFHA overlap",
          "important diligence data is incomplete"
        ],
        "usable_acres_proxy": 5.48,
        "eligible": true,
        "why_this_tract": "corner exposure on a major road \u00b7 within 1 mile of the node \u00b7 4214 weighted future residential lots \u00b7 mostly raw / low-improvement land \u00b7 21.4% mapped FEMA SFHA overlap",
        "verification_notes": "Frontage is a GIS proximity proxy, not legal access. Sewer distance is a mapped-line proxy, not a capacity commitment. Confirm current title/CAD, survey, curb access, median/turn movements, ROW, flood and provider capacity."
      }
    },
    {
      "type": "Feature",
      "geometry": {
        "type": "Polygon",
        "coordinates": [
          [
            [
              -98.31447314590186,
              29.460197099399338
            ],
            [
              -98.31445194200842,
              29.46068405428602
            ],
            [
              -98.3143886301233,
              29.460957028519097
            ],
            [
              -98.31427896964837,
              29.46132902445671
            ],
            [
              -98.31474234568141,
              29.46140602966049
            ],
            [
              -98.31563648182558,
              29.461623657941747
            ],
            [
              -98.31560235903372,
              29.46150340101917
            ],
            [
              -98.31558002978606,
              29.460583672589298
            ],
            [
              -98.3155648794689,
              29.460233405554625
            ],
            [
              -98.31554712896502,
              29.459823013240133
            ],
            [
              -98.31449553470772,
              29.460129246796598
            ],
            [
              -98.31447314590186,
              29.460197099399338
            ]
          ]
        ]
      },
      "properties": {
        "candidate_id": "Bexar:685431",
        "county": "Bexar",
        "prop_id": "685431",
        "owner": "MOODY 10 PROPERTIES LP",
        "situs": "8755  INTERSTATE 10 E",
        "acres": 4.68,
        "reported_acres": 4.68,
        "geometry_acres": 4.62,
        "acres_source": "REPORTED",
        "land_value": 630080.0,
        "assessed_value": 632000.0,
        "improvement_value": 1920.0,
        "improvement_ratio": 0.003,
        "gba": 0.0,
        "prop_use": "99",
        "legal": "NCB 17991  BLK 1  LOT SE IRR 346.1 OF 1 CB5089A BLK 1 LOT NW TRI 50' OF SE346.1 OF 1   NO LABEL# OR SERIAL# 2010-SPLIT PER DEED 14001/23 & CORR 14080/423 EX 5/26/09 SPLIT HISTORY ON PID 685426",
        "cad_record_url": "",
        "parcel_source": "SARA / Bexar CAD",
        "parcel_snapshot": "2025-12",
        "parcel_freshness": "RECENT",
        "node_id": "INT-010",
        "node_name": "FM 1516 / I-10 East",
        "node_score": 77.6,
        "node_edge_miles": 0.121,
        "dist_score": 97,
        "acre_score": 86,
        "raw_score": 99.6,
        "shape_score": 100,
        "compactness": 0.702,
        "aspect_ratio": 1.54,
        "road_score": 100,
        "frontage_roads": [
          "IH 10 E ACCESS RD",
          "IH 10"
        ],
        "frontage_ft_proxy": 1040.0,
        "corner_signal": "STRONG",
        "major_road_signal": true,
        "mtp_row_flag": false,
        "flood_score": 100,
        "flood_pct": 0.0,
        "floodway_pct": 0.0,
        "flood_zones": [
          "X"
        ],
        "flood_confidence": "SCREENED",
        "future_land_use_score": 100,
        "future_land_use": [
          "Community Commercial / I-10 East Corridor",
          "Parks Open Space / I-10 East Corridor"
        ],
        "aadt": 16373,
        "aadt_5yr_growth_pct": 445.4,
        "aadt_station_miles": 0.49,
        "aadt_route": "IH 10",
        "nearest_retail_catalyst": "I-10 / Loop 1604 East H-E-B",
        "retail_catalyst_miles": 3.68,
        "future_residential_lots_nearby": 4214.4,
        "recent_housing_units_180d": 0,
        "utility_confidence": "UNKNOWN",
        "utility_provider": "SAWS",
        "utility_distance_ft": null,
        "utility_snapshot": "2021-07-21",
        "utility_context": "No mapped sewer feature returned near parcel",
        "assessed_value_per_acre": 135043.0,
        "land_value_per_acre": 134632.0,
        "parcel_opportunity_score": 78.8,
        "parcel_execution_score": 80.5,
        "parcel_fit_score": 91.3,
        "acquisition_complexity_score": 89.9,
        "utility_score": 20,
        "confidence_score": 45,
        "node_confidence_score": 94,
        "node_class": "PRIORITY NODE",
        "node_evidence_model": "Bexar detailed growth + statewide road/traffic evidence",
        "node_component_scores": {
          "residential_growth": 62.7,
          "intersection_network": 100,
          "retail_catalyst": 72,
          "traffic": 89.1,
          "timing": 57.6
        },
        "parcel_component_scores": {
          "frontage_access": 100,
          "size_shape": 91.3,
          "utilities": 20,
          "flood": 100,
          "acquisition": 89.9
        },
        "acquisition_category": "EARLY SPECULATION",
        "decision_summary": "Interesting node/parcel thesis, but data freshness or execution certainty is not strong enough for active pursuit.",
        "main_risks": [
          "mapped sewer path is unverified",
          "important diligence data is incomplete"
        ],
        "usable_acres_proxy": 4.68,
        "eligible": true,
        "why_this_tract": "corner exposure on a major road \u00b7 within \u00bc mile of the node \u00b7 4214 weighted future residential lots \u00b7 mostly raw / low-improvement land \u00b7 no mapped FEMA SFHA overlap returned",
        "verification_notes": "Frontage is a GIS proximity proxy, not legal access. Sewer distance is a mapped-line proxy, not a capacity commitment. Confirm current title/CAD, survey, curb access, median/turn movements, ROW, flood and provider capacity."
      }
    },
    {
      "type": "Feature",
      "geometry": {
        "type": "Polygon",
        "coordinates": [
          [
            [
              -98.28774648379026,
              29.504690565021995
            ],
            [
              -98.28774631658102,
              29.50465169867169
            ],
            [
              -98.2877396332267,
              29.50461341089401
            ],
            [
              -98.2877266230623,
              29.50457678635624
            ],
            [
              -98.2877076546571,
              29.5045428626072
            ],
            [
              -98.28768326537343,
              29.504512600684148
            ],
            [
              -98.28765414614347,
              29.504486857887258
            ],
            [
              -98.28762112189567,
              29.504466363492856
            ],
            [
              -98.28758512818501,
              29.504451698093508
            ],
            [
              -98.2875471846894,
              29.504443277150237
            ],
            [
              -98.28750836632284,
              29.50444133922277
            ],
            [
              -98.28746977278388,
              29.504445939211298
            ],
            [
              -98.2874324974018,
              29.504456946801206
            ],
            [
              -98.2873975961634,
              29.50447405015479
            ],
            [
              -98.2873660577976,
              29.50449676474541
            ],
            [
              -98.2798851299925,
              29.508334939281777
            ],
            [
              -98.28055920743274,
              29.509347957285442
            ],
            [
              -98.28125103228729,
              29.510369675893916
            ],
            [
              -98.28121392559851,
              29.510389182714743
            ],
            [
              -98.28078863936123,
              29.510612761131306
            ],
            [
              -98.28216213378023,
              29.512669851042602
            ],
            [
              -98.28649296113352,
              29.510422296295324
            ],
            [
              -98.28695790492604,
              29.510180991562375
            ],
            [
              -98.28697348601546,
              29.509964227314132
            ],
            [
              -98.28699343223514,
              29.50974782108043
            ],
            [
              -98.28703059245674,
              29.509574458653812
            ],
            [
              -98.28707318480954,
              29.509402350244613
            ],
            [
              -98.28705129937693,
              29.509389225939433
            ],
            [
              -98.28712775684927,
              29.50885782149057
            ],
            [
              -98.287376629215,
              29.50705751437176
            ],
            [
              -98.28757078970816,
              29.505652951172017
            ],
            [
              -98.28774648379026,
              29.504690565021995
            ]
          ]
        ]
      },
      "properties": {
        "candidate_id": "Bexar:310261",
        "county": "Bexar",
        "prop_id": "310261",
        "owner": "STANTON BELL REAL ESTATE LTD",
        "situs": "10915  LOWER SEGUIN RD",
        "acres": 92.3,
        "reported_acres": 92.3,
        "geometry_acres": 92.24,
        "acres_source": "REPORTED",
        "land_value": 4302070.0,
        "assessed_value": 4302070.0,
        "improvement_value": 0.0,
        "improvement_ratio": 0.0,
        "gba": 0.0,
        "prop_use": "99",
        "legal": "CB 5062 P-5  ABS 549  43.591 CB 5064 P-5B ABS 549  50.676",
        "cad_record_url": "",
        "parcel_source": "SARA / Bexar CAD",
        "parcel_snapshot": "2025-12",
        "parcel_freshness": "RECENT",
        "node_id": "INT-016",
        "node_name": "Loop 1604 / Green Rd",
        "node_score": 77.1,
        "node_edge_miles": 0.667,
        "dist_score": 78,
        "acre_score": 92,
        "raw_score": 100,
        "shape_score": 100,
        "compactness": 0.678,
        "aspect_ratio": 1.75,
        "road_score": 94,
        "frontage_roads": [
          "LOWER SEGUIN RD",
          "CITADEL PEAK",
          "TATES DR"
        ],
        "frontage_ft_proxy": 6244.0,
        "corner_signal": "STRONG",
        "major_road_signal": true,
        "mtp_row_flag": true,
        "flood_score": 100,
        "flood_pct": 0.0,
        "floodway_pct": 0.0,
        "flood_zones": [
          "X"
        ],
        "flood_confidence": "SCREENED",
        "future_land_use_score": 55,
        "future_land_use": [
          "Military / Randolph AFB"
        ],
        "aadt": 2381,
        "aadt_5yr_growth_pct": 7.3,
        "aadt_station_miles": 0.57,
        "aadt_route": "LOWER SEGUIN",
        "nearest_retail_catalyst": "I-10 / Loop 1604 East H-E-B",
        "retail_catalyst_miles": 1.71,
        "future_residential_lots_nearby": 3928.8,
        "recent_housing_units_180d": 0,
        "utility_confidence": "UNKNOWN",
        "utility_provider": "SAWS",
        "utility_distance_ft": null,
        "utility_snapshot": "2021-07-21",
        "utility_context": "No mapped sewer feature returned near parcel",
        "assessed_value_per_acre": 46610.0,
        "land_value_per_acre": 46610.0,
        "parcel_opportunity_score": 78.5,
        "parcel_execution_score": 80.6,
        "parcel_fit_score": 95.0,
        "acquisition_complexity_score": 97.2,
        "utility_score": 20,
        "confidence_score": 45,
        "node_confidence_score": 94,
        "node_class": "PRIORITY NODE",
        "node_evidence_model": "Bexar detailed growth + statewide road/traffic evidence",
        "node_component_scores": {
          "residential_growth": 58.3,
          "intersection_network": 100,
          "retail_catalyst": 90,
          "traffic": 78.1,
          "timing": 55.6
        },
        "parcel_component_scores": {
          "frontage_access": 94,
          "size_shape": 95.0,
          "utilities": 20,
          "flood": 100,
          "acquisition": 97.2
        },
        "acquisition_category": "EARLY SPECULATION",
        "decision_summary": "Interesting node/parcel thesis, but data freshness or execution certainty is not strong enough for active pursuit.",
        "main_risks": [
          "not on the immediate intersection",
          "mapped sewer path is unverified",
          "important diligence data is incomplete"
        ],
        "usable_acres_proxy": 92.3,
        "eligible": true,
        "why_this_tract": "corner exposure on a major road \u00b7 within 1 mile of the node \u00b7 3928 weighted future residential lots \u00b7 1.7 mi from I-10 / Loop 1604 East H-E-B \u00b7 mostly raw / low-improvement land",
        "verification_notes": "Frontage is a GIS proximity proxy, not legal access. Sewer distance is a mapped-line proxy, not a capacity commitment. Confirm current title/CAD, survey, curb access, median/turn movements, ROW, flood and provider capacity."
      }
    },
    {
      "type": "Feature",
      "geometry": {
        "type": "Polygon",
        "coordinates": [
          [
            [
              -98.28427900693885,
              29.50574048512866
            ],
            [
              -98.28432738450749,
              29.505813295663973
            ],
            [
              -98.28434318475924,
              29.505837075648042
            ],
            [
              -98.28436543210879,
              29.505870558327356
            ],
            [
              -98.28440356676283,
              29.505850793557677
            ],
            [
              -98.28533231845216,
              29.505369430421908
            ],
            [
              -98.28540994627502,
              29.505329195663442
            ],
            [
              -98.2854128507765,
              29.505327598770524
            ],
            [
              -98.28539069802261,
              29.505294422649754
            ],
            [
              -98.28469003791905,
              29.504245100952662
            ],
            [
              -98.28460296818903,
              29.504114705953395
            ],
            [
              -98.28458693486526,
              29.504121629256808
            ],
            [
              -98.28442388642196,
              29.504204607792794
            ],
            [
              -98.28427048448275,
              29.50428267600206
            ],
            [
              -98.28313457223219,
              29.504860863621314
            ],
            [
              -98.28315700632177,
              29.50489484287792
            ],
            [
              -98.28364854420066,
              29.5056393366521
            ],
            [
              -98.284146669386,
              29.505762031032475
            ],
            [
              -98.28414705033408,
              29.505761837272246
            ],
            [
              -98.28425629009746,
              29.505706296123197
            ],
            [
              -98.28427900693885,
              29.50574048512866
            ]
          ]
        ]
      },
      "properties": {
        "candidate_id": "Bexar:1008643",
        "county": "Bexar",
        "prop_id": "1008643",
        "owner": "MMP PROPERTIES LLC",
        "situs": "LOWER SEGUIN RD",
        "acres": 5.97,
        "reported_acres": 5.97,
        "geometry_acres": 5.98,
        "acres_source": "REPORTED",
        "land_value": 1344960.0,
        "assessed_value": 1344960.0,
        "improvement_value": 0.0,
        "improvement_ratio": 0.0,
        "gba": 0.0,
        "prop_use": "99",
        "legal": "CB  5064  P-6C  ABS 497          (NON-ADJ REMS P-6) RESURVEY (DEED 11383/2096)///2012-SPLIT PER DEED 15247/3 EX 12/1/11//2013-SPLIT & RESURVEY PER PLAT 9639/1-5 FILED 2/29/12",
        "cad_record_url": "",
        "parcel_source": "SARA / Bexar CAD",
        "parcel_snapshot": "2025-12",
        "parcel_freshness": "RECENT",
        "node_id": "INT-016",
        "node_name": "Loop 1604 / Green Rd",
        "node_score": 77.1,
        "node_edge_miles": 0.754,
        "dist_score": 66,
        "acre_score": 100,
        "raw_score": 100,
        "shape_score": 100,
        "compactness": 0.787,
        "aspect_ratio": 1.05,
        "road_score": 94,
        "frontage_roads": [
          "LOWER SEGUIN RD",
          "CITADEL PEAK"
        ],
        "frontage_ft_proxy": 2209.0,
        "corner_signal": "STRONG",
        "major_road_signal": true,
        "mtp_row_flag": true,
        "flood_score": 100,
        "flood_pct": 0.0,
        "floodway_pct": 0.0,
        "flood_zones": [
          "X"
        ],
        "flood_confidence": "SCREENED",
        "future_land_use_score": 55,
        "future_land_use": [],
        "aadt": 2381,
        "aadt_5yr_growth_pct": 7.3,
        "aadt_station_miles": 0.75,
        "aadt_route": "LOWER SEGUIN",
        "nearest_retail_catalyst": "I-10 / Loop 1604 East H-E-B",
        "retail_catalyst_miles": 1.78,
        "future_residential_lots_nearby": 3928.8,
        "recent_housing_units_180d": 0,
        "utility_confidence": "UNKNOWN",
        "utility_provider": "SAWS",
        "utility_distance_ft": null,
        "utility_snapshot": "2021-07-21",
        "utility_context": "No mapped sewer feature returned near parcel",
        "assessed_value_per_acre": 225286.0,
        "land_value_per_acre": 225286.0,
        "parcel_opportunity_score": 78.4,
        "parcel_execution_score": 80.4,
        "parcel_fit_score": 100.0,
        "acquisition_complexity_score": 86.0,
        "utility_score": 20,
        "confidence_score": 45,
        "node_confidence_score": 94,
        "node_class": "PRIORITY NODE",
        "node_evidence_model": "Bexar detailed growth + statewide road/traffic evidence",
        "node_component_scores": {
          "residential_growth": 58.3,
          "intersection_network": 100,
          "retail_catalyst": 90,
          "traffic": 78.1,
          "timing": 55.6
        },
        "parcel_component_scores": {
          "frontage_access": 94,
          "size_shape": 100.0,
          "utilities": 20,
          "flood": 100,
          "acquisition": 86.0
        },
        "acquisition_category": "EARLY SPECULATION",
        "decision_summary": "Interesting node/parcel thesis, but data freshness or execution certainty is not strong enough for active pursuit.",
        "main_risks": [
          "not on the immediate intersection",
          "mapped sewer path is unverified",
          "important diligence data is incomplete"
        ],
        "usable_acres_proxy": 5.97,
        "eligible": true,
        "why_this_tract": "corner exposure on a major road \u00b7 within 1 mile of the node \u00b7 3928 weighted future residential lots \u00b7 1.8 mi from I-10 / Loop 1604 East H-E-B \u00b7 mostly raw / low-improvement land",
        "verification_notes": "Frontage is a GIS proximity proxy, not legal access. Sewer distance is a mapped-line proxy, not a capacity commitment. Confirm current title/CAD, survey, curb access, median/turn movements, ROW, flood and provider capacity."
      }
    },
    {
      "type": "Feature",
      "geometry": {
        "type": "Polygon",
        "coordinates": [
          [
            [
              -98.75658796750574,
              29.372009419719905
            ],
            [
              -98.756589597218,
              29.372009404644793
            ],
            [
              -98.75659877491137,
              29.372009318512585
            ],
            [
              -98.75662655160556,
              29.374289538454853
            ],
            [
              -98.75905853962338,
              29.37425652678225
            ],
            [
              -98.75903366359562,
              29.372317733600834
            ],
            [
              -98.75900853926485,
              29.37120212956025
            ],
            [
              -98.75664881838216,
              29.37122425472436
            ],
            [
              -98.75657690268477,
              29.371226131270898
            ],
            [
              -98.75658257492641,
              29.371690709115832
            ],
            [
              -98.75658796750574,
              29.372009419719905
            ]
          ],
          [
            [
              -98.7579088514595,
              29.37240811534116
            ],
            [
              -98.7579088813356,
              29.372408114493044
            ],
            [
              -98.75790891532797,
              29.372408115457002
            ],
            [
              -98.75791533270433,
              29.37240828499708
            ],
            [
              -98.75793067051372,
              29.372408702604037
            ],
            [
              -98.75793741883295,
              29.372409194868094
            ],
            [
              -98.75795150631991,
              29.372410370853967
            ],
            [
              -98.75797199364952,
              29.372413033717883
            ],
            [
              -98.75799483349573,
              29.372417142735618
            ],
            [
              -98.75801574292471,
              29.37242209642314
            ],
            [
              -98.75803643447826,
              29.3724281415087
            ],
            [
              -98.75805673105238,
              29.37243524428609
            ],
            [
              -98.75807663879644,
              29.372443418301167
            ],
            [
              -98.75809573475517,
              29.372452480521147
            ],
            [
              -98.75811423918009,
              29.37246251526017
            ],
            [
              -98.75813326379176,
              29.372474311347613
            ],
            [
              -98.75814948247925,
              29.37248559615326
            ],
            [
              -98.75816007975799,
              29.372493796601695
            ],
            [
              -98.75816630643381,
              29.37249882111939
            ],
            [
              -98.7581799376734,
              29.372510868199104
            ],
            [
              -98.7582102303735,
              29.372541685538664
            ],
            [
              -98.75823574974855,
              29.3725765584163
            ],
            [
              -98.75825595965192,
              29.37261475417396
            ],
            [
              -98.75827043548577,
              29.3726554703419
            ],
            [
              -98.7582788731216,
              29.372697851498074
            ],
            [
              -98.75828109528979,
              29.372741007240055
            ],
            [
              -98.75827705530392,
              29.372784030891825
            ],
            [
              -98.75826683804166,
              29.3728260185525
            ],
            [
              -98.75825065816151,
              29.37286608808676
            ],
            [
              -98.75824241852777,
              29.37288159020772
            ],
            [
              -98.75823176702178,
              29.37289896476753
            ],
            [
              -98.7582205989985,
              29.372914767467858
            ],
            [
              -98.75819062721578,
              29.372948649499296
            ],
            [
              -98.75815688296832,
              29.372978776324192
            ],
            [
              -98.75811983347899,
              29.373004730806542
            ],
            [
              -98.75807999173497,
              29.373026153580597
            ],
            [
              -98.75803790938505,
              29.373042748026634
            ],
            [
              -98.75799416910141,
              29.37305428437796
            ],
            [
              -98.75794937651202,
              29.373060602902267
            ],
            [
              -98.75793032768358,
              29.373062068910865
            ],
            [
              -98.75792819708359,
              29.373062176934564
            ],
            [
              -98.75791605790067,
              29.373062581718415
            ],
            [
              -98.7579141458786,
              29.373062610734895
            ],
            [
              -98.75791303018897,
              29.373062627660513
            ],
            [
              -98.75791210818973,
              29.373062635011923
            ],
            [
              -98.75791018383791,
              29.373062650471308
            ],
            [
              -98.75790999531749,
              29.373062651934102
            ],
            [
              -98.7579069594692,
              29.373062653648102
            ],
            [
              -98.75790651343861,
              29.373062643816226
            ],
            [
              -98.75789642059699,
              29.373062414374896
            ],
            [
              -98.75788633212129,
              29.373062081174982
            ],
            [
              -98.75788608696648,
              29.373062072609645
            ],
            [
              -98.7578855204305,
              29.37306205353608
            ],
            [
              -98.7578325261941,
              29.373056067614996
            ],
            [
              -98.75778077712327,
              29.37304317366239
            ],
            [
              -98.75773116968372,
              29.373023595044323
            ],
            [
              -98.75768456324094,
              29.372997670927454
            ],
            [
              -98.75766884642617,
              29.372986728050687
            ],
            [
              -98.75765085006199,
              29.372972668964255
            ],
            [
              -98.75765069277686,
              29.37297253062521
            ],
            [
              -98.75765048202899,
              29.372972347975914
            ],
            [
              -98.75764331973596,
              29.37296611895582
            ],
            [
              -98.7576356068889,
              29.37295921220286
            ],
            [
              -98.75763556063926,
              29.372959167003355
            ],
            [
              -98.75763170127348,
              29.372955433453832
            ],
            [
              -98.75763153476628,
              29.37295527434486
            ],
            [
              -98.75763104654406,
              29.37295481057315
            ],
            [
              -98.75762952741026,
              29.372953364118146
            ],
            [
              -98.75762914609871,
              29.372952995283118
            ],
            [
              -98.75762839169961,
              29.372952264846518
            ],
            [
              -98.75762676064973,
              29.37295066208853
            ],
            [
              -98.75762196967239,
              29.372945774596595
            ],
            [
              -98.75760182810511,
              29.372922907922078
            ],
            [
              -98.75758390385663,
              29.372898264690715
            ],
            [
              -98.75756334035124,
              29.372862506461885
            ],
            [
              -98.75754805169807,
              29.372824195030603
            ],
            [
              -98.7575383464802,
              29.372784103667083
            ],
            [
              -98.75753442058583,
              29.37274304156733
            ],
            [
              -98.75753635325437,
              29.372701837520502
            ],
            [
              -98.75754410547727,
              29.372661323180782
            ],
            [
              -98.7575575207852,
              29.372622316281447
            ],
            [
              -98.75756011022162,
              29.372616367535905
            ],
            [
              -98.75756012057853,
              29.372616344094638
            ],
            [
              -98.75756103284142,
              29.372614355253216
            ],
            [
              -98.75756151639114,
              29.372613310352865
            ],
            [
              -98.75756163233255,
              29.372613071451028
            ],
            [
              -98.75756261269345,
              29.372611036715373
            ],
            [
              -98.75756278557435,
              29.372610678811835
            ],
            [
              -98.7575629118705,
              29.372610417371032
            ],
            [
              -98.7575652507473,
              29.37260543815469
            ],
            [
              -98.75756549295286,
              29.372604951346577
            ],
            [
              -98.75756882440311,
              29.372598435492268
            ],
            [
              -98.7575700650248,
              29.372596119708085
            ],
            [
              -98.75757038886745,
              29.372595524770936
            ],
            [
              -98.75757043128247,
              29.372595449053804
            ],
            [
              -98.75757261418455,
              29.372591518941658
            ],
            [
              -98.75757457778106,
              29.372587975522766
            ],
            [
              -98.75757861870613,
              29.37258114785448
            ],
            [
              -98.7575835955088,
              29.372573234600594
            ],
            [
              -98.75761357551254,
              29.37253481573433
            ],
            [
              -98.75764832236156,
              29.372500647527005
            ],
            [
              -98.75768723922673,
              29.372471316868733
            ],
            [
              -98.7577296576526,
              29.372447327557477
            ],
            [
              -98.75777484903925,
              29.37242909164558
            ],
            [
              -98.75782203715691,
              29.37241692236212
            ],
            [
              -98.75783056243031,
              29.372415252308407
            ],
            [
              -98.75784485511328,
              29.372412858233275
            ],
            [
              -98.75784780544961,
              29.372412416940254
            ],
            [
              -98.75786261709227,
              29.372410556167935
            ],
            [
              -98.75786559079748,
              29.37241025206811
            ],
            [
              -98.75786607300154,
              29.372410210533996
            ],
            [
              -98.75786627701119,
              29.372410192857735
            ],
            [
              -98.7578701748297,
              29.372409856145932
            ],
            [
              -98.7578704664223,
              29.372409829605388
            ],
            [
              -98.75787359665696,
              29.372409547444718
            ],
            [
              -98.75787577479612,
              29.37240936912783
            ],
            [
              -98.75787859376322,
              29.372409156782854
            ],
            [
              -98.75788702975467,
              29.372408649642477
            ],
            [
              -98.75789277209945,
              29.372408505759996
            ],
            [
              -98.75790157928334,
              29.37240828983586
            ],
            [
              -98.7579088514595,
              29.37240811534116
            ]
          ],
          [
            [
              -98.75738670188004,
              29.371913167642127
            ],
            [
              -98.75740240108226,
              29.371913196168233
            ],
            [
              -98.75741347977996,
              29.371922940503456
            ],
            [
              -98.75741346641863,
              29.371928582629998
            ],
            [
              -98.75741346623485,
              29.37192866022841
            ],
            [
              -98.75741344721528,
              29.37193669166426
            ],
            [
              -98.75740232245974,
              29.37194639475475
            ],
            [
              -98.75738662325242,
              29.371946366228627
            ],
            [
              -98.75737554558486,
              29.371936621893106
            ],
            [
              -98.75737557815462,
              29.371922870732355
            ],
            [
              -98.75738670188004,
              29.371913167642127
            ]
          ]
        ]
      },
      "properties": {
        "candidate_id": "Bexar:348240",
        "county": "Bexar",
        "prop_id": "348240",
        "owner": "SCHRAEDER FAMILY LVNG REV TR",
        "situs": "13388 W US HIGHWAY 90",
        "acres": 19.09,
        "reported_acres": 19.09,
        "geometry_acres": 18.76,
        "acres_source": "REPORTED",
        "land_value": 1588290.0,
        "assessed_value": 1589550.0,
        "improvement_value": 1260.0,
        "improvement_ratio": 0.001,
        "gba": 0.0,
        "prop_use": "9",
        "legal": "CB 5681  P-5A  REFER TO: 05681-000-0051/05681-000-0059/81900-003-1653",
        "cad_record_url": "",
        "parcel_source": "SARA / Bexar CAD",
        "parcel_snapshot": "2025-12",
        "parcel_freshness": "RECENT",
        "node_id": "INT-004",
        "node_name": "US 90 / SH 211",
        "node_score": 70.8,
        "node_edge_miles": 0.37,
        "dist_score": 90,
        "acre_score": 100,
        "raw_score": 99.9,
        "shape_score": 78.9,
        "compactness": 0.493,
        "aspect_ratio": 1.43,
        "road_score": 84,
        "frontage_roads": [
          "US HWY 90 W ACCESS RD"
        ],
        "frontage_ft_proxy": 0.0,
        "corner_signal": "NO",
        "major_road_signal": true,
        "mtp_row_flag": false,
        "flood_score": 75,
        "flood_pct": 1.1,
        "floodway_pct": 0.0,
        "flood_zones": [
          "AE",
          "X"
        ],
        "flood_confidence": "SCREENED",
        "future_land_use_score": 100,
        "future_land_use": [
          "Mixed Use Center / West",
          "West"
        ],
        "aadt": 11975,
        "aadt_5yr_growth_pct": 1302.2,
        "aadt_station_miles": 0.37,
        "aadt_route": "SH 211",
        "nearest_retail_catalyst": "Culebra / SH 211 H-E-B",
        "retail_catalyst_miles": 10.8,
        "future_residential_lots_nearby": 11075.5,
        "recent_housing_units_180d": 0,
        "utility_confidence": "PROXY",
        "utility_provider": "SAWS",
        "utility_distance_ft": 115.0,
        "utility_snapshot": "2021-07-21",
        "utility_context": "SAWS feature approximately 115 ft from parcel; capacity NOT verified",
        "assessed_value_per_acre": 83266.0,
        "land_value_per_acre": 83200.0,
        "parcel_opportunity_score": 78.2,
        "parcel_execution_score": 89.4,
        "parcel_fit_score": 92.0,
        "acquisition_complexity_score": 94.3,
        "utility_score": 100,
        "confidence_score": 45,
        "node_confidence_score": 100,
        "node_class": "EMERGING NODE",
        "node_evidence_model": "Bexar detailed growth + statewide road/traffic evidence",
        "node_component_scores": {
          "residential_growth": 86.1,
          "intersection_network": 100,
          "retail_catalyst": 28,
          "traffic": 40.2,
          "timing": 68.4
        },
        "parcel_component_scores": {
          "frontage_access": 84,
          "size_shape": 92.0,
          "utilities": 100,
          "flood": 75,
          "acquisition": 94.3
        },
        "acquisition_category": "EARLY SPECULATION",
        "decision_summary": "Interesting node/parcel thesis, but data freshness or execution certainty is not strong enough for active pursuit.",
        "main_risks": [
          "limited frontage proxy",
          "utility capacity is unverified",
          "1.1% mapped SFHA overlap",
          "important diligence data is incomplete"
        ],
        "usable_acres_proxy": 18.88,
        "eligible": true,
        "why_this_tract": "major-road frontage \u00b7 within \u00bd mile of the node \u00b7 11075 weighted future residential lots \u00b7 mapped SAWS feature ~115 ft from parcel \u00b7 mostly raw / low-improvement land",
        "verification_notes": "Frontage is a GIS proximity proxy, not legal access. Sewer distance is a mapped-line proxy, not a capacity commitment. Confirm current title/CAD, survey, curb access, median/turn movements, ROW, flood and provider capacity."
      }
    },
    {
      "type": "Feature",
      "geometry": {
        "type": "Polygon",
        "coordinates": [
          [
            [
              -98.27580244284871,
              29.4680856587447
            ],
            [
              -98.27575826111202,
              29.46815891451452
            ],
            [
              -98.27571908116764,
              29.468234962957162
            ],
            [
              -98.2756850787043,
              29.468313463060067
            ],
            [
              -98.2756564061941,
              29.46839406281707
            ],
            [
              -98.27563319220887,
              29.46847640080684
            ],
            [
              -98.27561554084357,
              29.46856010781355
            ],
            [
              -98.27560381255078,
              29.46864616899691
            ],
            [
              -98.27559820435025,
              29.46873284441568
            ],
            [
              -98.2755987443665,
              29.46881969940123
            ],
            [
              -98.27560542989146,
              29.468906298384418
            ],
            [
              -98.27561822739784,
              29.46899220707992
            ],
            [
              -98.27563707270744,
              29.469076994664146
            ],
            [
              -98.27566187131289,
              29.469160235935764
            ],
            [
              -98.27569249885165,
              29.469241513448043
            ],
            [
              -98.2759508503602,
              29.469865275952685
            ],
            [
              -98.27618218488861,
              29.469958366230667
            ],
            [
              -98.2775377475131,
              29.46952019044222
            ],
            [
              -98.27875897835948,
              29.467628249589936
            ],
            [
              -98.27829278779899,
              29.467391533508533
            ],
            [
              -98.27828810353876,
              29.4673961993277
            ],
            [
              -98.27821880712487,
              29.467460831860144
            ],
            [
              -98.27814578199232,
              29.467521219667237
            ],
            [
              -98.27806928774076,
              29.467577148074206
            ],
            [
              -98.27797352685756,
              29.467636865926274
            ],
            [
              -98.27787430213928,
              29.467690632308752
            ],
            [
              -98.27777198300453,
              29.467738247046682
            ],
            [
              -98.27766695039261,
              29.467779532867986
            ],
            [
              -98.27755959534527,
              29.467814336063466
            ],
            [
              -98.27745031755077,
              29.467842527059066
            ],
            [
              -98.27733952385584,
              29.467864000898288
            ],
            [
              -98.27722762675103,
              29.46787867763294
            ],
            [
              -98.27711504283491,
              29.467886502620797
            ],
            [
              -98.27700219126308,
              29.467887446729037
            ],
            [
              -98.27688949218765,
              29.467881506442694
            ],
            [
              -98.27677736519296,
              29.467868703877755
            ],
            [
              -98.2766662277335,
              29.46784908669882
            ],
            [
              -98.27655649357963,
              29.46782272794163
            ],
            [
              -98.27644857127717,
              29.467789725741177
            ],
            [
              -98.27634286262628,
              29.467750202966318
            ],
            [
              -98.27623976118562,
              29.46770430676234
            ],
            [
              -98.27613965080707,
              29.467652208003127
            ],
            [
              -98.27613169619679,
              29.467648505827604
            ],
            [
              -98.27612322832066,
              29.467646208654937
            ],
            [
              -98.27611449329697,
              29.467645383252304
            ],
            [
              -98.27610574500862,
              29.467646053609975
            ],
            [
              -98.27609723772407,
              29.467648200244053
            ],
            [
              -98.27608921870699,
              29.46765176076275
            ],
            [
              -98.2760819210296,
              29.46765663167982
            ],
            [
              -98.27607555679843,
              29.467662671422367
            ],
            [
              -98.27607280595515,
              29.467666436303002
            ],
            [
              -98.27580244284871,
              29.4680856587447
            ]
          ]
        ]
      },
      "properties": {
        "candidate_id": "Bexar:1245396",
        "county": "Bexar",
        "prop_id": "1245396",
        "owner": "I-10 INVESTMENTS LTD",
        "situs": "E IH 10",
        "acres": 12.33,
        "reported_acres": 12.33,
        "geometry_acres": 12.56,
        "acres_source": "REPORTED",
        "land_value": 1229850.0,
        "assessed_value": 1229850.0,
        "improvement_value": 0.0,
        "improvement_ratio": 0.0,
        "gba": 0.0,
        "prop_use": "99",
        "legal": "NCB 18225  P-15B(10.223) & CB 5083  P-15D(2.106) ABS 828  NON ADJ REMAINS (IH 10/FM 1518 ANNEXATION) 2020-SPLIT PER DEED 20190175064||||2019-SPLIT PER PLAT 9728/20-26 FILED 03-09-2018||||2016- NEW ACCT PER DEED 17628/1804 EXE 12-29-15 FILED 12-30-15",
        "cad_record_url": "",
        "parcel_source": "SARA / Bexar CAD",
        "parcel_snapshot": "2025-12",
        "parcel_freshness": "RECENT",
        "node_id": "INT-009",
        "node_name": "Schuwirth Rd / Loop 1604 East",
        "node_score": 74.8,
        "node_edge_miles": 0.972,
        "dist_score": 66,
        "acre_score": 100,
        "raw_score": 100,
        "shape_score": 100,
        "compactness": 0.701,
        "aspect_ratio": 1.56,
        "road_score": 100,
        "frontage_roads": [
          "IH 10",
          "IH 10 E ACCESS RD",
          "NIETO DR",
          "W VASQUEZ CIR"
        ],
        "frontage_ft_proxy": 4744.0,
        "corner_signal": "STRONG",
        "major_road_signal": true,
        "mtp_row_flag": false,
        "flood_score": 100,
        "flood_pct": 0.0,
        "floodway_pct": 0.0,
        "flood_zones": [
          "X"
        ],
        "flood_confidence": "SCREENED",
        "future_land_use_score": 55,
        "future_land_use": [
          "Urban Living / I-10 East Corridor"
        ],
        "aadt": 64268,
        "aadt_5yr_growth_pct": 0,
        "aadt_station_miles": 0.1,
        "aadt_route": "IH 10",
        "nearest_retail_catalyst": "I-10 / Loop 1604 East H-E-B",
        "retail_catalyst_miles": 3.78,
        "future_residential_lots_nearby": 5845.3,
        "recent_housing_units_180d": 0,
        "utility_confidence": "UNKNOWN",
        "utility_provider": "SAWS",
        "utility_distance_ft": null,
        "utility_snapshot": "2021-07-21",
        "utility_context": "No mapped sewer feature returned near parcel",
        "assessed_value_per_acre": 99745.0,
        "land_value_per_acre": 99745.0,
        "parcel_opportunity_score": 78.2,
        "parcel_execution_score": 83.3,
        "parcel_fit_score": 100.0,
        "acquisition_complexity_score": 94.4,
        "utility_score": 20,
        "confidence_score": 45,
        "node_confidence_score": 94,
        "node_class": "EMERGING NODE",
        "node_evidence_model": "Bexar detailed growth + statewide road/traffic evidence",
        "node_component_scores": {
          "residential_growth": 72.6,
          "intersection_network": 88,
          "retail_catalyst": 50,
          "traffic": 89.1,
          "timing": 65.3
        },
        "parcel_component_scores": {
          "frontage_access": 100,
          "size_shape": 100.0,
          "utilities": 20,
          "flood": 100,
          "acquisition": 94.4
        },
        "acquisition_category": "EARLY SPECULATION",
        "decision_summary": "Interesting node/parcel thesis, but data freshness or execution certainty is not strong enough for active pursuit.",
        "main_risks": [
          "not on the immediate intersection",
          "mapped sewer path is unverified",
          "important diligence data is incomplete"
        ],
        "usable_acres_proxy": 12.33,
        "eligible": true,
        "why_this_tract": "corner exposure on a major road \u00b7 within 1 mile of the node \u00b7 5845 weighted future residential lots \u00b7 mostly raw / low-improvement land \u00b7 no mapped FEMA SFHA overlap returned",
        "verification_notes": "Frontage is a GIS proximity proxy, not legal access. Sewer distance is a mapped-line proxy, not a capacity commitment. Confirm current title/CAD, survey, curb access, median/turn movements, ROW, flood and provider capacity."
      }
    },
    {
      "type": "Feature",
      "geometry": {
        "type": "Polygon",
        "coordinates": [
          [
            [
              -98.32486456739409,
              29.456979769240004
            ],
            [
              -98.32487715371133,
              29.457523114998025
            ],
            [
              -98.3249050277969,
              29.458726449029296
            ],
            [
              -98.32490575812614,
              29.458757968617764
            ],
            [
              -98.3249479045709,
              29.460577350034175
            ],
            [
              -98.32581132441419,
              29.460317904001403
            ],
            [
              -98.3260017525583,
              29.460257921654748
            ],
            [
              -98.32600334970232,
              29.458152735993362
            ],
            [
              -98.32600341256912,
              29.458070229941153
            ],
            [
              -98.3259998579437,
              29.456615540208784
            ],
            [
              -98.32486456739409,
              29.456979769240004
            ]
          ]
        ]
      },
      "properties": {
        "candidate_id": "Bexar:685406",
        "county": "Bexar",
        "prop_id": "685406",
        "owner": "MARTINEZ JUAN",
        "situs": "8333  INTERSTATE 10 E",
        "acres": 10.37,
        "reported_acres": 10.37,
        "geometry_acres": 10.58,
        "acres_source": "REPORTED",
        "land_value": 347850.0,
        "assessed_value": 347850.0,
        "improvement_value": 0.0,
        "improvement_ratio": 0.0,
        "gba": 0.0,
        "prop_use": "2",
        "legal": "NCB 17990  LOT P-19    4.970 CB 5090 P-19 ABS 739   5.401 REF: 80200-009-0955",
        "cad_record_url": "",
        "parcel_source": "SARA / Bexar CAD",
        "parcel_snapshot": "2025-12",
        "parcel_freshness": "RECENT",
        "node_id": "INT-010",
        "node_name": "FM 1516 / I-10 East",
        "node_score": 77.6,
        "node_edge_miles": 0.466,
        "dist_score": 90,
        "acre_score": 100,
        "raw_score": 100,
        "shape_score": 81.5,
        "compactness": 0.509,
        "aspect_ratio": 3.98,
        "road_score": 90,
        "frontage_roads": [
          "IH 10",
          "IH 10 E ACCESS RD"
        ],
        "frontage_ft_proxy": 422.0,
        "corner_signal": "NO",
        "major_road_signal": true,
        "mtp_row_flag": false,
        "flood_score": 100,
        "flood_pct": 0.0,
        "floodway_pct": 0.0,
        "flood_zones": [
          "X"
        ],
        "flood_confidence": "SCREENED",
        "future_land_use_score": 100,
        "future_land_use": [
          "Community Commercial / I-10 East Corridor",
          "Low Density Residential / I-10 East Corridor"
        ],
        "aadt": 16373,
        "aadt_5yr_growth_pct": 445.4,
        "aadt_station_miles": 1.13,
        "aadt_route": "IH 10",
        "nearest_retail_catalyst": "H-E-B Foster campus",
        "retail_catalyst_miles": 3.42,
        "future_residential_lots_nearby": 4214.4,
        "recent_housing_units_180d": 0,
        "utility_confidence": "UNKNOWN",
        "utility_provider": "SAWS",
        "utility_distance_ft": null,
        "utility_snapshot": "2021-07-21",
        "utility_context": "No mapped sewer feature returned near parcel",
        "assessed_value_per_acre": 33544.0,
        "land_value_per_acre": 33544.0,
        "parcel_opportunity_score": 78.1,
        "parcel_execution_score": 78.9,
        "parcel_fit_score": 93.0,
        "acquisition_complexity_score": 97.2,
        "utility_score": 20,
        "confidence_score": 45,
        "node_confidence_score": 94,
        "node_class": "PRIORITY NODE",
        "node_evidence_model": "Bexar detailed growth + statewide road/traffic evidence",
        "node_component_scores": {
          "residential_growth": 62.7,
          "intersection_network": 100,
          "retail_catalyst": 72,
          "traffic": 89.1,
          "timing": 57.6
        },
        "parcel_component_scores": {
          "frontage_access": 90,
          "size_shape": 93.0,
          "utilities": 20,
          "flood": 100,
          "acquisition": 97.2
        },
        "acquisition_category": "EARLY SPECULATION",
        "decision_summary": "Interesting node/parcel thesis, but data freshness or execution certainty is not strong enough for active pursuit.",
        "main_risks": [
          "mapped sewer path is unverified",
          "important diligence data is incomplete"
        ],
        "usable_acres_proxy": 10.37,
        "eligible": true,
        "why_this_tract": "major-road frontage \u00b7 within \u00bd mile of the node \u00b7 4214 weighted future residential lots \u00b7 mostly raw / low-improvement land \u00b7 no mapped FEMA SFHA overlap returned",
        "verification_notes": "Frontage is a GIS proximity proxy, not legal access. Sewer distance is a mapped-line proxy, not a capacity commitment. Confirm current title/CAD, survey, curb access, median/turn movements, ROW, flood and provider capacity."
      }
    },
    {
      "type": "Feature",
      "geometry": {
        "type": "Polygon",
        "coordinates": [
          [
            [
              -98.33119960514709,
              29.454968025500563
            ],
            [
              -98.33130355193569,
              29.455462170146628
            ],
            [
              -98.33154459787997,
              29.456608703373615
            ],
            [
              -98.33154641952812,
              29.456617879960774
            ],
            [
              -98.33192034494255,
              29.458396223927473
            ],
            [
              -98.33293783893734,
              29.458078071458402
            ],
            [
              -98.33221047051434,
              29.454640798780247
            ],
            [
              -98.33119960514709,
              29.454968025500563
            ]
          ]
        ]
      },
      "properties": {
        "candidate_id": "Bexar:685398",
        "county": "Bexar",
        "prop_id": "685398",
        "owner": "SAN ANTONIO LD LLC",
        "situs": "8005  INTERSTATE 10 E",
        "acres": 10.06,
        "reported_acres": 10.06,
        "geometry_acres": 9.87,
        "acres_source": "REPORTED",
        "land_value": 701000.0,
        "assessed_value": 701000.0,
        "improvement_value": 0.0,
        "improvement_ratio": 0.0,
        "gba": 0.0,
        "prop_use": "99",
        "legal": "NCB 17990  P-7E (4.82) CB 5090  P-7E   A-739 (5.238",
        "cad_record_url": "",
        "parcel_source": "SARA / Bexar CAD",
        "parcel_snapshot": "2025-12",
        "parcel_freshness": "RECENT",
        "node_id": "INT-010",
        "node_name": "FM 1516 / I-10 East",
        "node_score": 77.6,
        "node_edge_miles": 0.879,
        "dist_score": 66,
        "acre_score": 100,
        "raw_score": 100,
        "shape_score": 83.1,
        "compactness": 0.519,
        "aspect_ratio": 3.91,
        "road_score": 90,
        "frontage_roads": [
          "IH 10",
          "IH 10 E ACCESS RD"
        ],
        "frontage_ft_proxy": 374.0,
        "corner_signal": "NO",
        "major_road_signal": true,
        "mtp_row_flag": false,
        "flood_score": 100,
        "flood_pct": 0.0,
        "floodway_pct": 0.0,
        "flood_zones": [
          "X"
        ],
        "flood_confidence": "SCREENED",
        "future_land_use_score": 55,
        "future_land_use": [
          "Medium Density Residential / I-10 East Corridor",
          "Low Density Residential / I-10 East Corridor"
        ],
        "aadt": 5051,
        "aadt_5yr_growth_pct": 33.5,
        "aadt_station_miles": 0.78,
        "aadt_route": "FM 1516",
        "nearest_retail_catalyst": "H-E-B Foster campus",
        "retail_catalyst_miles": 3.07,
        "future_residential_lots_nearby": 4214.4,
        "recent_housing_units_180d": 0,
        "utility_confidence": "UNKNOWN",
        "utility_provider": "SAWS",
        "utility_distance_ft": null,
        "utility_snapshot": "2021-07-21",
        "utility_context": "No mapped sewer feature returned near parcel",
        "assessed_value_per_acre": 69682.0,
        "land_value_per_acre": 69682.0,
        "parcel_opportunity_score": 78.0,
        "parcel_execution_score": 78.7,
        "parcel_fit_score": 93.6,
        "acquisition_complexity_score": 94.4,
        "utility_score": 20,
        "confidence_score": 45,
        "node_confidence_score": 94,
        "node_class": "PRIORITY NODE",
        "node_evidence_model": "Bexar detailed growth + statewide road/traffic evidence",
        "node_component_scores": {
          "residential_growth": 62.7,
          "intersection_network": 100,
          "retail_catalyst": 72,
          "traffic": 89.1,
          "timing": 57.6
        },
        "parcel_component_scores": {
          "frontage_access": 90,
          "size_shape": 93.6,
          "utilities": 20,
          "flood": 100,
          "acquisition": 94.4
        },
        "acquisition_category": "EARLY SPECULATION",
        "decision_summary": "Interesting node/parcel thesis, but data freshness or execution certainty is not strong enough for active pursuit.",
        "main_risks": [
          "not on the immediate intersection",
          "mapped sewer path is unverified",
          "important diligence data is incomplete"
        ],
        "usable_acres_proxy": 10.06,
        "eligible": true,
        "why_this_tract": "major-road frontage \u00b7 within 1 mile of the node \u00b7 4214 weighted future residential lots \u00b7 mostly raw / low-improvement land \u00b7 no mapped FEMA SFHA overlap returned",
        "verification_notes": "Frontage is a GIS proximity proxy, not legal access. Sewer distance is a mapped-line proxy, not a capacity commitment. Confirm current title/CAD, survey, curb access, median/turn movements, ROW, flood and provider capacity."
      }
    },
    {
      "type": "Feature",
      "geometry": {
        "type": "Polygon",
        "coordinates": [
          [
            [
              -98.32389039670258,
              29.45727288886821
            ],
            [
              -98.32390330428856,
              29.457836121461355
            ],
            [
              -98.3239088773378,
              29.459042715692238
            ],
            [
              -98.32390905555155,
              29.45907785707346
            ],
            [
              -98.32392430562871,
              29.460907761703403
            ],
            [
              -98.3249479045709,
              29.460577350034175
            ],
            [
              -98.32490575812614,
              29.458757968617764
            ],
            [
              -98.3249050277969,
              29.458726449029296
            ],
            [
              -98.32487715371133,
              29.457523114998025
            ],
            [
              -98.32486456739409,
              29.456979769240004
            ],
            [
              -98.32389039670258,
              29.45727288886821
            ]
          ]
        ]
      },
      "properties": {
        "candidate_id": "Bexar:685407",
        "county": "Bexar",
        "prop_id": "685407",
        "owner": "LE VE THI",
        "situs": "8391  INTERSTATE 10 E",
        "acres": 10.37,
        "reported_acres": 10.37,
        "geometry_acres": 9.62,
        "acres_source": "REPORTED",
        "land_value": 350000.0,
        "assessed_value": 350000.0,
        "improvement_value": 0.0,
        "improvement_ratio": 0.0,
        "gba": 0.0,
        "prop_use": "2",
        "legal": "NCB  17990  P-20 OR TR-9 (4.97) CB 5090  P-20 OR TR-9 (5.401) 2017-PERMANENT EASEMENT PER DEED 18235/2390 EXE 12-02-2016||||",
        "cad_record_url": "",
        "parcel_source": "SARA / Bexar CAD",
        "parcel_snapshot": "2025-12",
        "parcel_freshness": "RECENT",
        "node_id": "INT-010",
        "node_name": "FM 1516 / I-10 East",
        "node_score": 77.6,
        "node_edge_miles": 0.406,
        "dist_score": 90,
        "acre_score": 100,
        "raw_score": 100,
        "shape_score": 77.1,
        "compactness": 0.482,
        "aspect_ratio": 4.36,
        "road_score": 90,
        "frontage_roads": [
          "IH 10",
          "IH 10 E ACCESS RD"
        ],
        "frontage_ft_proxy": 370.0,
        "corner_signal": "NO",
        "major_road_signal": true,
        "mtp_row_flag": false,
        "flood_score": 100,
        "flood_pct": 0.0,
        "floodway_pct": 0.0,
        "flood_zones": [
          "X"
        ],
        "flood_confidence": "SCREENED",
        "future_land_use_score": 100,
        "future_land_use": [
          "Community Commercial / I-10 East Corridor",
          "Low Density Residential / I-10 East Corridor"
        ],
        "aadt": 16373,
        "aadt_5yr_growth_pct": 445.4,
        "aadt_station_miles": 1.07,
        "aadt_route": "IH 10",
        "nearest_retail_catalyst": "H-E-B Foster campus",
        "retail_catalyst_miles": 3.48,
        "future_residential_lots_nearby": 4214.4,
        "recent_housing_units_180d": 0,
        "utility_confidence": "UNKNOWN",
        "utility_provider": "SAWS",
        "utility_distance_ft": null,
        "utility_snapshot": "2021-07-21",
        "utility_context": "No mapped sewer feature returned near parcel",
        "assessed_value_per_acre": 33751.0,
        "land_value_per_acre": 33751.0,
        "parcel_opportunity_score": 77.9,
        "parcel_execution_score": 78.4,
        "parcel_fit_score": 91.3,
        "acquisition_complexity_score": 97.2,
        "utility_score": 20,
        "confidence_score": 45,
        "node_confidence_score": 94,
        "node_class": "PRIORITY NODE",
        "node_evidence_model": "Bexar detailed growth + statewide road/traffic evidence",
        "node_component_scores": {
          "residential_growth": 62.7,
          "intersection_network": 100,
          "retail_catalyst": 72,
          "traffic": 89.1,
          "timing": 57.6
        },
        "parcel_component_scores": {
          "frontage_access": 90,
          "size_shape": 91.3,
          "utilities": 20,
          "flood": 100,
          "acquisition": 97.2
        },
        "acquisition_category": "EARLY SPECULATION",
        "decision_summary": "Interesting node/parcel thesis, but data freshness or execution certainty is not strong enough for active pursuit.",
        "main_risks": [
          "mapped sewer path is unverified",
          "important diligence data is incomplete"
        ],
        "usable_acres_proxy": 10.37,
        "eligible": true,
        "why_this_tract": "major-road frontage \u00b7 within \u00bd mile of the node \u00b7 4214 weighted future residential lots \u00b7 mostly raw / low-improvement land \u00b7 no mapped FEMA SFHA overlap returned",
        "verification_notes": "Frontage is a GIS proximity proxy, not legal access. Sewer distance is a mapped-line proxy, not a capacity commitment. Confirm current title/CAD, survey, curb access, median/turn movements, ROW, flood and provider capacity."
      }
    },
    {
      "type": "Feature",
      "geometry": {
        "type": "Polygon",
        "coordinates": [
          [
            [
              -98.29316166614304,
              29.46368989510583
            ],
            [
              -98.29430930821114,
              29.464133459268833
            ],
            [
              -98.29445409952028,
              29.46413095199242
            ],
            [
              -98.29479352223998,
              29.464125074800528
            ],
            [
              -98.29527484717629,
              29.463997036845754
            ],
            [
              -98.29527049466638,
              29.463984506059763
            ],
            [
              -98.29498953265926,
              29.463175674178636
            ],
            [
              -98.2936771774176,
              29.462668448918382
            ],
            [
              -98.29316166614304,
              29.46368989510583
            ]
          ]
        ]
      },
      "properties": {
        "candidate_id": "Bexar:1227561",
        "county": "Bexar",
        "prop_id": "1227561",
        "owner": "JUNIPER VENTURES OF TEXAS LLC",
        "situs": "E INTERSTATE 10",
        "acres": 5.17,
        "reported_acres": 5.17,
        "geometry_acres": 5.17,
        "acres_source": "REPORTED",
        "land_value": 1601100.0,
        "assessed_value": 1601100.0,
        "improvement_value": 0.0,
        "improvement_ratio": 0.0,
        "gba": 0.0,
        "prop_use": "99",
        "legal": "NCB 16567  P-14A(5.17AC)",
        "cad_record_url": "",
        "parcel_source": "SARA / Bexar CAD",
        "parcel_snapshot": "2025-12",
        "parcel_freshness": "RECENT",
        "node_id": "INT-009",
        "node_name": "Schuwirth Rd / Loop 1604 East",
        "node_score": 74.8,
        "node_edge_miles": 0.576,
        "dist_score": 78,
        "acre_score": 100,
        "raw_score": 100,
        "shape_score": 100,
        "compactness": 0.794,
        "aspect_ratio": 1.63,
        "road_score": 100,
        "frontage_roads": [
          "IH 10 E ACCESS RD",
          "IH 10",
          "SPEEDWAY LOOP"
        ],
        "frontage_ft_proxy": 715.0,
        "corner_signal": "STRONG",
        "major_road_signal": true,
        "mtp_row_flag": false,
        "flood_score": 100,
        "flood_pct": 0.0,
        "floodway_pct": 0.0,
        "flood_zones": [
          "X"
        ],
        "flood_confidence": "SCREENED",
        "future_land_use_score": 100,
        "future_land_use": [
          "Regional Commercial / I-10 East Corridor"
        ],
        "aadt": 10498,
        "aadt_5yr_growth_pct": 897.9,
        "aadt_station_miles": 0.37,
        "aadt_route": "IH 10",
        "nearest_retail_catalyst": "I-10 / Loop 1604 East H-E-B",
        "retail_catalyst_miles": 3.65,
        "future_residential_lots_nearby": 5845.3,
        "recent_housing_units_180d": 0,
        "utility_confidence": "UNKNOWN",
        "utility_provider": "SAWS",
        "utility_distance_ft": null,
        "utility_snapshot": "2021-07-21",
        "utility_context": "No mapped sewer feature returned near parcel",
        "assessed_value_per_acre": 309691.0,
        "land_value_per_acre": 309691.0,
        "parcel_opportunity_score": 77.8,
        "parcel_execution_score": 82.2,
        "parcel_fit_score": 100.0,
        "acquisition_complexity_score": 86.0,
        "utility_score": 20,
        "confidence_score": 45,
        "node_confidence_score": 94,
        "node_class": "EMERGING NODE",
        "node_evidence_model": "Bexar detailed growth + statewide road/traffic evidence",
        "node_component_scores": {
          "residential_growth": 72.6,
          "intersection_network": 88,
          "retail_catalyst": 50,
          "traffic": 89.1,
          "timing": 65.3
        },
        "parcel_component_scores": {
          "frontage_access": 100,
          "size_shape": 100.0,
          "utilities": 20,
          "flood": 100,
          "acquisition": 86.0
        },
        "acquisition_category": "EARLY SPECULATION",
        "decision_summary": "Interesting node/parcel thesis, but data freshness or execution certainty is not strong enough for active pursuit.",
        "main_risks": [
          "not on the immediate intersection",
          "mapped sewer path is unverified",
          "important diligence data is incomplete"
        ],
        "usable_acres_proxy": 5.17,
        "eligible": true,
        "why_this_tract": "corner exposure on a major road \u00b7 within 1 mile of the node \u00b7 5845 weighted future residential lots \u00b7 mostly raw / low-improvement land \u00b7 no mapped FEMA SFHA overlap returned",
        "verification_notes": "Frontage is a GIS proximity proxy, not legal access. Sewer distance is a mapped-line proxy, not a capacity commitment. Confirm current title/CAD, survey, curb access, median/turn movements, ROW, flood and provider capacity."
      }
    },
    {
      "type": "Feature",
      "geometry": {
        "type": "Polygon",
        "coordinates": [
          [
            [
              -98.31410042454205,
              29.46910204863613
            ],
            [
              -98.31408506622428,
              29.469149225547564
            ],
            [
              -98.31387986057348,
              29.46977955938739
            ],
            [
              -98.31386436939923,
              29.469827143430035
            ],
            [
              -98.31387560352807,
              29.469829927882945
            ],
            [
              -98.31635163817705,
              29.470443690539106
            ],
            [
              -98.31641244196805,
              29.470458761523147
            ],
            [
              -98.31662447764526,
              29.469782162305652
            ],
            [
              -98.3167196420712,
              29.469464201492997
            ],
            [
              -98.31671601392333,
              29.469462595782193
            ],
            [
              -98.31659270374895,
              29.469432494971887
            ],
            [
              -98.31625118919757,
              29.469347189855487
            ],
            [
              -98.31609561289085,
              29.469308329009774
            ],
            [
              -98.31594459390949,
              29.46927060656231
            ],
            [
              -98.31579357400844,
              29.469232883938723
            ],
            [
              -98.31564255524975,
              29.469195161149464
            ],
            [
              -98.3154915376275,
              29.469157439096826
            ],
            [
              -98.31532239840672,
              29.46911518828408
            ],
            [
              -98.31517137792717,
              29.46907746585329
            ],
            [
              -98.31502036065831,
              29.469039742365123
            ],
            [
              -98.31486934246965,
              29.469002018700728
            ],
            [
              -98.31471832439236,
              29.468964294865515
            ],
            [
              -98.31456730540133,
              29.468926569951748
            ],
            [
              -98.31428318416,
              29.46885657396288
            ],
            [
              -98.31427641516213,
              29.46885390539137
            ],
            [
              -98.31418836716132,
              29.468831910963182
            ],
            [
              -98.31410042454205,
              29.46910204863613
            ]
          ]
        ]
      },
      "properties": {
        "candidate_id": "Bexar:1286015",
        "county": "Bexar",
        "prop_id": "1286015",
        "owner": "UTILITY TRAILER SALES SOUTHEAST TEXAS INC",
        "situs": "N FM 1516",
        "acres": 7.25,
        "reported_acres": 7.25,
        "geometry_acres": 7.24,
        "acres_source": "REPORTED",
        "land_value": 999000.0,
        "assessed_value": 1000000.0,
        "improvement_value": 1000.0,
        "improvement_ratio": 0.001,
        "gba": 0.0,
        "prop_use": "393",
        "legal": "CB 5065D (FM 1516 UTILITY TRAILERS), BLOCK 2 LOT 6 2019-CREATED PER PLAT 20001/100 FILED 05-18-2018||||",
        "cad_record_url": "",
        "parcel_source": "SARA / Bexar CAD",
        "parcel_snapshot": "2025-12",
        "parcel_freshness": "RECENT",
        "node_id": "INT-010",
        "node_name": "FM 1516 / I-10 East",
        "node_score": 77.6,
        "node_edge_miles": 0.714,
        "dist_score": 78,
        "acre_score": 100,
        "raw_score": 99.9,
        "shape_score": 100,
        "compactness": 0.671,
        "aspect_ratio": 2.24,
        "road_score": 84,
        "frontage_roads": [
          "FM 1516",
          "FM 1516 N"
        ],
        "frontage_ft_proxy": 0.0,
        "corner_signal": "NO",
        "major_road_signal": true,
        "mtp_row_flag": false,
        "flood_score": 100,
        "flood_pct": 0.0,
        "floodway_pct": 0.0,
        "flood_zones": [
          "X"
        ],
        "flood_confidence": "SCREENED",
        "future_land_use_score": 55,
        "future_land_use": [
          "Parks Open Space / I-10 East Corridor",
          "Low Density Residential / I-10 East Corridor"
        ],
        "aadt": 15252,
        "aadt_5yr_growth_pct": 90.7,
        "aadt_station_miles": 0.51,
        "aadt_route": "FM 1516",
        "nearest_retail_catalyst": "I-10 / Loop 1604 East H-E-B",
        "retail_catalyst_miles": 3.07,
        "future_residential_lots_nearby": 4214.4,
        "recent_housing_units_180d": 0,
        "utility_confidence": "UNKNOWN",
        "utility_provider": "SAWS",
        "utility_distance_ft": null,
        "utility_snapshot": "2021-07-21",
        "utility_context": "No mapped sewer feature returned near parcel",
        "assessed_value_per_acre": 137931.0,
        "land_value_per_acre": 137793.0,
        "parcel_opportunity_score": 77.7,
        "parcel_execution_score": 77.9,
        "parcel_fit_score": 100.0,
        "acquisition_complexity_score": 90.1,
        "utility_score": 20,
        "confidence_score": 45,
        "node_confidence_score": 94,
        "node_class": "PRIORITY NODE",
        "node_evidence_model": "Bexar detailed growth + statewide road/traffic evidence",
        "node_component_scores": {
          "residential_growth": 62.7,
          "intersection_network": 100,
          "retail_catalyst": 72,
          "traffic": 89.1,
          "timing": 57.6
        },
        "parcel_component_scores": {
          "frontage_access": 84,
          "size_shape": 100.0,
          "utilities": 20,
          "flood": 100,
          "acquisition": 90.1
        },
        "acquisition_category": "EARLY SPECULATION",
        "decision_summary": "Interesting node/parcel thesis, but data freshness or execution certainty is not strong enough for active pursuit.",
        "main_risks": [
          "not on the immediate intersection",
          "limited frontage proxy",
          "mapped sewer path is unverified",
          "important diligence data is incomplete"
        ],
        "usable_acres_proxy": 7.25,
        "eligible": true,
        "why_this_tract": "major-road frontage \u00b7 within 1 mile of the node \u00b7 4214 weighted future residential lots \u00b7 mostly raw / low-improvement land \u00b7 no mapped FEMA SFHA overlap returned",
        "verification_notes": "Frontage is a GIS proximity proxy, not legal access. Sewer distance is a mapped-line proxy, not a capacity commitment. Confirm current title/CAD, survey, curb access, median/turn movements, ROW, flood and provider capacity."
      }
    },
    {
      "type": "Feature",
      "geometry": {
        "type": "Polygon",
        "coordinates": [
          [
            [
              -98.28424096511579,
              29.465932907804103
            ],
            [
              -98.28449356302127,
              29.466605981351314
            ],
            [
              -98.28471646270499,
              29.467188520819427
            ],
            [
              -98.28574910548156,
              29.466868552252514
            ],
            [
              -98.28588176785533,
              29.46681876247018
            ],
            [
              -98.28500738098359,
              29.464770383446528
            ],
            [
              -98.28476449614182,
              29.46514097132491
            ],
            [
              -98.28424096511579,
              29.465932907804103
            ]
          ]
        ]
      },
      "properties": {
        "candidate_id": "Bexar:619314",
        "county": "Bexar",
        "prop_id": "619314",
        "owner": "MARSHALL FREDERICK S",
        "situs": "10192  INTERSTATE 10 E",
        "acres": 5.3,
        "reported_acres": 5.3,
        "geometry_acres": 5.62,
        "acres_source": "REPORTED",
        "land_value": 1199900.0,
        "assessed_value": 1200000.0,
        "improvement_value": 100.0,
        "improvement_ratio": 0.0,
        "gba": 9444.0,
        "prop_use": "98",
        "legal": "NCB: 16568  BLK:  LOT:  2  (GIRDLEY SUBD)",
        "cad_record_url": "",
        "parcel_source": "SARA / Bexar CAD",
        "parcel_snapshot": "2025-12",
        "parcel_freshness": "RECENT",
        "node_id": "INT-009",
        "node_name": "Schuwirth Rd / Loop 1604 East",
        "node_score": 74.8,
        "node_edge_miles": 0.629,
        "dist_score": 78,
        "acre_score": 100,
        "raw_score": 97.0,
        "shape_score": 100,
        "compactness": 0.661,
        "aspect_ratio": 2.02,
        "road_score": 100,
        "frontage_roads": [
          "IH 10",
          "IH 10 E ACCESS RD",
          "WEICHOLD RD",
          "ROSALINA LOOP"
        ],
        "frontage_ft_proxy": 2365.0,
        "corner_signal": "STRONG",
        "major_road_signal": true,
        "mtp_row_flag": false,
        "flood_score": 100,
        "flood_pct": 0.0,
        "floodway_pct": 0.0,
        "flood_zones": [
          "X"
        ],
        "flood_confidence": "SCREENED",
        "future_land_use_score": 55,
        "future_land_use": [
          "Urban Living / I-10 East Corridor"
        ],
        "aadt": 5827,
        "aadt_5yr_growth_pct": 1139.8,
        "aadt_station_miles": 0.1,
        "aadt_route": "IH 10",
        "nearest_retail_catalyst": "I-10 / Loop 1604 East H-E-B",
        "retail_catalyst_miles": 3.68,
        "future_residential_lots_nearby": 5845.3,
        "recent_housing_units_180d": 0,
        "utility_confidence": "UNKNOWN",
        "utility_provider": "SAWS",
        "utility_distance_ft": null,
        "utility_snapshot": "2021-07-21",
        "utility_context": "No mapped sewer feature returned near parcel",
        "assessed_value_per_acre": 226415.0,
        "land_value_per_acre": 226396.0,
        "parcel_opportunity_score": 77.7,
        "parcel_execution_score": 82.0,
        "parcel_fit_score": 100.0,
        "acquisition_complexity_score": 83.8,
        "utility_score": 20,
        "confidence_score": 45,
        "node_confidence_score": 94,
        "node_class": "EMERGING NODE",
        "node_evidence_model": "Bexar detailed growth + statewide road/traffic evidence",
        "node_component_scores": {
          "residential_growth": 72.6,
          "intersection_network": 88,
          "retail_catalyst": 50,
          "traffic": 89.1,
          "timing": 65.3
        },
        "parcel_component_scores": {
          "frontage_access": 100,
          "size_shape": 100.0,
          "utilities": 20,
          "flood": 100,
          "acquisition": 83.8
        },
        "acquisition_category": "EARLY SPECULATION",
        "decision_summary": "Interesting node/parcel thesis, but data freshness or execution certainty is not strong enough for active pursuit.",
        "main_risks": [
          "not on the immediate intersection",
          "mapped sewer path is unverified",
          "important diligence data is incomplete"
        ],
        "usable_acres_proxy": 5.3,
        "eligible": true,
        "why_this_tract": "corner exposure on a major road \u00b7 within 1 mile of the node \u00b7 5845 weighted future residential lots \u00b7 mostly raw / low-improvement land \u00b7 no mapped FEMA SFHA overlap returned",
        "verification_notes": "Frontage is a GIS proximity proxy, not legal access. Sewer distance is a mapped-line proxy, not a capacity commitment. Confirm current title/CAD, survey, curb access, median/turn movements, ROW, flood and provider capacity."
      }
    },
    {
      "type": "Feature",
      "geometry": {
        "type": "Polygon",
        "coordinates": [
          [
            [
              -98.31456631398609,
              29.455662229079344
            ],
            [
              -98.31616446692328,
              29.456053620622498
            ],
            [
              -98.31779947854461,
              29.456472758472426
            ],
            [
              -98.31808298586753,
              29.455560637994658
            ],
            [
              -98.3148518090044,
              29.45476933829852
            ],
            [
              -98.31484776901331,
              29.454768348501467
            ],
            [
              -98.31456631398609,
              29.455662229079344
            ]
          ]
        ]
      },
      "properties": {
        "candidate_id": "Bexar:1168231",
        "county": "Bexar",
        "prop_id": "1168231",
        "owner": "SEG PROPERTIES LLC",
        "situs": "2918  FM 1516 N",
        "acres": 8.54,
        "reported_acres": 8.54,
        "geometry_acres": 8.32,
        "acres_source": "REPORTED",
        "land_value": 764490.0,
        "assessed_value": 764490.0,
        "improvement_value": 0.0,
        "improvement_ratio": 0.0,
        "gba": 0.0,
        "prop_use": "99",
        "legal": "CB 5101  BLK 1 LOT 4 (FREIGHTLINER SUBD) 2012-NEW ACCT PER SPLIT PER PLAT 9635/159-167 FILED 12/2/11",
        "cad_record_url": "",
        "parcel_source": "SARA / Bexar CAD",
        "parcel_snapshot": "2025-12",
        "parcel_freshness": "RECENT",
        "node_id": "INT-010",
        "node_name": "FM 1516 / I-10 East",
        "node_score": 77.6,
        "node_edge_miles": 0.164,
        "dist_score": 97,
        "acre_score": 100,
        "raw_score": 100,
        "shape_score": 91.6,
        "compactness": 0.573,
        "aspect_ratio": 3.12,
        "road_score": 84,
        "frontage_roads": [
          "FM 1516 N",
          "FM 1516"
        ],
        "frontage_ft_proxy": 0.0,
        "corner_signal": "NO",
        "major_road_signal": true,
        "mtp_row_flag": true,
        "flood_score": 100,
        "flood_pct": 0.0,
        "floodway_pct": 0.0,
        "flood_zones": [
          "X"
        ],
        "flood_confidence": "SCREENED",
        "future_land_use_score": 100,
        "future_land_use": [
          "Community Commercial / I-10 East Corridor",
          "Urban Living / I-10 East Corridor"
        ],
        "aadt": 5051,
        "aadt_5yr_growth_pct": 33.5,
        "aadt_station_miles": 0.01,
        "aadt_route": "FM 1516",
        "nearest_retail_catalyst": "H-E-B Foster campus",
        "retail_catalyst_miles": 3.64,
        "future_residential_lots_nearby": 4214.4,
        "recent_housing_units_180d": 0,
        "utility_confidence": "UNKNOWN",
        "utility_provider": "SAWS",
        "utility_distance_ft": null,
        "utility_snapshot": "2021-07-21",
        "utility_context": "No mapped sewer feature returned near parcel",
        "assessed_value_per_acre": 89519.0,
        "land_value_per_acre": 89519.0,
        "parcel_opportunity_score": 77.6,
        "parcel_execution_score": 77.7,
        "parcel_fit_score": 96.8,
        "acquisition_complexity_score": 94.4,
        "utility_score": 20,
        "confidence_score": 45,
        "node_confidence_score": 94,
        "node_class": "PRIORITY NODE",
        "node_evidence_model": "Bexar detailed growth + statewide road/traffic evidence",
        "node_component_scores": {
          "residential_growth": 62.7,
          "intersection_network": 100,
          "retail_catalyst": 72,
          "traffic": 89.1,
          "timing": 57.6
        },
        "parcel_component_scores": {
          "frontage_access": 84,
          "size_shape": 96.8,
          "utilities": 20,
          "flood": 100,
          "acquisition": 94.4
        },
        "acquisition_category": "EARLY SPECULATION",
        "decision_summary": "Interesting node/parcel thesis, but data freshness or execution certainty is not strong enough for active pursuit.",
        "main_risks": [
          "limited frontage proxy",
          "mapped sewer path is unverified",
          "important diligence data is incomplete"
        ],
        "usable_acres_proxy": 8.54,
        "eligible": true,
        "why_this_tract": "major-road frontage \u00b7 within \u00bc mile of the node \u00b7 4214 weighted future residential lots \u00b7 mostly raw / low-improvement land \u00b7 no mapped FEMA SFHA overlap returned",
        "verification_notes": "Frontage is a GIS proximity proxy, not legal access. Sewer distance is a mapped-line proxy, not a capacity commitment. Confirm current title/CAD, survey, curb access, median/turn movements, ROW, flood and provider capacity."
      }
    },
    {
      "type": "Feature",
      "geometry": {
        "type": "Polygon",
        "coordinates": [
          [
            [
              -98.2260546115045,
              29.487811890316284
            ],
            [
              -98.22543426390665,
              29.488016598991646
            ],
            [
              -98.22475762353614,
              29.48825403265442
            ],
            [
              -98.22430899378664,
              29.488406967522035
            ],
            [
              -98.2242274541413,
              29.488610825149586
            ],
            [
              -98.22486449283437,
              29.48957250682026
            ],
            [
              -98.22497800064691,
              29.48980417795051
            ],
            [
              -98.2258534743688,
              29.49112576408687
            ],
            [
              -98.2297370840832,
              29.48915033837688
            ],
            [
              -98.22870472507167,
              29.48677738386236
            ],
            [
              -98.22869032961546,
              29.486750347889995
            ],
            [
              -98.22759570041585,
              29.487124082826384
            ],
            [
              -98.22735887930955,
              29.48720493806888
            ],
            [
              -98.22660801920024,
              29.48757082359559
            ],
            [
              -98.2262499908872,
              29.487745284089886
            ],
            [
              -98.2260546115045,
              29.487811890316284
            ]
          ]
        ]
      },
      "properties": {
        "candidate_id": "Bexar:339373",
        "county": "Bexar",
        "prop_id": "339373",
        "owner": "MILLER BALOUS T & JULIE",
        "situs": "13085 E IH 10",
        "acres": 34.91,
        "reported_acres": 34.91,
        "geometry_acres": 34.95,
        "acres_source": "REPORTED",
        "land_value": 2800000.0,
        "assessed_value": 2800000.0,
        "improvement_value": 0.0,
        "improvement_ratio": 0.0,
        "gba": 0.0,
        "prop_use": "99",
        "legal": "CB 5193  P-23E  ABS 5   2021-SPLIT PER DEED 20200033876 EXE 1-22-2020.  SPLIT OUT 1.242 AC TOTAL FROM PIDS 339310,339311,339312,339313,339314,339373.  UPDATE LEGAL/LAND SIZE ONLY.  NO NEW ACCOUNT CREATED, TXDoT/CoSA ROW DEED.  CR # 50212.   JLF/GIS/4-12-2021.",
        "cad_record_url": "",
        "parcel_source": "SARA / Bexar CAD",
        "parcel_snapshot": "2025-12",
        "parcel_freshness": "RECENT",
        "node_id": "INT-006",
        "node_name": "FM 1518 / I-10",
        "node_score": 73.6,
        "node_edge_miles": 0.05,
        "dist_score": 100,
        "acre_score": 100,
        "raw_score": 100,
        "shape_score": 100,
        "compactness": 0.761,
        "aspect_ratio": 1.42,
        "road_score": 100,
        "frontage_roads": [
          "IH 10 E ACCESS RD",
          "IH 10",
          "E FM 1518 N",
          "FM 1518"
        ],
        "frontage_ft_proxy": 2759.0,
        "corner_signal": "STRONG",
        "major_road_signal": true,
        "mtp_row_flag": false,
        "flood_score": 100,
        "flood_pct": 0.0,
        "floodway_pct": 0.0,
        "flood_zones": [
          "X"
        ],
        "flood_confidence": "SCREENED",
        "future_land_use_score": 55,
        "future_land_use": [],
        "aadt": 10714,
        "aadt_5yr_growth_pct": 33.6,
        "aadt_station_miles": 0.02,
        "aadt_route": "FM 1518",
        "nearest_retail_catalyst": "I-10 / Loop 1604 East H-E-B",
        "retail_catalyst_miles": 5.4,
        "future_residential_lots_nearby": 4498.5,
        "recent_housing_units_180d": 0,
        "utility_confidence": "UNKNOWN",
        "utility_provider": "SAWS",
        "utility_distance_ft": null,
        "utility_snapshot": "2021-07-21",
        "utility_context": "No mapped sewer feature returned near parcel",
        "assessed_value_per_acre": 80206.0,
        "land_value_per_acre": 80206.0,
        "parcel_opportunity_score": 77.5,
        "parcel_execution_score": 83.3,
        "parcel_fit_score": 100.0,
        "acquisition_complexity_score": 94.4,
        "utility_score": 20,
        "confidence_score": 45,
        "node_confidence_score": 94,
        "node_class": "EMERGING NODE",
        "node_evidence_model": "Bexar detailed growth + statewide road/traffic evidence",
        "node_component_scores": {
          "residential_growth": 65.2,
          "intersection_network": 100,
          "retail_catalyst": 50,
          "traffic": 77.0,
          "timing": 68.5
        },
        "parcel_component_scores": {
          "frontage_access": 100,
          "size_shape": 100.0,
          "utilities": 20,
          "flood": 100,
          "acquisition": 94.4
        },
        "acquisition_category": "EARLY SPECULATION",
        "decision_summary": "Interesting node/parcel thesis, but data freshness or execution certainty is not strong enough for active pursuit.",
        "main_risks": [
          "mapped sewer path is unverified",
          "important diligence data is incomplete"
        ],
        "usable_acres_proxy": 34.91,
        "eligible": true,
        "why_this_tract": "corner exposure on a major road \u00b7 within \u00bc mile of the node \u00b7 4498 weighted future residential lots \u00b7 mostly raw / low-improvement land \u00b7 no mapped FEMA SFHA overlap returned",
        "verification_notes": "Frontage is a GIS proximity proxy, not legal access. Sewer distance is a mapped-line proxy, not a capacity commitment. Confirm current title/CAD, survey, curb access, median/turn movements, ROW, flood and provider capacity."
      }
    },
    {
      "type": "Feature",
      "geometry": {
        "type": "Polygon",
        "coordinates": [
          [
            [
              -98.23137383086144,
              29.485851593983124
            ],
            [
              -98.23010224264026,
              29.486175050246658
            ],
            [
              -98.23014262749265,
              29.486268403966612
            ],
            [
              -98.2310837030662,
              29.48842625133511
            ],
            [
              -98.23248285747363,
              29.48774183100052
            ],
            [
              -98.23175724015401,
              29.485830062873934
            ],
            [
              -98.23172157469153,
              29.485736241398588
            ],
            [
              -98.23137383086144,
              29.485851593983124
            ]
          ]
        ]
      },
      "properties": {
        "candidate_id": "Bexar:339370",
        "county": "Bexar",
        "prop_id": "339370",
        "owner": "HIME LIVING TRUST",
        "situs": "12835  INTERSTATE 10 E",
        "acres": 10.02,
        "reported_acres": 10.02,
        "geometry_acres": 9.79,
        "acres_source": "REPORTED",
        "land_value": 754790.0,
        "assessed_value": 754790.0,
        "improvement_value": 0.0,
        "improvement_ratio": 0.0,
        "gba": 0.0,
        "prop_use": "99",
        "legal": "CB  5193  P-23B  ABS 5   2019-RSVY FROM 10.00 AC TO 10.016 AC PER DEED 18931/2401 EFF 02-15-2018",
        "cad_record_url": "",
        "parcel_source": "SARA / Bexar CAD",
        "parcel_snapshot": "2025-12",
        "parcel_freshness": "RECENT",
        "node_id": "INT-006",
        "node_name": "FM 1518 / I-10",
        "node_score": 73.6,
        "node_edge_miles": 0.407,
        "dist_score": 90,
        "acre_score": 100,
        "raw_score": 100,
        "shape_score": 100,
        "compactness": 0.738,
        "aspect_ratio": 1.63,
        "road_score": 100,
        "frontage_roads": [
          "IH 10 E ACCESS RD",
          "IH 10"
        ],
        "frontage_ft_proxy": 735.0,
        "corner_signal": "STRONG",
        "major_road_signal": true,
        "mtp_row_flag": false,
        "flood_score": 100,
        "flood_pct": 0.0,
        "floodway_pct": 0.0,
        "flood_zones": [
          "X"
        ],
        "flood_confidence": "SCREENED",
        "future_land_use_score": 55,
        "future_land_use": [],
        "aadt": 10714,
        "aadt_5yr_growth_pct": 33.6,
        "aadt_station_miles": 0.39,
        "aadt_route": "FM 1518",
        "nearest_retail_catalyst": "I-10 / Loop 1604 East H-E-B",
        "retail_catalyst_miles": 5.2,
        "future_residential_lots_nearby": 4498.5,
        "recent_housing_units_180d": 0,
        "utility_confidence": "UNKNOWN",
        "utility_provider": "SAWS",
        "utility_distance_ft": null,
        "utility_snapshot": "2021-07-21",
        "utility_context": "No mapped sewer feature returned near parcel",
        "assessed_value_per_acre": 75328.0,
        "land_value_per_acre": 75328.0,
        "parcel_opportunity_score": 77.5,
        "parcel_execution_score": 83.3,
        "parcel_fit_score": 100.0,
        "acquisition_complexity_score": 94.4,
        "utility_score": 20,
        "confidence_score": 45,
        "node_confidence_score": 94,
        "node_class": "EMERGING NODE",
        "node_evidence_model": "Bexar detailed growth + statewide road/traffic evidence",
        "node_component_scores": {
          "residential_growth": 65.2,
          "intersection_network": 100,
          "retail_catalyst": 50,
          "traffic": 77.0,
          "timing": 68.5
        },
        "parcel_component_scores": {
          "frontage_access": 100,
          "size_shape": 100.0,
          "utilities": 20,
          "flood": 100,
          "acquisition": 94.4
        },
        "acquisition_category": "EARLY SPECULATION",
        "decision_summary": "Interesting node/parcel thesis, but data freshness or execution certainty is not strong enough for active pursuit.",
        "main_risks": [
          "mapped sewer path is unverified",
          "important diligence data is incomplete"
        ],
        "usable_acres_proxy": 10.02,
        "eligible": true,
        "why_this_tract": "corner exposure on a major road \u00b7 within \u00bd mile of the node \u00b7 4498 weighted future residential lots \u00b7 mostly raw / low-improvement land \u00b7 no mapped FEMA SFHA overlap returned",
        "verification_notes": "Frontage is a GIS proximity proxy, not legal access. Sewer distance is a mapped-line proxy, not a capacity commitment. Confirm current title/CAD, survey, curb access, median/turn movements, ROW, flood and provider capacity."
      }
    },
    {
      "type": "Feature",
      "geometry": {
        "type": "Polygon",
        "coordinates": [
          [
            [
              -98.22839386360162,
              29.495113960315987
            ],
            [
              -98.22857152233094,
              29.495389425006675
            ],
            [
              -98.2287525598711,
              29.495662680983678
            ],
            [
              -98.22893694876609,
              29.495933686805234
            ],
            [
              -98.22899127405144,
              29.495906017746915
            ],
            [
              -98.2290130097484,
              29.49589494726216
            ],
            [
              -98.22910115146007,
              29.495850054120503
            ],
            [
              -98.22916080470806,
              29.49581967089548
            ],
            [
              -98.22987531461335,
              29.495455745510995
            ],
            [
              -98.23027553404711,
              29.495264747185043
            ],
            [
              -98.23066144574886,
              29.4950553340197
            ],
            [
              -98.2305650962025,
              29.494914851271865
            ],
            [
              -98.23024147972055,
              29.49444299817388
            ],
            [
              -98.23010466429201,
              29.494243510170257
            ],
            [
              -98.22847004708106,
              29.49507519922719
            ],
            [
              -98.22839386360162,
              29.495113960315987
            ]
          ]
        ]
      },
      "properties": {
        "candidate_id": "Bexar:340081",
        "county": "Bexar",
        "prop_id": "340081",
        "owner": "NAJDS PROPERTY INVESTMENTS INC",
        "situs": "FM 1518",
        "acres": 5.0,
        "reported_acres": 5.0,
        "geometry_acres": 5.02,
        "acres_source": "REPORTED",
        "land_value": 352500.0,
        "assessed_value": 352500.0,
        "improvement_value": 0.0,
        "improvement_ratio": 0.0,
        "gba": 0.0,
        "prop_use": "2",
        "legal": "CB  5193A BLK    1 LOT    1",
        "cad_record_url": "",
        "parcel_source": "SARA / Bexar CAD",
        "parcel_snapshot": "2025-12",
        "parcel_freshness": "RECENT",
        "node_id": "INT-006",
        "node_name": "FM 1518 / I-10",
        "node_score": 73.6,
        "node_edge_miles": 0.569,
        "dist_score": 78,
        "acre_score": 100,
        "raw_score": 100,
        "shape_score": 100,
        "compactness": 0.72,
        "aspect_ratio": 1.83,
        "road_score": 100,
        "frontage_roads": [
          "FM 1518",
          "E FM 1518 N"
        ],
        "frontage_ft_proxy": 823.0,
        "corner_signal": "STRONG",
        "major_road_signal": true,
        "mtp_row_flag": true,
        "flood_score": 100,
        "flood_pct": 0.0,
        "floodway_pct": 0.0,
        "flood_zones": [
          "X"
        ],
        "flood_confidence": "SCREENED",
        "future_land_use_score": 55,
        "future_land_use": [],
        "aadt": 10714,
        "aadt_5yr_growth_pct": 33.6,
        "aadt_station_miles": 0.41,
        "aadt_route": "FM 1518",
        "nearest_retail_catalyst": "I-10 / Loop 1604 East H-E-B",
        "retail_catalyst_miles": 5.13,
        "future_residential_lots_nearby": 4498.5,
        "recent_housing_units_180d": 0,
        "utility_confidence": "UNKNOWN",
        "utility_provider": "SAWS",
        "utility_distance_ft": null,
        "utility_snapshot": "2021-07-21",
        "utility_context": "No mapped sewer feature returned near parcel",
        "assessed_value_per_acre": 70500.0,
        "land_value_per_acre": 70500.0,
        "parcel_opportunity_score": 77.5,
        "parcel_execution_score": 83.3,
        "parcel_fit_score": 100.0,
        "acquisition_complexity_score": 94.4,
        "utility_score": 20,
        "confidence_score": 45,
        "node_confidence_score": 94,
        "node_class": "EMERGING NODE",
        "node_evidence_model": "Bexar detailed growth + statewide road/traffic evidence",
        "node_component_scores": {
          "residential_growth": 65.2,
          "intersection_network": 100,
          "retail_catalyst": 50,
          "traffic": 77.0,
          "timing": 68.5
        },
        "parcel_component_scores": {
          "frontage_access": 100,
          "size_shape": 100.0,
          "utilities": 20,
          "flood": 100,
          "acquisition": 94.4
        },
        "acquisition_category": "EARLY SPECULATION",
        "decision_summary": "Interesting node/parcel thesis, but data freshness or execution certainty is not strong enough for active pursuit.",
        "main_risks": [
          "not on the immediate intersection",
          "mapped sewer path is unverified",
          "important diligence data is incomplete"
        ],
        "usable_acres_proxy": 5.0,
        "eligible": true,
        "why_this_tract": "corner exposure on a major road \u00b7 within 1 mile of the node \u00b7 4498 weighted future residential lots \u00b7 mostly raw / low-improvement land \u00b7 no mapped FEMA SFHA overlap returned",
        "verification_notes": "Frontage is a GIS proximity proxy, not legal access. Sewer distance is a mapped-line proxy, not a capacity commitment. Confirm current title/CAD, survey, curb access, median/turn movements, ROW, flood and provider capacity."
      }
    },
    {
      "type": "Feature",
      "geometry": {
        "type": "Polygon",
        "coordinates": [
          [
            [
              -98.22207912860297,
              29.4840155414275
            ],
            [
              -98.22294056393088,
              29.486010172651625
            ],
            [
              -98.2230070221794,
              29.48613784522746
            ],
            [
              -98.22303449496253,
              29.48612374480377
            ],
            [
              -98.22375861147525,
              29.485752300140536
            ],
            [
              -98.22390824470234,
              29.485675543234542
            ],
            [
              -98.22422332469087,
              29.485519955154484
            ],
            [
              -98.22589195645503,
              29.48469322058858
            ],
            [
              -98.22791072534069,
              29.483702027179678
            ],
            [
              -98.22864750518251,
              29.483335885164916
            ],
            [
              -98.2296876947247,
              29.482818950559803
            ],
            [
              -98.22918597504272,
              29.482076057661555
            ],
            [
              -98.22845505583686,
              29.48095738978848
            ],
            [
              -98.2283688069352,
              29.480823779337396
            ],
            [
              -98.22207912860297,
              29.4840155414275
            ]
          ]
        ]
      },
      "properties": {
        "candidate_id": "Bexar:694750",
        "county": "Bexar",
        "prop_id": "694750",
        "owner": "BORGFELD ARROW LLC &",
        "situs": "6152 E FM 1518 N",
        "acres": 44.85,
        "reported_acres": 44.85,
        "geometry_acres": 45.05,
        "acres_source": "REPORTED",
        "land_value": 1771580.0,
        "assessed_value": 1771580.0,
        "improvement_value": 0.0,
        "improvement_ratio": 0.0,
        "gba": 0.0,
        "prop_use": "9",
        "legal": "NCB 18229 P-390 (.029AC) CB 5193 P-390 ABS 5 (44.821) FORMERLY P-28A 2009-RESURVEY PER DEEDS 13451/1531 & 1537 EX 12-31-07",
        "cad_record_url": "",
        "parcel_source": "SARA / Bexar CAD",
        "parcel_snapshot": "2025-12",
        "parcel_freshness": "RECENT",
        "node_id": "INT-006",
        "node_name": "FM 1518 / I-10",
        "node_score": 73.6,
        "node_edge_miles": 0.132,
        "dist_score": 97,
        "acre_score": 100,
        "raw_score": 100,
        "shape_score": 95.7,
        "compactness": 0.598,
        "aspect_ratio": 2.92,
        "road_score": 100,
        "frontage_roads": [
          "E FM 1518 N",
          "FM 1518"
        ],
        "frontage_ft_proxy": 1666.0,
        "corner_signal": "STRONG",
        "major_road_signal": true,
        "mtp_row_flag": true,
        "flood_score": 100,
        "flood_pct": 0.0,
        "floodway_pct": 0.0,
        "flood_zones": [
          "X"
        ],
        "flood_confidence": "SCREENED",
        "future_land_use_score": 100,
        "future_land_use": [
          "Community Commercial / I-10 East Corridor",
          "Urban Living / I-10 East Corridor",
          "Rural Living / I-10 East Corridor"
        ],
        "aadt": 11696,
        "aadt_5yr_growth_pct": 98.6,
        "aadt_station_miles": 0.01,
        "aadt_route": "FM 1518",
        "nearest_retail_catalyst": "I-10 / Loop 1604 East H-E-B",
        "retail_catalyst_miles": 5.6,
        "future_residential_lots_nearby": 4498.5,
        "recent_housing_units_180d": 0,
        "utility_confidence": "UNKNOWN",
        "utility_provider": "SAWS",
        "utility_distance_ft": null,
        "utility_snapshot": "2021-07-21",
        "utility_context": "No mapped sewer feature returned near parcel",
        "assessed_value_per_acre": 39500.0,
        "land_value_per_acre": 39500.0,
        "parcel_opportunity_score": 77.4,
        "parcel_execution_score": 83.2,
        "parcel_fit_score": 98.4,
        "acquisition_complexity_score": 97.2,
        "utility_score": 20,
        "confidence_score": 45,
        "node_confidence_score": 94,
        "node_class": "EMERGING NODE",
        "node_evidence_model": "Bexar detailed growth + statewide road/traffic evidence",
        "node_component_scores": {
          "residential_growth": 65.2,
          "intersection_network": 100,
          "retail_catalyst": 50,
          "traffic": 77.0,
          "timing": 68.5
        },
        "parcel_component_scores": {
          "frontage_access": 100,
          "size_shape": 98.4,
          "utilities": 20,
          "flood": 100,
          "acquisition": 97.2
        },
        "acquisition_category": "EARLY SPECULATION",
        "decision_summary": "Interesting node/parcel thesis, but data freshness or execution certainty is not strong enough for active pursuit.",
        "main_risks": [
          "mapped sewer path is unverified",
          "important diligence data is incomplete"
        ],
        "usable_acres_proxy": 44.85,
        "eligible": true,
        "why_this_tract": "corner exposure on a major road \u00b7 within \u00bc mile of the node \u00b7 4498 weighted future residential lots \u00b7 mostly raw / low-improvement land \u00b7 no mapped FEMA SFHA overlap returned",
        "verification_notes": "Frontage is a GIS proximity proxy, not legal access. Sewer distance is a mapped-line proxy, not a capacity commitment. Confirm current title/CAD, survey, curb access, median/turn movements, ROW, flood and provider capacity."
      }
    },
    {
      "type": "Feature",
      "geometry": {
        "type": "Polygon",
        "coordinates": [
          [
            [
              -98.32384103130812,
              29.46216857397301
            ],
            [
              -98.32419842449622,
              29.462260355622792
            ],
            [
              -98.3244801378617,
              29.462332697898123
            ],
            [
              -98.32464598855886,
              29.462375288736478
            ],
            [
              -98.32479676299108,
              29.462414005373624
            ],
            [
              -98.32497768934229,
              29.462460468887254
            ],
            [
              -98.32512846401356,
              29.462499186954087
            ],
            [
              -98.3251471060215,
              29.462503974008847
            ],
            [
              -98.32531055620431,
              29.462546522119663
            ],
            [
              -98.32546116603358,
              29.462585728028913
            ],
            [
              -98.32561177597823,
              29.462624933768108
            ],
            [
              -98.32576238602643,
              29.462664141141826
            ],
            [
              -98.32586238450145,
              29.462690172869767
            ],
            [
              -98.32581132441419,
              29.460317904001403
            ],
            [
              -98.3249479045709,
              29.460577350034175
            ],
            [
              -98.32392430562871,
              29.460907761703403
            ],
            [
              -98.32390905555155,
              29.45907785707346
            ],
            [
              -98.3239088773378,
              29.459042715692238
            ],
            [
              -98.32390330428856,
              29.457836121461355
            ],
            [
              -98.32389039670258,
              29.45727288886821
            ],
            [
              -98.32382322638169,
              29.45728959094143
            ],
            [
              -98.32382383843893,
              29.457568370149946
            ],
            [
              -98.32382422480406,
              29.457861492234006
            ],
            [
              -98.32382580385875,
              29.45906916256495
            ],
            [
              -98.3238258512742,
              29.459104590219127
            ],
            [
              -98.32384103130812,
              29.46216857397301
            ]
          ]
        ]
      },
      "properties": {
        "candidate_id": "Bexar:685409",
        "county": "Bexar",
        "prop_id": "685409",
        "owner": "8265 IH10 LLC",
        "situs": "8265  INTERSTATE 10 E",
        "acres": 9.93,
        "reported_acres": 9.93,
        "geometry_acres": 10.4,
        "acres_source": "REPORTED",
        "land_value": 332020.0,
        "assessed_value": 332020.0,
        "improvement_value": 0.0,
        "improvement_ratio": 0.0,
        "gba": 0.0,
        "prop_use": "9",
        "legal": "NCB 17990   LOT P-22    .240 CB 5090 P-22 ABS 739   9.761 (IH 10 EAST #1 ANNEXTN) 2019-RSVY FROM 28.3730 AC TO 28.300 PER DEED 19008/2382",
        "cad_record_url": "",
        "parcel_source": "SARA / Bexar CAD",
        "parcel_snapshot": "2025-12",
        "parcel_freshness": "RECENT",
        "node_id": "INT-010",
        "node_name": "FM 1516 / I-10 East",
        "node_score": 77.6,
        "node_edge_miles": 0.401,
        "dist_score": 90,
        "acre_score": 100,
        "raw_score": 100,
        "shape_score": 32.5,
        "compactness": 0.203,
        "aspect_ratio": 3.1,
        "road_score": 100,
        "frontage_roads": [
          "IH 10",
          "IH 10 E ACCESS RD",
          "ALPINE ROSE CT"
        ],
        "frontage_ft_proxy": 291.0,
        "corner_signal": "STRONG",
        "major_road_signal": true,
        "mtp_row_flag": false,
        "flood_score": 100,
        "flood_pct": 0.0,
        "floodway_pct": 0.0,
        "flood_zones": [
          "X"
        ],
        "flood_confidence": "SCREENED",
        "future_land_use_score": 100,
        "future_land_use": [
          "Community Commercial / I-10 East Corridor",
          "Industrial / I-10 East Corridor",
          "Low Density Residential / I-10 East Corridor"
        ],
        "aadt": 16373,
        "aadt_5yr_growth_pct": 445.4,
        "aadt_station_miles": 1.06,
        "aadt_route": "IH 10",
        "nearest_retail_catalyst": "H-E-B Foster campus",
        "retail_catalyst_miles": 3.59,
        "future_residential_lots_nearby": 4214.4,
        "recent_housing_units_180d": 0,
        "utility_confidence": "UNKNOWN",
        "utility_provider": "SAWS",
        "utility_distance_ft": null,
        "utility_snapshot": "2021-07-21",
        "utility_context": "No mapped sewer feature returned near parcel",
        "assessed_value_per_acre": 33436.0,
        "land_value_per_acre": 33436.0,
        "parcel_opportunity_score": 77.4,
        "parcel_execution_score": 77.2,
        "parcel_fit_score": 74.3,
        "acquisition_complexity_score": 97.2,
        "utility_score": 20,
        "confidence_score": 45,
        "node_confidence_score": 94,
        "node_class": "PRIORITY NODE",
        "node_evidence_model": "Bexar detailed growth + statewide road/traffic evidence",
        "node_component_scores": {
          "residential_growth": 62.7,
          "intersection_network": 100,
          "retail_catalyst": 72,
          "traffic": 89.1,
          "timing": 57.6
        },
        "parcel_component_scores": {
          "frontage_access": 100,
          "size_shape": 74.3,
          "utilities": 20,
          "flood": 100,
          "acquisition": 97.2
        },
        "acquisition_category": "EARLY SPECULATION",
        "decision_summary": "Interesting node/parcel thesis, but data freshness or execution certainty is not strong enough for active pursuit.",
        "main_risks": [
          "mapped sewer path is unverified",
          "parcel geometry is less efficient",
          "important diligence data is incomplete"
        ],
        "usable_acres_proxy": 9.93,
        "eligible": true,
        "why_this_tract": "corner exposure on a major road \u00b7 within \u00bd mile of the node \u00b7 4214 weighted future residential lots \u00b7 mostly raw / low-improvement land \u00b7 no mapped FEMA SFHA overlap returned",
        "verification_notes": "Frontage is a GIS proximity proxy, not legal access. Sewer distance is a mapped-line proxy, not a capacity commitment. Confirm current title/CAD, survey, curb access, median/turn movements, ROW, flood and provider capacity."
      }
    },
    {
      "type": "Feature",
      "geometry": {
        "type": "Polygon",
        "coordinates": [
          [
            [
              -98.28333474593705,
              29.443813396463476
            ],
            [
              -98.28300695861947,
              29.444344930300865
            ],
            [
              -98.28307207030065,
              29.44471656415671
            ],
            [
              -98.28405998835284,
              29.445747906741033
            ],
            [
              -98.28415329009833,
              29.445742527161475
            ],
            [
              -98.28728488955886,
              29.44556191127014
            ],
            [
              -98.2874396819636,
              29.445248906504457
            ],
            [
              -98.28829206769,
              29.44352527993605
            ],
            [
              -98.28333474593705,
              29.443813396463476
            ]
          ]
        ]
      },
      "properties": {
        "candidate_id": "Bexar:323261",
        "county": "Bexar",
        "prop_id": "323261",
        "owner": "JIMENEZ FRED",
        "situs": "1973  SCHUWIRTH RD",
        "acres": 23.48,
        "reported_acres": 23.48,
        "geometry_acres": 23.24,
        "acres_source": "REPORTED",
        "land_value": 1922960.0,
        "assessed_value": 1931260.0,
        "improvement_value": 8300.0,
        "improvement_ratio": 0.004,
        "gba": 0.0,
        "prop_use": "9",
        "legal": "CB 5088  P-26  ABS 308",
        "cad_record_url": "",
        "parcel_source": "SARA / Bexar CAD",
        "parcel_snapshot": "2025-12",
        "parcel_freshness": "RECENT",
        "node_id": "INT-009",
        "node_name": "Schuwirth Rd / Loop 1604 East",
        "node_score": 74.8,
        "node_edge_miles": 0.72,
        "dist_score": 78,
        "acre_score": 100,
        "raw_score": 99.5,
        "shape_score": 100,
        "compactness": 0.7,
        "aspect_ratio": 2.37,
        "road_score": 94,
        "frontage_roads": [
          "E LOOP 1604 N",
          "SCHUWIRTH RD",
          "SL 1604"
        ],
        "frontage_ft_proxy": 1078.0,
        "corner_signal": "STRONG",
        "major_road_signal": true,
        "mtp_row_flag": true,
        "flood_score": 100,
        "flood_pct": 0.0,
        "floodway_pct": 0.0,
        "flood_zones": [
          "X"
        ],
        "flood_confidence": "SCREENED",
        "future_land_use_score": 100,
        "future_land_use": [
          "Community Commercial / I-10 East Corridor",
          "Low Density Residential / I-10 East Corridor"
        ],
        "aadt": 20632,
        "aadt_5yr_growth_pct": 90.2,
        "aadt_station_miles": 1.18,
        "aadt_route": "SL 1604",
        "nearest_retail_catalyst": "H-E-B Foster campus",
        "retail_catalyst_miles": 4.84,
        "future_residential_lots_nearby": 5845.3,
        "recent_housing_units_180d": 0,
        "utility_confidence": "UNKNOWN",
        "utility_provider": "SAWS",
        "utility_distance_ft": null,
        "utility_snapshot": "2021-07-21",
        "utility_context": "No mapped sewer feature returned near parcel",
        "assessed_value_per_acre": 82251.0,
        "land_value_per_acre": 81898.0,
        "parcel_opportunity_score": 77.4,
        "parcel_execution_score": 81.4,
        "parcel_fit_score": 100.0,
        "acquisition_complexity_score": 94.0,
        "utility_score": 20,
        "confidence_score": 45,
        "node_confidence_score": 94,
        "node_class": "EMERGING NODE",
        "node_evidence_model": "Bexar detailed growth + statewide road/traffic evidence",
        "node_component_scores": {
          "residential_growth": 72.6,
          "intersection_network": 88,
          "retail_catalyst": 50,
          "traffic": 89.1,
          "timing": 65.3
        },
        "parcel_component_scores": {
          "frontage_access": 94,
          "size_shape": 100.0,
          "utilities": 20,
          "flood": 100,
          "acquisition": 94.0
        },
        "acquisition_category": "EARLY SPECULATION",
        "decision_summary": "Interesting node/parcel thesis, but data freshness or execution certainty is not strong enough for active pursuit.",
        "main_risks": [
          "not on the immediate intersection",
          "mapped sewer path is unverified",
          "important diligence data is incomplete"
        ],
        "usable_acres_proxy": 23.48,
        "eligible": true,
        "why_this_tract": "corner exposure on a major road \u00b7 within 1 mile of the node \u00b7 5845 weighted future residential lots \u00b7 mostly raw / low-improvement land \u00b7 no mapped FEMA SFHA overlap returned",
        "verification_notes": "Frontage is a GIS proximity proxy, not legal access. Sewer distance is a mapped-line proxy, not a capacity commitment. Confirm current title/CAD, survey, curb access, median/turn movements, ROW, flood and provider capacity."
      }
    },
    {
      "type": "Feature",
      "geometry": {
        "type": "Polygon",
        "coordinates": [
          [
            [
              -98.21963400033412,
              29.488917668229288
            ],
            [
              -98.21969249087076,
              29.488897457759684
            ],
            [
              -98.22077593358536,
              29.4883017006193
            ],
            [
              -98.22141364435119,
              29.488073016643956
            ],
            [
              -98.22100675983229,
              29.487171602916398
            ],
            [
              -98.21831697879477,
              29.488542526119648
            ],
            [
              -98.21863869516785,
              29.489258576648368
            ],
            [
              -98.21963400033412,
              29.488917668229288
            ]
          ]
        ]
      },
      "properties": {
        "candidate_id": "Bexar:339366",
        "county": "Bexar",
        "prop_id": "339366",
        "owner": "1518 LAND INVESTMENTS LP",
        "situs": "13442 E IH 10",
        "acres": 7.39,
        "reported_acres": 7.39,
        "geometry_acres": 7.26,
        "acres_source": "REPORTED",
        "land_value": 650000.0,
        "assessed_value": 650000.0,
        "improvement_value": 0.0,
        "improvement_ratio": 0.0,
        "gba": 0.0,
        "prop_use": "99",
        "legal": "CB 5193  P-22 (0.2364 AC) & P-26 (7.1534 AC)  ABS 5 2019-SPLIT PER DEED 20180089309 EXE 05-09-2018||||2016-REMAINS PER DEED 17299/1773 EXE 06-15-2015||||2008-RESURVEY PER DEED 13010/304 EXE 7-20-07",
        "cad_record_url": "",
        "parcel_source": "SARA / Bexar CAD",
        "parcel_snapshot": "2025-12",
        "parcel_freshness": "RECENT",
        "node_id": "INT-006",
        "node_name": "FM 1518 / I-10",
        "node_score": 73.6,
        "node_edge_miles": 0.135,
        "dist_score": 97,
        "acre_score": 100,
        "raw_score": 100,
        "shape_score": 93.4,
        "compactness": 0.584,
        "aspect_ratio": 2.93,
        "road_score": 100,
        "frontage_roads": [
          "IH 10 E ACCESS RD",
          "IH 10"
        ],
        "frontage_ft_proxy": 2231.0,
        "corner_signal": "STRONG",
        "major_road_signal": true,
        "mtp_row_flag": false,
        "flood_score": 100,
        "flood_pct": 0.0,
        "floodway_pct": 0.0,
        "flood_zones": [
          "X"
        ],
        "flood_confidence": "SCREENED",
        "future_land_use_score": 100,
        "future_land_use": [
          "Community Commercial / I-10 East Corridor",
          "Rural Living / I-10 East Corridor"
        ],
        "aadt": 1453,
        "aadt_5yr_growth_pct": 252.7,
        "aadt_station_miles": 0.75,
        "aadt_route": "IH 10",
        "nearest_retail_catalyst": "I-10 / Loop 1604 East H-E-B",
        "retail_catalyst_miles": 5.82,
        "future_residential_lots_nearby": 4498.5,
        "recent_housing_units_180d": 0,
        "utility_confidence": "UNKNOWN",
        "utility_provider": "SAWS",
        "utility_distance_ft": null,
        "utility_snapshot": "2021-07-21",
        "utility_context": "No mapped sewer feature returned near parcel",
        "assessed_value_per_acre": 87957.0,
        "land_value_per_acre": 87957.0,
        "parcel_opportunity_score": 77.2,
        "parcel_execution_score": 82.6,
        "parcel_fit_score": 97.5,
        "acquisition_complexity_score": 94.4,
        "utility_score": 20,
        "confidence_score": 45,
        "node_confidence_score": 94,
        "node_class": "EMERGING NODE",
        "node_evidence_model": "Bexar detailed growth + statewide road/traffic evidence",
        "node_component_scores": {
          "residential_growth": 65.2,
          "intersection_network": 100,
          "retail_catalyst": 50,
          "traffic": 77.0,
          "timing": 68.5
        },
        "parcel_component_scores": {
          "frontage_access": 100,
          "size_shape": 97.5,
          "utilities": 20,
          "flood": 100,
          "acquisition": 94.4
        },
        "acquisition_category": "EARLY SPECULATION",
        "decision_summary": "Interesting node/parcel thesis, but data freshness or execution certainty is not strong enough for active pursuit.",
        "main_risks": [
          "mapped sewer path is unverified",
          "important diligence data is incomplete"
        ],
        "usable_acres_proxy": 7.39,
        "eligible": true,
        "why_this_tract": "corner exposure on a major road \u00b7 within \u00bc mile of the node \u00b7 4498 weighted future residential lots \u00b7 mostly raw / low-improvement land \u00b7 no mapped FEMA SFHA overlap returned",
        "verification_notes": "Frontage is a GIS proximity proxy, not legal access. Sewer distance is a mapped-line proxy, not a capacity commitment. Confirm current title/CAD, survey, curb access, median/turn movements, ROW, flood and provider capacity."
      }
    },
    {
      "type": "Feature",
      "geometry": {
        "type": "Polygon",
        "coordinates": [
          [
            [
              -98.22864750518251,
              29.483335885164916
            ],
            [
              -98.22995840748315,
              29.48538693794856
            ],
            [
              -98.23085836089615,
              29.485074646077283
            ],
            [
              -98.23108682422705,
              29.484992267881584
            ],
            [
              -98.23131310785939,
              29.484904078435388
            ],
            [
              -98.2315370640043,
              29.484810135336414
            ],
            [
              -98.23175854639301,
              29.484710499940164
            ],
            [
              -98.23197741037235,
              29.484605237319855
            ],
            [
              -98.23251221851137,
              29.48433924923656
            ],
            [
              -98.2327294945773,
              29.484236064638107
            ],
            [
              -98.23294925869995,
              29.484138291019093
            ],
            [
              -98.2331713761509,
              29.48404598832054
            ],
            [
              -98.23339571075901,
              29.48395921312946
            ],
            [
              -98.23362212499386,
              29.483878018644198
            ],
            [
              -98.23288379559577,
              29.48276817679439
            ],
            [
              -98.23257706640467,
              29.482306998257506
            ],
            [
              -98.23203672257013,
              29.482575914417964
            ],
            [
              -98.23157009983541,
              29.4818743134838
            ],
            [
              -98.23218418724588,
              29.48155968496084
            ],
            [
              -98.2309584012214,
              29.47971658990044
            ],
            [
              -98.23093106320104,
              29.479730149538167
            ],
            [
              -98.2297054892864,
              29.480337619272483
            ],
            [
              -98.2295687450106,
              29.480405395962183
            ],
            [
              -98.22925423641009,
              29.48056128147588
            ],
            [
              -98.22845505583686,
              29.48095738978848
            ],
            [
              -98.22918597504272,
              29.482076057661555
            ],
            [
              -98.2296876947247,
              29.482818950559803
            ],
            [
              -98.22864750518251,
              29.483335885164916
            ]
          ]
        ]
      },
      "properties": {
        "candidate_id": "Bexar:694744",
        "county": "Bexar",
        "prop_id": "694744",
        "owner": "TEX MIX LAND LTD",
        "situs": "12666  INTERSTATE 10 E",
        "acres": 41.81,
        "reported_acres": 41.81,
        "geometry_acres": 41.88,
        "acres_source": "REPORTED",
        "land_value": 1657330.0,
        "assessed_value": 1657330.0,
        "improvement_value": 0.0,
        "improvement_ratio": 0.0,
        "gba": 0.0,
        "prop_use": "99",
        "legal": "NCB 18229 P-26C (15.1657) & CB 5193 P-26C (10.3643) & P-27B (16.28)  ABS 5 2024-SPLIT PER DEED 20230007920\\\\2017-SPLIT/MERGE PER DEED 17820/1563 EXE 04-25-2016||||2014-RESURVEY PER DEED 16508/2156 EX 1/9/14",
        "cad_record_url": "",
        "parcel_source": "SARA / Bexar CAD",
        "parcel_snapshot": "2025-12",
        "parcel_freshness": "RECENT",
        "node_id": "INT-006",
        "node_name": "FM 1518 / I-10",
        "node_score": 73.6,
        "node_edge_miles": 0.418,
        "dist_score": 90,
        "acre_score": 100,
        "raw_score": 100,
        "shape_score": 90.1,
        "compactness": 0.563,
        "aspect_ratio": 1.34,
        "road_score": 100,
        "frontage_roads": [
          "IH 10 E ACCESS RD",
          "IH 10"
        ],
        "frontage_ft_proxy": 2779.0,
        "corner_signal": "STRONG",
        "major_road_signal": true,
        "mtp_row_flag": false,
        "flood_score": 100,
        "flood_pct": 0.0,
        "floodway_pct": 0.0,
        "flood_zones": [
          "X"
        ],
        "flood_confidence": "SCREENED",
        "future_land_use_score": 55,
        "future_land_use": [
          "Urban Living / I-10 East Corridor",
          "Rural Living / I-10 East Corridor"
        ],
        "aadt": 11696,
        "aadt_5yr_growth_pct": 98.6,
        "aadt_station_miles": 0.4,
        "aadt_route": "FM 1518",
        "nearest_retail_catalyst": "I-10 / Loop 1604 East H-E-B",
        "retail_catalyst_miles": 5.34,
        "future_residential_lots_nearby": 4498.5,
        "recent_housing_units_180d": 0,
        "utility_confidence": "UNKNOWN",
        "utility_provider": "SAWS",
        "utility_distance_ft": null,
        "utility_snapshot": "2021-07-21",
        "utility_context": "No mapped sewer feature returned near parcel",
        "assessed_value_per_acre": 39640.0,
        "land_value_per_acre": 39640.0,
        "parcel_opportunity_score": 77.2,
        "parcel_execution_score": 82.7,
        "parcel_fit_score": 96.2,
        "acquisition_complexity_score": 97.2,
        "utility_score": 20,
        "confidence_score": 45,
        "node_confidence_score": 94,
        "node_class": "EMERGING NODE",
        "node_evidence_model": "Bexar detailed growth + statewide road/traffic evidence",
        "node_component_scores": {
          "residential_growth": 65.2,
          "intersection_network": 100,
          "retail_catalyst": 50,
          "traffic": 77.0,
          "timing": 68.5
        },
        "parcel_component_scores": {
          "frontage_access": 100,
          "size_shape": 96.2,
          "utilities": 20,
          "flood": 100,
          "acquisition": 97.2
        },
        "acquisition_category": "EARLY SPECULATION",
        "decision_summary": "Interesting node/parcel thesis, but data freshness or execution certainty is not strong enough for active pursuit.",
        "main_risks": [
          "mapped sewer path is unverified",
          "important diligence data is incomplete"
        ],
        "usable_acres_proxy": 41.81,
        "eligible": true,
        "why_this_tract": "corner exposure on a major road \u00b7 within \u00bd mile of the node \u00b7 4498 weighted future residential lots \u00b7 mostly raw / low-improvement land \u00b7 no mapped FEMA SFHA overlap returned",
        "verification_notes": "Frontage is a GIS proximity proxy, not legal access. Sewer distance is a mapped-line proxy, not a capacity commitment. Confirm current title/CAD, survey, curb access, median/turn movements, ROW, flood and provider capacity."
      }
    },
    {
      "type": "Feature",
      "geometry": {
        "type": "Polygon",
        "coordinates": [
          [
            [
              -98.29165811066885,
              29.49446868984788
            ],
            [
              -98.29178938137582,
              29.494411329207654
            ],
            [
              -98.2919270306092,
              29.494357907403764
            ],
            [
              -98.29204946611233,
              29.494305177262653
            ],
            [
              -98.29217729515167,
              29.494254006780917
            ],
            [
              -98.29230411227799,
              29.494198959026082
            ],
            [
              -98.29242655667191,
              29.49414936139259
            ],
            [
              -98.2925570762711,
              29.494091170413842
            ],
            [
              -98.29269024954209,
              29.494035355585115
            ],
            [
              -98.29281361421816,
              29.49398416809255
            ],
            [
              -98.29293967714857,
              29.49392905890032
            ],
            [
              -98.29306659368297,
              29.493873984781903
            ],
            [
              -98.29055794363512,
              29.493182293302702
            ],
            [
              -98.29037811344695,
              29.493886691212687
            ],
            [
              -98.29016066326619,
              29.494843469680806
            ],
            [
              -98.29007345372305,
              29.495165473482718
            ],
            [
              -98.29067885998666,
              29.494876280611965
            ],
            [
              -98.29096075910562,
              29.494757894867814
            ],
            [
              -98.29114907291982,
              29.494679493359513
            ],
            [
              -98.29127638119405,
              29.49462621048367
            ],
            [
              -98.29140482357629,
              29.494572819807857
            ],
            [
              -98.29153308860418,
              29.49451836064109
            ],
            [
              -98.29165811066885,
              29.49446868984788
            ]
          ]
        ]
      },
      "properties": {
        "candidate_id": "Bexar:990673",
        "county": "Bexar",
        "prop_id": "990673",
        "owner": "MMP VENTURES LLC",
        "situs": "W LOOP 1604",
        "acres": 6.96,
        "reported_acres": 6.96,
        "geometry_acres": 6.96,
        "acres_source": "REPORTED",
        "land_value": 455510.0,
        "assessed_value": 455510.0,
        "improvement_value": 0.0,
        "improvement_ratio": 0.0,
        "gba": 0.0,
        "prop_use": "9",
        "legal": "CB 5069  P-3A  ABS 192 RESURVEY - SWD 11311/1800",
        "cad_record_url": "",
        "parcel_source": "SARA / Bexar CAD",
        "parcel_snapshot": "2025-12",
        "parcel_freshness": "RECENT",
        "node_id": "INT-016",
        "node_name": "Loop 1604 / Green Rd",
        "node_score": 77.1,
        "node_edge_miles": 0.13,
        "dist_score": 97,
        "acre_score": 100,
        "raw_score": 100,
        "shape_score": 87.7,
        "compactness": 0.548,
        "aspect_ratio": 1.14,
        "road_score": 84,
        "frontage_roads": [
          "E LOOP 1604 N"
        ],
        "frontage_ft_proxy": 0.0,
        "corner_signal": "NO",
        "major_road_signal": true,
        "mtp_row_flag": false,
        "flood_score": 100,
        "flood_pct": 0.0,
        "floodway_pct": 0.0,
        "flood_zones": [
          "X"
        ],
        "flood_confidence": "SCREENED",
        "future_land_use_score": 55,
        "future_land_use": [],
        "aadt": 14472,
        "aadt_5yr_growth_pct": 3.7,
        "aadt_station_miles": 1.1,
        "aadt_route": "FM 1516",
        "nearest_retail_catalyst": "I-10 / Loop 1604 East H-E-B",
        "retail_catalyst_miles": 1.86,
        "future_residential_lots_nearby": 3928.8,
        "recent_housing_units_180d": 0,
        "utility_confidence": "UNKNOWN",
        "utility_provider": "SAWS",
        "utility_distance_ft": null,
        "utility_snapshot": "2021-07-21",
        "utility_context": "No mapped sewer feature returned near parcel",
        "assessed_value_per_acre": 65447.0,
        "land_value_per_acre": 65447.0,
        "parcel_opportunity_score": 77.2,
        "parcel_execution_score": 77.3,
        "parcel_fit_score": 95.3,
        "acquisition_complexity_score": 94.4,
        "utility_score": 20,
        "confidence_score": 45,
        "node_confidence_score": 94,
        "node_class": "PRIORITY NODE",
        "node_evidence_model": "Bexar detailed growth + statewide road/traffic evidence",
        "node_component_scores": {
          "residential_growth": 58.3,
          "intersection_network": 100,
          "retail_catalyst": 90,
          "traffic": 78.1,
          "timing": 55.6
        },
        "parcel_component_scores": {
          "frontage_access": 84,
          "size_shape": 95.3,
          "utilities": 20,
          "flood": 100,
          "acquisition": 94.4
        },
        "acquisition_category": "EARLY SPECULATION",
        "decision_summary": "Interesting node/parcel thesis, but data freshness or execution certainty is not strong enough for active pursuit.",
        "main_risks": [
          "limited frontage proxy",
          "mapped sewer path is unverified",
          "important diligence data is incomplete"
        ],
        "usable_acres_proxy": 6.96,
        "eligible": true,
        "why_this_tract": "major-road frontage \u00b7 within \u00bc mile of the node \u00b7 3928 weighted future residential lots \u00b7 1.9 mi from I-10 / Loop 1604 East H-E-B \u00b7 mostly raw / low-improvement land",
        "verification_notes": "Frontage is a GIS proximity proxy, not legal access. Sewer distance is a mapped-line proxy, not a capacity commitment. Confirm current title/CAD, survey, curb access, median/turn movements, ROW, flood and provider capacity."
      }
    },
    {
      "type": "Feature",
      "geometry": {
        "type": "Polygon",
        "coordinates": [
          [
            [
              -98.74318737168525,
              29.410904796303424
            ],
            [
              -98.7433483205306,
              29.41092292709663
            ],
            [
              -98.74334381154944,
              29.411073986004318
            ],
            [
              -98.7462561696565,
              29.41105571513697
            ],
            [
              -98.74579852163457,
              29.410566307058684
            ],
            [
              -98.74487611987212,
              29.410266665795007
            ],
            [
              -98.74483712549718,
              29.409538164587758
            ],
            [
              -98.7445490408528,
              29.409230072090335
            ],
            [
              -98.74333647533619,
              29.40924601648757
            ],
            [
              -98.74331732023998,
              29.409253394825075
            ],
            [
              -98.74331206196952,
              29.40932023203192
            ],
            [
              -98.74319158480563,
              29.41085125077523
            ],
            [
              -98.74318737168525,
              29.410904796303424
            ]
          ]
        ]
      },
      "properties": {
        "candidate_id": "Bexar:1091082",
        "county": "Bexar",
        "prop_id": "1091082",
        "owner": "VENTURA-AQUINO MIGUEL ANGEL & VENTURA-AQUINO AGUSTIN",
        "situs": "W GROSENBACHER RD",
        "acres": 10.0,
        "reported_acres": 10.0,
        "geometry_acres": 9.56,
        "acres_source": "REPORTED",
        "land_value": 544650.0,
        "assessed_value": 560880.0,
        "improvement_value": 16230.0,
        "improvement_ratio": 0.029,
        "gba": 0.0,
        "prop_use": "2",
        "legal": "CB 4341  P-17B (0.645 AC) & P-1A (9.358 AC)  ABS 422 2007 SPLIT NEW ACCT PER DEED 12208/2393",
        "cad_record_url": "",
        "parcel_source": "SARA / Bexar CAD",
        "parcel_snapshot": "2025-12",
        "parcel_freshness": "RECENT",
        "node_id": "INT-024",
        "node_name": "Talley Rd / Potranco Rd",
        "node_score": 70.7,
        "node_edge_miles": 0.202,
        "dist_score": 97,
        "acre_score": 100,
        "raw_score": 96.5,
        "shape_score": 94.2,
        "compactness": 0.589,
        "aspect_ratio": 1.46,
        "road_score": 90,
        "frontage_roads": [
          "W GROSENBACHER RD"
        ],
        "frontage_ft_proxy": 487.0,
        "corner_signal": "NO",
        "major_road_signal": true,
        "mtp_row_flag": true,
        "flood_score": 30,
        "flood_pct": 51.5,
        "floodway_pct": 0.0,
        "flood_zones": [
          "A",
          "X"
        ],
        "flood_confidence": "SCREENED",
        "future_land_use_score": 55,
        "future_land_use": [
          "Suburban Tier / West"
        ],
        "aadt": 6400,
        "aadt_5yr_growth_pct": 0,
        "aadt_station_miles": 0.98,
        "aadt_route": "GROSENBACHER RD",
        "nearest_retail_catalyst": "Culebra / SH 211 H-E-B",
        "retail_catalyst_miles": 8.61,
        "future_residential_lots_nearby": 11355.8,
        "recent_housing_units_180d": 0,
        "utility_confidence": "PROXY",
        "utility_provider": "SAWS",
        "utility_distance_ft": 93.0,
        "utility_snapshot": "2021-07-21",
        "utility_context": "SAWS feature approximately 93 ft from parcel; capacity NOT verified",
        "assessed_value_per_acre": 56088.0,
        "land_value_per_acre": 54465.0,
        "parcel_opportunity_score": 77.1,
        "parcel_execution_score": 86.7,
        "parcel_fit_score": 97.8,
        "acquisition_complexity_score": 91.9,
        "utility_score": 100,
        "confidence_score": 45,
        "node_confidence_score": 100,
        "node_class": "EMERGING NODE",
        "node_evidence_model": "Bexar detailed growth + statewide road/traffic evidence",
        "node_component_scores": {
          "residential_growth": 85.6,
          "intersection_network": 94,
          "retail_catalyst": 28,
          "traffic": 51.5,
          "timing": 65.6
        },
        "parcel_component_scores": {
          "frontage_access": 90,
          "size_shape": 97.8,
          "utilities": 100,
          "flood": 30,
          "acquisition": 91.9
        },
        "acquisition_category": "REVIEW",
        "decision_summary": "Does not currently clear the acquisition-mode highlight standard.",
        "main_risks": [
          "utility capacity is unverified",
          "51.5% mapped SFHA overlap",
          "important diligence data is incomplete"
        ],
        "usable_acres_proxy": 4.85,
        "eligible": false,
        "why_this_tract": "major-road frontage \u00b7 within \u00bc mile of the node \u00b7 11355 weighted future residential lots \u00b7 mapped SAWS feature ~93 ft from parcel \u00b7 mostly raw / low-improvement land",
        "verification_notes": "Frontage is a GIS proximity proxy, not legal access. Sewer distance is a mapped-line proxy, not a capacity commitment. Confirm current title/CAD, survey, curb access, median/turn movements, ROW, flood and provider capacity."
      }
    },
    {
      "type": "Feature",
      "geometry": {
        "type": "Polygon",
        "coordinates": [
          [
            [
              -98.28969399149727,
              29.45672770984634
            ],
            [
              -98.28970455633541,
              29.456725167343645
            ],
            [
              -98.29044567807424,
              29.456546784330516
            ],
            [
              -98.29076433831065,
              29.456470086710887
            ],
            [
              -98.29081617383966,
              29.456459126904317
            ],
            [
              -98.2908689913852,
              29.45645496201419
            ],
            [
              -98.29092190404559,
              29.456457661976504
            ],
            [
              -98.29097402332201,
              29.45646718145405
            ],
            [
              -98.29124353360613,
              29.456535403956753
            ],
            [
              -98.29125969434884,
              29.45653945984533
            ],
            [
              -98.29143580579236,
              29.456010553251087
            ],
            [
              -98.29146133387215,
              29.45573092753904
            ],
            [
              -98.29163328593616,
              29.455201870434472
            ],
            [
              -98.29178451890718,
              29.454952885759926
            ],
            [
              -98.29204849573095,
              29.454149842163414
            ],
            [
              -98.28897104408131,
              29.453507583198395
            ],
            [
              -98.28849128242304,
              29.45340391989988
            ],
            [
              -98.28885650592713,
              29.454344791961493
            ],
            [
              -98.28919916616235,
              29.455116498136526
            ],
            [
              -98.28969399149727,
              29.45672770984634
            ]
          ]
        ]
      },
      "properties": {
        "candidate_id": "Bexar:1113105",
        "county": "Bexar",
        "prop_id": "1113105",
        "owner": "GREEN ROAD 1604 PARTNERS LLC",
        "situs": "E LOOP 1604 N",
        "acres": 18.5,
        "reported_acres": 18.5,
        "geometry_acres": 18.5,
        "acres_source": "REPORTED",
        "land_value": 825000.0,
        "assessed_value": 825000.0,
        "improvement_value": 0.0,
        "improvement_ratio": 0.0,
        "gba": 0.0,
        "prop_use": "99",
        "legal": "CB 5088 P-29 ABS 308 2023 REMAINS PER DEED 20220127912//  2008-NEW PER SPLIT PER DEED 13178/1366 EXE 10-16-07",
        "cad_record_url": "",
        "parcel_source": "SARA / Bexar CAD",
        "parcel_snapshot": "2025-12",
        "parcel_freshness": "RECENT",
        "node_id": "INT-009",
        "node_name": "Schuwirth Rd / Loop 1604 East",
        "node_score": 74.8,
        "node_edge_miles": 0.091,
        "dist_score": 100,
        "acre_score": 100,
        "raw_score": 100,
        "shape_score": 100,
        "compactness": 0.681,
        "aspect_ratio": 1.07,
        "road_score": 90,
        "frontage_roads": [
          "E LOOP 1604 N",
          "GREEN RD"
        ],
        "frontage_ft_proxy": 1921.0,
        "corner_signal": "NO",
        "major_road_signal": true,
        "mtp_row_flag": false,
        "flood_score": 100,
        "flood_pct": 0.0,
        "floodway_pct": 0.0,
        "flood_zones": [
          "X"
        ],
        "flood_confidence": "SCREENED",
        "future_land_use_score": 55,
        "future_land_use": [
          "Urban Living / I-10 East Corridor"
        ],
        "aadt": 20632,
        "aadt_5yr_growth_pct": 90.2,
        "aadt_station_miles": 0.4,
        "aadt_route": "SL 1604",
        "nearest_retail_catalyst": "I-10 / Loop 1604 East H-E-B",
        "retail_catalyst_miles": 4.28,
        "future_residential_lots_nearby": 5845.3,
        "recent_housing_units_180d": 0,
        "utility_confidence": "UNKNOWN",
        "utility_provider": "SAWS",
        "utility_distance_ft": null,
        "utility_snapshot": "2021-07-21",
        "utility_context": "No mapped sewer feature returned near parcel",
        "assessed_value_per_acre": 44595.0,
        "land_value_per_acre": 44595.0,
        "parcel_opportunity_score": 77.1,
        "parcel_execution_score": 80.6,
        "parcel_fit_score": 100.0,
        "acquisition_complexity_score": 97.2,
        "utility_score": 20,
        "confidence_score": 45,
        "node_confidence_score": 94,
        "node_class": "EMERGING NODE",
        "node_evidence_model": "Bexar detailed growth + statewide road/traffic evidence",
        "node_component_scores": {
          "residential_growth": 72.6,
          "intersection_network": 88,
          "retail_catalyst": 50,
          "traffic": 89.1,
          "timing": 65.3
        },
        "parcel_component_scores": {
          "frontage_access": 90,
          "size_shape": 100.0,
          "utilities": 20,
          "flood": 100,
          "acquisition": 97.2
        },
        "acquisition_category": "EARLY SPECULATION",
        "decision_summary": "Interesting node/parcel thesis, but data freshness or execution certainty is not strong enough for active pursuit.",
        "main_risks": [
          "mapped sewer path is unverified",
          "important diligence data is incomplete"
        ],
        "usable_acres_proxy": 18.5,
        "eligible": true,
        "why_this_tract": "major-road frontage \u00b7 within \u00bc mile of the node \u00b7 5845 weighted future residential lots \u00b7 mostly raw / low-improvement land \u00b7 no mapped FEMA SFHA overlap returned",
        "verification_notes": "Frontage is a GIS proximity proxy, not legal access. Sewer distance is a mapped-line proxy, not a capacity commitment. Confirm current title/CAD, survey, curb access, median/turn movements, ROW, flood and provider capacity."
      }
    },
    {
      "type": "Feature",
      "geometry": {
        "type": "MultiPolygon",
        "coordinates": [
          [
            [
              [
                -98.0874313364874,
                29.748912318387
              ],
              [
                -98.0880593523779,
                29.7477486012538
              ],
              [
                -98.0880781905294,
                29.747764722277
              ],
              [
                -98.0906303145769,
                29.7499487758235
              ],
              [
                -98.0906554732215,
                29.7499703058194
              ],
              [
                -98.0909860440251,
                29.7502491058339
              ],
              [
                -98.0929117657378,
                29.7518731858029
              ],
              [
                -98.0929133489166,
                29.751874584606
              ],
              [
                -98.0918483289711,
                29.7526985820223
              ],
              [
                -98.0909609224718,
                29.7533894443276
              ],
              [
                -98.090037306198,
                29.7541060352476
              ],
              [
                -98.0899424656207,
                29.7540241978801
              ],
              [
                -98.0863461955196,
                29.7509208581903
              ],
              [
                -98.0863853436603,
                29.7508484589057
              ],
              [
                -98.0874313364874,
                29.748912318387
              ]
            ]
          ],
          [
            [
              [
                -98.0853604670707,
                29.7500701916966
              ],
              [
                -98.0858969850277,
                29.7495877567918
              ],
              [
                -98.0859575043859,
                29.7496137120471
              ],
              [
                -98.0864610760395,
                29.7498296849062
              ],
              [
                -98.0864620392554,
                29.7498300976533
              ],
              [
                -98.0865027187706,
                29.7498475446725
              ],
              [
                -98.0865034996439,
                29.7498478794532
              ],
              [
                -98.0860610652535,
                29.750674798741
              ],
              [
                -98.0853604670707,
                29.7500701916966
              ]
            ]
          ],
          [
            [
              [
                -98.092528786571,
                29.7533390965772
              ],
              [
                -98.0925302649236,
                29.7533370942825
              ],
              [
                -98.0926305979568,
                29.7533927219129
              ],
              [
                -98.0931747886304,
                29.7536944351135
              ],
              [
                -98.0933726272765,
                29.7538041222802
              ],
              [
                -98.0933813817267,
                29.7538089751165
              ],
              [
                -98.0928632788252,
                29.7542649049389
              ],
              [
                -98.0916589856824,
                29.7553246570052
              ],
              [
                -98.0916518564609,
                29.7553183740226
              ],
              [
                -98.0912196684172,
                29.7549374437273
              ],
              [
                -98.0913345538794,
                29.754812166946
              ],
              [
                -98.0915386017673,
                29.7545789121225
              ],
              [
                -98.0917388620524,
                29.7543431718193
              ],
              [
                -98.0919352960586,
                29.7541049927149
              ],
              [
                -98.0921278640605,
                29.7538644232852
              ],
              [
                -98.0921302420296,
                29.7538614074149
              ],
              [
                -98.0921318426889,
                29.7538593770864
              ],
              [
                -98.092324358743,
                29.7536112680325
              ],
              [
                -98.0925127626447,
                29.7533607678891
              ],
              [
                -98.092528786571,
                29.7533390965772
              ]
            ]
          ]
        ]
      },
      "properties": {
        "candidate_id": "Comal:79241",
        "county": "Comal",
        "prop_id": "79241",
        "owner": "NOLAND & VERA KOEPP LTD PRTNRSHP LTD",
        "verified_owner": "NOLAND & VERA KOEPP LTD PRTNRSHP LTD",
        "owner_verification_match": true,
        "situs": "0 TBD",
        "acres": 58.68,
        "reported_acres": 613650.0,
        "geometry_acres": 58.68,
        "acres_source": "GEOMETRY",
        "land_value": 13380.0,
        "assessed_value": 1768260.0,
        "improvement_value": 126630.0,
        "improvement_ratio": 0.072,
        "gba": 0.0,
        "prop_use": "R",
        "legal": "A-485 SUR-  2  O RUSSELL, ACRES 61.365",
        "cad_record_url": "https://gis.bisclient.com/comalcad/index.html?find=79241",
        "parcel_source": "Comal CAD public ArcGIS parcel layer",
        "parcel_snapshot": "2024-11-22",
        "parcel_freshness": "AGING",
        "cad_geometry_verified": true,
        "cad_verification_source": "Comal CAD public ArcGIS service",
        "node_id": "INT-002",
        "node_name": "I-35 / Kohlenberg Rd (Mayfair)",
        "node_score": 68.1,
        "node_edge_miles": 0.408,
        "dist_score": 90,
        "acre_score": 92,
        "raw_score": 91.4,
        "shape_score": 58.1,
        "compactness": 0.363,
        "aspect_ratio": 2.27,
        "road_score": 90,
        "frontage_roads": [
          "FM 1102"
        ],
        "frontage_ft_proxy": 1813.0,
        "corner_signal": "NO",
        "major_road_signal": true,
        "mtp_row_flag": false,
        "flood_score": 100,
        "flood_pct": 0.0,
        "floodway_pct": 0.0,
        "flood_zones": [
          "X"
        ],
        "flood_confidence": "SCREENED",
        "future_land_use_score": 55,
        "future_land_use": [],
        "aadt": 9677,
        "aadt_5yr_growth_pct": 64.6,
        "aadt_station_miles": 0.34,
        "aadt_route": "FM 1102",
        "nearest_retail_catalyst": "Mayfair Costco",
        "retail_catalyst_miles": 2.03,
        "future_residential_lots_nearby": 0.0,
        "recent_housing_units_180d": 0,
        "utility_confidence": "PROXY",
        "utility_provider": "NBU",
        "utility_distance_ft": 48.0,
        "utility_snapshot": "2024-01-17",
        "utility_context": "NBU feature approximately 48 ft from parcel; capacity NOT verified",
        "assessed_value_per_acre": 30134.0,
        "land_value_per_acre": 228.0,
        "parcel_opportunity_score": 77.1,
        "parcel_execution_score": 90.6,
        "parcel_fit_score": 79.1,
        "acquisition_complexity_score": 91.0,
        "utility_score": 100,
        "confidence_score": 72,
        "node_confidence_score": 68,
        "node_class": "EMERGING NODE",
        "node_evidence_model": "Regional corridor prior + statewide road/traffic; county housing feed incomplete",
        "node_component_scores": {
          "residential_growth": 0.0,
          "intersection_network": 88,
          "retail_catalyst": 90,
          "traffic": 65.1,
          "timing": 27.8
        },
        "parcel_component_scores": {
          "frontage_access": 90,
          "size_shape": 79.1,
          "utilities": 100,
          "flood": 100,
          "acquisition": 91.0
        },
        "acquisition_category": "WATCH",
        "decision_summary": "Strong enough to track closely; verify title, access and utility feasibility before elevating.",
        "main_risks": [
          "utility capacity is unverified",
          "county parcel snapshot is aging"
        ],
        "usable_acres_proxy": 58.68,
        "eligible": true,
        "why_this_tract": "major-road frontage \u00b7 within \u00bd mile of the node \u00b7 regional growth node; county housing feed incomplete \u00b7 2.0 mi from Mayfair Costco \u00b7 mapped NBU feature ~48 ft from parcel",
        "verification_notes": "Frontage is a GIS proximity proxy, not legal access. Sewer distance is a mapped-line proxy, not a capacity commitment. Confirm current title/CAD, survey, curb access, median/turn movements, ROW, flood and provider capacity.",
        "geometry_source": "Comal CAD public ArcGIS parcel layer"
      }
    },
    {
      "type": "Feature",
      "geometry": {
        "type": "Polygon",
        "coordinates": [
          [
            [
              -98.29872983212898,
              29.464064923458487
            ],
            [
              -98.29872637199706,
              29.464065801295956
            ],
            [
              -98.297180483121,
              29.464455777061925
            ],
            [
              -98.295576126392,
              29.46508296190363
            ],
            [
              -98.29525085735624,
              29.466089815522537
            ],
            [
              -98.29788438663833,
              29.466695437693854
            ],
            [
              -98.2978864373709,
              29.466695908646017
            ],
            [
              -98.30008298928412,
              29.467200995120063
            ],
            [
              -98.30097295115512,
              29.46456668147076
            ],
            [
              -98.30100166994441,
              29.46447444320866
            ],
            [
              -98.3013667162104,
              29.46339638642252
            ],
            [
              -98.29872983212898,
              29.464064923458487
            ]
          ]
        ]
      },
      "properties": {
        "candidate_id": "Bexar:618978",
        "county": "Bexar",
        "prop_id": "618978",
        "owner": "MS410 PARTNERS LLC",
        "situs": "9713 E IH 10",
        "acres": 33.83,
        "reported_acres": 33.83,
        "geometry_acres": 34.55,
        "acres_source": "REPORTED",
        "land_value": 1695740.0,
        "assessed_value": 1695840.0,
        "improvement_value": 100.0,
        "improvement_ratio": 0.0,
        "gba": 660.0,
        "prop_use": "99",
        "legal": "NCB 16550 BLK     LOT P-12 (33.831 AC) 2009-RESURVEY PER DEED 13437/795 EX 4/8/08",
        "cad_record_url": "",
        "parcel_source": "SARA / Bexar CAD",
        "parcel_snapshot": "2025-12",
        "parcel_freshness": "RECENT",
        "node_id": "INT-009",
        "node_name": "Schuwirth Rd / Loop 1604 East",
        "node_score": 74.8,
        "node_edge_miles": 0.778,
        "dist_score": 66,
        "acre_score": 100,
        "raw_score": 100.0,
        "shape_score": 100,
        "compactness": 0.659,
        "aspect_ratio": 1.13,
        "road_score": 100,
        "frontage_roads": [
          "IH 10",
          "IH 10 E ACCESS RD",
          "IH 10 E",
          "WEICHOLD RD"
        ],
        "frontage_ft_proxy": 8226.0,
        "corner_signal": "STRONG",
        "major_road_signal": true,
        "mtp_row_flag": false,
        "flood_score": 75,
        "flood_pct": 12.1,
        "floodway_pct": 0.0,
        "flood_zones": [
          "AE",
          "X"
        ],
        "flood_confidence": "SCREENED",
        "future_land_use_score": 100,
        "future_land_use": [
          "Regional Commercial / I-10 East Corridor",
          "Community Commercial / I-10 East Corridor"
        ],
        "aadt": 14990,
        "aadt_5yr_growth_pct": 923.9,
        "aadt_station_miles": 0.3,
        "aadt_route": "IH 10",
        "nearest_retail_catalyst": "I-10 / Loop 1604 East H-E-B",
        "retail_catalyst_miles": 3.46,
        "future_residential_lots_nearby": 5845.3,
        "recent_housing_units_180d": 0,
        "utility_confidence": "UNKNOWN",
        "utility_provider": "SAWS",
        "utility_distance_ft": null,
        "utility_snapshot": "2021-07-21",
        "utility_context": "No mapped sewer feature returned near parcel",
        "assessed_value_per_acre": 50128.0,
        "land_value_per_acre": 50125.0,
        "parcel_opportunity_score": 77.0,
        "parcel_execution_score": 80.2,
        "parcel_fit_score": 100.0,
        "acquisition_complexity_score": 94.4,
        "utility_score": 20,
        "confidence_score": 45,
        "node_confidence_score": 94,
        "node_class": "EMERGING NODE",
        "node_evidence_model": "Bexar detailed growth + statewide road/traffic evidence",
        "node_component_scores": {
          "residential_growth": 72.6,
          "intersection_network": 88,
          "retail_catalyst": 50,
          "traffic": 89.1,
          "timing": 65.3
        },
        "parcel_component_scores": {
          "frontage_access": 100,
          "size_shape": 100.0,
          "utilities": 20,
          "flood": 75,
          "acquisition": 94.4
        },
        "acquisition_category": "EARLY SPECULATION",
        "decision_summary": "Interesting node/parcel thesis, but data freshness or execution certainty is not strong enough for active pursuit.",
        "main_risks": [
          "not on the immediate intersection",
          "mapped sewer path is unverified",
          "12.1% mapped SFHA overlap",
          "important diligence data is incomplete"
        ],
        "usable_acres_proxy": 29.74,
        "eligible": true,
        "why_this_tract": "corner exposure on a major road \u00b7 within 1 mile of the node \u00b7 5845 weighted future residential lots \u00b7 mostly raw / low-improvement land \u00b7 12.1% mapped FEMA SFHA overlap",
        "verification_notes": "Frontage is a GIS proximity proxy, not legal access. Sewer distance is a mapped-line proxy, not a capacity commitment. Confirm current title/CAD, survey, curb access, median/turn movements, ROW, flood and provider capacity."
      }
    },
    {
      "type": "Feature",
      "geometry": {
        "type": "Polygon",
        "coordinates": [
          [
            [
              -98.23172157469153,
              29.485736241398588
            ],
            [
              -98.23175724015401,
              29.485830062873934
            ],
            [
              -98.23248285747363,
              29.48774183100052
            ],
            [
              -98.23330868657756,
              29.487347207939745
            ],
            [
              -98.2327025234029,
              29.48554998979952
            ],
            [
              -98.23268075314797,
              29.485480888628917
            ],
            [
              -98.23261685391488,
              29.485492706595537
            ],
            [
              -98.23260086100316,
              29.485495668197018
            ],
            [
              -98.23258487222238,
              29.485498628917973
            ],
            [
              -98.23256887930883,
              29.485501590515604
            ],
            [
              -98.2325529194013,
              29.48550455139852
            ],
            [
              -98.2325369316422,
              29.48550751302189
            ],
            [
              -98.23247300251678,
              29.48551932443219
            ],
            [
              -98.2324490490341,
              29.485523793180896
            ],
            [
              -98.2324250926315,
              29.48552823844857
            ],
            [
              -98.23240909971551,
              29.485531199124736
            ],
            [
              -98.23239310988555,
              29.485534160719098
            ],
            [
              -98.23238426542933,
              29.485535814392005
            ],
            [
              -98.23237538713767,
              29.48553744170297
            ],
            [
              -98.23236651791046,
              29.485539097939345
            ],
            [
              -98.23234879002489,
              29.485542376183243
            ],
            [
              -98.23233991152907,
              29.485544030559996
            ],
            [
              -98.23231331749308,
              29.48554896685553
            ],
            [
              -98.23227783650353,
              29.485555584539167
            ],
            [
              -98.23225123940163,
              29.485560516293187
            ],
            [
              -98.23172157469153,
              29.485736241398588
            ]
          ]
        ]
      },
      "properties": {
        "candidate_id": "Bexar:339369",
        "county": "Bexar",
        "prop_id": "339369",
        "owner": "JUST ED & MICHELLE",
        "situs": "12735  INTERSTATE 10 E",
        "acres": 5.01,
        "reported_acres": 5.01,
        "geometry_acres": 5.23,
        "acres_source": "REPORTED",
        "land_value": 425810.0,
        "assessed_value": 477180.0,
        "improvement_value": 51370.0,
        "improvement_ratio": 0.108,
        "gba": 1400.0,
        "prop_use": "362",
        "legal": "CB 5193 P-23A ABS 5",
        "cad_record_url": "",
        "parcel_source": "SARA / Bexar CAD",
        "parcel_snapshot": "2025-12",
        "parcel_freshness": "RECENT",
        "node_id": "INT-006",
        "node_name": "FM 1518 / I-10",
        "node_score": 73.6,
        "node_edge_miles": 0.509,
        "dist_score": 78,
        "acre_score": 100,
        "raw_score": 86.6,
        "shape_score": 100,
        "compactness": 0.652,
        "aspect_ratio": 2.43,
        "road_score": 100,
        "frontage_roads": [
          "IH 10",
          "IH 10 E ACCESS RD"
        ],
        "frontage_ft_proxy": 532.0,
        "corner_signal": "STRONG",
        "major_road_signal": true,
        "mtp_row_flag": false,
        "flood_score": 100,
        "flood_pct": 0.0,
        "floodway_pct": 0.0,
        "flood_zones": [
          "X"
        ],
        "flood_confidence": "SCREENED",
        "future_land_use_score": 55,
        "future_land_use": [],
        "aadt": 10714,
        "aadt_5yr_growth_pct": 33.6,
        "aadt_station_miles": 0.49,
        "aadt_route": "FM 1518",
        "nearest_retail_catalyst": "I-10 / Loop 1604 East H-E-B",
        "retail_catalyst_miles": 5.14,
        "future_residential_lots_nearby": 4498.5,
        "recent_housing_units_180d": 0,
        "utility_confidence": "UNKNOWN",
        "utility_provider": "SAWS",
        "utility_distance_ft": null,
        "utility_snapshot": "2021-07-21",
        "utility_context": "No mapped sewer feature returned near parcel",
        "assessed_value_per_acre": 95246.0,
        "land_value_per_acre": 84992.0,
        "parcel_opportunity_score": 77.0,
        "parcel_execution_score": 82.1,
        "parcel_fit_score": 100.0,
        "acquisition_complexity_score": 84.8,
        "utility_score": 20,
        "confidence_score": 45,
        "node_confidence_score": 94,
        "node_class": "EMERGING NODE",
        "node_evidence_model": "Bexar detailed growth + statewide road/traffic evidence",
        "node_component_scores": {
          "residential_growth": 65.2,
          "intersection_network": 100,
          "retail_catalyst": 50,
          "traffic": 77.0,
          "timing": 68.5
        },
        "parcel_component_scores": {
          "frontage_access": 100,
          "size_shape": 100.0,
          "utilities": 20,
          "flood": 100,
          "acquisition": 84.8
        },
        "acquisition_category": "EARLY SPECULATION",
        "decision_summary": "Interesting node/parcel thesis, but data freshness or execution certainty is not strong enough for active pursuit.",
        "main_risks": [
          "not on the immediate intersection",
          "mapped sewer path is unverified",
          "important diligence data is incomplete"
        ],
        "usable_acres_proxy": 5.01,
        "eligible": true,
        "why_this_tract": "corner exposure on a major road \u00b7 within 1 mile of the node \u00b7 4498 weighted future residential lots \u00b7 mostly raw / low-improvement land \u00b7 no mapped FEMA SFHA overlap returned",
        "verification_notes": "Frontage is a GIS proximity proxy, not legal access. Sewer distance is a mapped-line proxy, not a capacity commitment. Confirm current title/CAD, survey, curb access, median/turn movements, ROW, flood and provider capacity."
      }
    },
    {
      "type": "Feature",
      "geometry": {
        "type": "Polygon",
        "coordinates": [
          [
            [
              -98.76571916347653,
              29.379344364692063
            ],
            [
              -98.76572492566943,
              29.380363587778383
            ],
            [
              -98.76821267858939,
              29.380337249945136
            ],
            [
              -98.77578379551919,
              29.380240622988417
            ],
            [
              -98.77581833046892,
              29.374217455194486
            ],
            [
              -98.77423519872289,
              29.374671480381018
            ],
            [
              -98.77361105988984,
              29.37485047059607
            ],
            [
              -98.77268373277892,
              29.374996846886212
            ],
            [
              -98.77204303431375,
              29.375079140680768
            ],
            [
              -98.76866543075052,
              29.375689398279242
            ],
            [
              -98.76865211032099,
              29.375691805121683
            ],
            [
              -98.76820562567212,
              29.375772469686392
            ],
            [
              -98.76766570586126,
              29.376000125285383
            ],
            [
              -98.76711598055735,
              29.37640898699485
            ],
            [
              -98.76684240509039,
              29.37671023937939
            ],
            [
              -98.76660964239998,
              29.376966536357692
            ],
            [
              -98.76632890889455,
              29.37744679167265
            ],
            [
              -98.76613157471378,
              29.378066309717138
            ],
            [
              -98.76571916347653,
              29.379344364692063
            ]
          ],
          [
            [
              -98.77130195543543,
              29.37915902624567
            ],
            [
              -98.77130440292711,
              29.37915883596422
            ],
            [
              -98.7713068470513,
              29.379159065484274
            ],
            [
              -98.77130921632885,
              29.379159708093454
            ],
            [
              -98.77131144146942,
              29.37916074499844
            ],
            [
              -98.77131345739811,
              29.379162145874627
            ],
            [
              -98.77131520515842,
              29.379163869752936
            ],
            [
              -98.77131663363656,
              29.379165866218003
            ],
            [
              -98.77131770105623,
              29.379168076882564
            ],
            [
              -98.7713183762004,
              29.379170437095038
            ],
            [
              -98.77131863932425,
              29.379172877830253
            ],
            [
              -98.77131848273265,
              29.379175327708133
            ],
            [
              -98.77131831661468,
              29.379175903097256
            ],
            [
              -98.7713181401967,
              29.379176477566396
            ],
            [
              -98.7713173262593,
              29.37917832607486
            ],
            [
              -98.77131624552094,
              29.37918003238148
            ],
            [
              -98.7713149221965,
              29.379181558255024
            ],
            [
              -98.77131338593615,
              29.37918286950702
            ],
            [
              -98.77131210038725,
              29.379183724499537
            ],
            [
              -98.77131077084978,
              29.37918444046102
            ],
            [
              -98.77130809769848,
              29.379185447516026
            ],
            [
              -98.7713052938827,
              29.37918599388103
            ],
            [
              -98.77130303200401,
              29.379186097497616
            ],
            [
              -98.77130077557582,
              29.379185909445948
            ],
            [
              -98.77130070141317,
              29.37918590390508
            ],
            [
              -98.77130046456683,
              29.379185858383916
            ],
            [
              -98.77129776680631,
              29.379185179612954
            ],
            [
              -98.77129522370147,
              29.379184052111466
            ],
            [
              -98.77129290928393,
              29.379182508701835
            ],
            [
              -98.77129241157549,
              29.37918210000534
            ],
            [
              -98.7712908503627,
              29.379180483572668
            ],
            [
              -98.77128958977939,
              29.37917862315077
            ],
            [
              -98.77128866724406,
              29.379176573963484
            ],
            [
              -98.77128811014082,
              29.379174396837872
            ],
            [
              -98.77128797202084,
              29.379173044941304
            ],
            [
              -98.77128799795254,
              29.379171690354607
            ],
            [
              -98.77128817687435,
              29.379170347386044
            ],
            [
              -98.7712885241117,
              29.37916893767067
            ],
            [
              -98.77128918925642,
              29.379167257806902
            ],
            [
              -98.7712904096374,
              29.379165237673057
            ],
            [
              -98.77129195262805,
              29.37916345176982
            ],
            [
              -98.77129377420096,
              29.379161951055792
            ],
            [
              -98.77129512695502,
              29.379161098188675
            ],
            [
              -98.77129655823049,
              29.379160384903034
            ],
            [
              -98.77129804214374,
              29.379159815626434
            ],
            [
              -98.77129957278673,
              29.37915938760021
            ],
            [
              -98.7713002303775,
              29.379159245259242
            ],
            [
              -98.77130195543543,
              29.37915902624567
            ]
          ]
        ]
      },
      "properties": {
        "candidate_id": "Bexar:192457",
        "county": "Bexar",
        "prop_id": "192457",
        "owner": "CUMBERLAND 90 LTD",
        "situs": "13901 W US HIGHWAY 90",
        "acres": 121.8,
        "reported_acres": 121.8,
        "geometry_acres": 128.16,
        "acres_source": "REPORTED",
        "land_value": 12659920.0,
        "assessed_value": 12659920.0,
        "improvement_value": 0.0,
        "improvement_ratio": 0.0,
        "gba": 0.0,
        "prop_use": "99",
        "legal": "CB 4325  ABS 992  P-1 (2.0 AC), P-2 (6.7704 AC), P-4 (1.8726 AC), P-5B (9.7585 AC) & P-9  (106.758 AC)  RE: 04325-000-0013 2007 RESURVEY PER DEED 12441/1302 EXE 10-2-06.",
        "cad_record_url": "",
        "parcel_source": "SARA / Bexar CAD",
        "parcel_snapshot": "2025-12",
        "parcel_freshness": "RECENT",
        "node_id": "INT-004",
        "node_name": "US 90 / SH 211",
        "node_score": 70.8,
        "node_edge_miles": 0.161,
        "dist_score": 97,
        "acre_score": 80,
        "raw_score": 100,
        "shape_score": 100,
        "compactness": 0.718,
        "aspect_ratio": 1.48,
        "road_score": 90,
        "frontage_roads": [
          "STATE HWY 211 ACCESS RD",
          "US 90",
          "US HWY 90 W"
        ],
        "frontage_ft_proxy": 2658.0,
        "corner_signal": "NO",
        "major_road_signal": true,
        "mtp_row_flag": false,
        "flood_score": 75,
        "flood_pct": 0.6,
        "floodway_pct": 0.0,
        "flood_zones": [
          "A",
          "X"
        ],
        "flood_confidence": "SCREENED",
        "future_land_use_score": 55,
        "future_land_use": [],
        "aadt": 31270,
        "aadt_5yr_growth_pct": 0,
        "aadt_station_miles": 0.25,
        "aadt_route": "SH 211",
        "nearest_retail_catalyst": "Culebra / SH 211 H-E-B",
        "retail_catalyst_miles": 10.28,
        "future_residential_lots_nearby": 11075.5,
        "recent_housing_units_180d": 0,
        "utility_confidence": "PROXY",
        "utility_provider": "SAWS",
        "utility_distance_ft": 587.0,
        "utility_snapshot": "2021-07-21",
        "utility_context": "SAWS feature approximately 587 ft from parcel; capacity NOT verified",
        "assessed_value_per_acre": 103940.0,
        "land_value_per_acre": 103940.0,
        "parcel_opportunity_score": 76.9,
        "parcel_execution_score": 86.0,
        "parcel_fit_score": 87.6,
        "acquisition_complexity_score": 90.2,
        "utility_score": 82,
        "confidence_score": 45,
        "node_confidence_score": 100,
        "node_class": "EMERGING NODE",
        "node_evidence_model": "Bexar detailed growth + statewide road/traffic evidence",
        "node_component_scores": {
          "residential_growth": 86.1,
          "intersection_network": 100,
          "retail_catalyst": 28,
          "traffic": 40.2,
          "timing": 68.4
        },
        "parcel_component_scores": {
          "frontage_access": 90,
          "size_shape": 87.6,
          "utilities": 82,
          "flood": 75,
          "acquisition": 90.2
        },
        "acquisition_category": "EARLY SPECULATION",
        "decision_summary": "Interesting node/parcel thesis, but data freshness or execution certainty is not strong enough for active pursuit.",
        "main_risks": [
          "utility capacity is unverified",
          "0.6% mapped SFHA overlap",
          "important diligence data is incomplete"
        ],
        "usable_acres_proxy": 121.07,
        "eligible": true,
        "why_this_tract": "major-road frontage \u00b7 within \u00bc mile of the node \u00b7 11075 weighted future residential lots \u00b7 mapped SAWS feature ~587 ft from parcel \u00b7 mostly raw / low-improvement land",
        "verification_notes": "Frontage is a GIS proximity proxy, not legal access. Sewer distance is a mapped-line proxy, not a capacity commitment. Confirm current title/CAD, survey, curb access, median/turn movements, ROW, flood and provider capacity."
      }
    },
    {
      "type": "Feature",
      "geometry": {
        "type": "Polygon",
        "coordinates": [
          [
            [
              -98.28255749066295,
              29.468834828737094
            ],
            [
              -98.28239609103485,
              29.469022489186237
            ],
            [
              -98.28227667123613,
              29.469160905710485
            ],
            [
              -98.28225602270545,
              29.469622277953334
            ],
            [
              -98.28220177966509,
              29.47083425242802
            ],
            [
              -98.28229227774534,
              29.470919921953723
            ],
            [
              -98.28243497909595,
              29.470924842439754
            ],
            [
              -98.28475139377399,
              29.470175800628265
            ],
            [
              -98.28667941535453,
              29.469552311486733
            ],
            [
              -98.2870742159722,
              29.469424951911925
            ],
            [
              -98.28726137695604,
              29.46936457412728
            ],
            [
              -98.28711897529601,
              29.4692929354327
            ],
            [
              -98.28511815469285,
              29.468286349671406
            ],
            [
              -98.28398531877792,
              29.468651832346346
            ],
            [
              -98.28388203966385,
              29.468406694144075
            ],
            [
              -98.28255749066295,
              29.468834828737094
            ]
          ]
        ]
      },
      "properties": {
        "candidate_id": "Bexar:1414977",
        "county": "Bexar",
        "prop_id": "1414977",
        "owner": "C5LC AT INTERSTATE 10 LLC",
        "situs": "SCENIC LAKE DR",
        "acres": 19.71,
        "reported_acres": 19.71,
        "geometry_acres": 19.71,
        "acres_source": "REPORTED",
        "land_value": 1131120.0,
        "assessed_value": 1131120.0,
        "improvement_value": 0.0,
        "improvement_ratio": 0.0,
        "gba": 0.0,
        "prop_use": "99",
        "legal": "CB 5089B (CORE5 LOGISTICS CENTER AT INTERSTATE 10), BLOCK 1 LOT 5 2024 NEW ACCT PER PLAT 20003/797-807",
        "cad_record_url": "",
        "parcel_source": "SARA / Bexar CAD",
        "parcel_snapshot": "2025-12",
        "parcel_freshness": "RECENT",
        "node_id": "INT-009",
        "node_name": "Schuwirth Rd / Loop 1604 East",
        "node_score": 74.8,
        "node_edge_miles": 0.863,
        "dist_score": 66,
        "acre_score": 100,
        "raw_score": 100,
        "shape_score": 98.0,
        "compactness": 0.612,
        "aspect_ratio": 2.42,
        "road_score": 90,
        "frontage_roads": [
          "IH 10 E ACCESS RD",
          "IH 10",
          "SCENIC LAKE DR"
        ],
        "frontage_ft_proxy": 1328.0,
        "corner_signal": "NO",
        "major_road_signal": true,
        "mtp_row_flag": false,
        "flood_score": 100,
        "flood_pct": 0.0,
        "floodway_pct": 0.0,
        "flood_zones": [
          "X"
        ],
        "flood_confidence": "SCREENED",
        "future_land_use_score": 100,
        "future_land_use": [
          "Regional Commercial / I-10 East Corridor"
        ],
        "aadt": 5827,
        "aadt_5yr_growth_pct": 1139.8,
        "aadt_station_miles": 0.15,
        "aadt_route": "IH 10",
        "nearest_retail_catalyst": "I-10 / Loop 1604 East H-E-B",
        "retail_catalyst_miles": 3.5,
        "future_residential_lots_nearby": 5845.3,
        "recent_housing_units_180d": 0,
        "utility_confidence": "UNKNOWN",
        "utility_provider": "SAWS",
        "utility_distance_ft": null,
        "utility_snapshot": "2021-07-21",
        "utility_context": "No mapped sewer feature returned near parcel",
        "assessed_value_per_acre": 57388.0,
        "land_value_per_acre": 57388.0,
        "parcel_opportunity_score": 76.9,
        "parcel_execution_score": 80.1,
        "parcel_fit_score": 99.2,
        "acquisition_complexity_score": 94.4,
        "utility_score": 20,
        "confidence_score": 45,
        "node_confidence_score": 94,
        "node_class": "EMERGING NODE",
        "node_evidence_model": "Bexar detailed growth + statewide road/traffic evidence",
        "node_component_scores": {
          "residential_growth": 72.6,
          "intersection_network": 88,
          "retail_catalyst": 50,
          "traffic": 89.1,
          "timing": 65.3
        },
        "parcel_component_scores": {
          "frontage_access": 90,
          "size_shape": 99.2,
          "utilities": 20,
          "flood": 100,
          "acquisition": 94.4
        },
        "acquisition_category": "EARLY SPECULATION",
        "decision_summary": "Interesting node/parcel thesis, but data freshness or execution certainty is not strong enough for active pursuit.",
        "main_risks": [
          "not on the immediate intersection",
          "mapped sewer path is unverified",
          "important diligence data is incomplete"
        ],
        "usable_acres_proxy": 19.71,
        "eligible": true,
        "why_this_tract": "major-road frontage \u00b7 within 1 mile of the node \u00b7 5845 weighted future residential lots \u00b7 mostly raw / low-improvement land \u00b7 no mapped FEMA SFHA overlap returned",
        "verification_notes": "Frontage is a GIS proximity proxy, not legal access. Sewer distance is a mapped-line proxy, not a capacity commitment. Confirm current title/CAD, survey, curb access, median/turn movements, ROW, flood and provider capacity."
      }
    },
    {
      "type": "Feature",
      "geometry": {
        "type": "Polygon",
        "coordinates": [
          [
            [
              -98.31659737470795,
              29.45412488524175
            ],
            [
              -98.31659151072549,
              29.45414307202013
            ],
            [
              -98.3181335905318,
              29.45452570327137
            ],
            [
              -98.31839627149795,
              29.454590879245146
            ],
            [
              -98.31856480022782,
              29.454067915386357
            ],
            [
              -98.31857877517513,
              29.45402454847354
            ],
            [
              -98.31865735476629,
              29.45378068892183
            ],
            [
              -98.31830498699917,
              29.45369370633619
            ],
            [
              -98.31737571621721,
              29.45346432017272
            ],
            [
              -98.31685208125558,
              29.45333506064736
            ],
            [
              -98.31659737470795,
              29.45412488524175
            ]
          ]
        ]
      },
      "properties": {
        "candidate_id": "Bexar:1437714",
        "county": "Bexar",
        "prop_id": "1437714",
        "owner": "1516 DEVELOPMENT GROUP LLC",
        "situs": "N FM 1516",
        "acres": 4.19,
        "reported_acres": 4.19,
        "geometry_acres": 4.19,
        "acres_source": "REPORTED",
        "land_value": 487200.0,
        "assessed_value": 487200.0,
        "improvement_value": 0.0,
        "improvement_ratio": 0.0,
        "gba": 0.0,
        "prop_use": "99",
        "legal": "CB 5101 (FM 1516 INDUSTRIAL), BLOCK 1 LOT 9 2025-NEW PER PLAT 20003/1914 FILED 7-26-24",
        "cad_record_url": "",
        "parcel_source": "SARA / Bexar CAD",
        "parcel_snapshot": "2025-12",
        "parcel_freshness": "RECENT",
        "node_id": "INT-010",
        "node_name": "FM 1516 / I-10 East",
        "node_score": 77.6,
        "node_edge_miles": 0.299,
        "dist_score": 90,
        "acre_score": 86,
        "raw_score": 100,
        "shape_score": 100,
        "compactness": 0.704,
        "aspect_ratio": 1.95,
        "road_score": 84,
        "frontage_roads": [
          "FM 1516 N",
          "FM 1516"
        ],
        "frontage_ft_proxy": 0.0,
        "corner_signal": "NO",
        "major_road_signal": true,
        "mtp_row_flag": true,
        "flood_score": 100,
        "flood_pct": 0.0,
        "floodway_pct": 0.0,
        "flood_zones": [
          "X"
        ],
        "flood_confidence": "SCREENED",
        "future_land_use_score": 55,
        "future_land_use": [
          "Urban Living / I-10 East Corridor"
        ],
        "aadt": 5051,
        "aadt_5yr_growth_pct": 33.5,
        "aadt_station_miles": 0.06,
        "aadt_route": "FM 1516",
        "nearest_retail_catalyst": "H-E-B Foster campus",
        "retail_catalyst_miles": 3.51,
        "future_residential_lots_nearby": 4214.4,
        "recent_housing_units_180d": 0,
        "utility_confidence": "UNKNOWN",
        "utility_provider": "SAWS",
        "utility_distance_ft": null,
        "utility_snapshot": "2021-07-21",
        "utility_context": "No mapped sewer feature returned near parcel",
        "assessed_value_per_acre": 116277.0,
        "land_value_per_acre": 116277.0,
        "parcel_opportunity_score": 76.9,
        "parcel_execution_score": 75.8,
        "parcel_fit_score": 91.3,
        "acquisition_complexity_score": 90.2,
        "utility_score": 20,
        "confidence_score": 45,
        "node_confidence_score": 94,
        "node_class": "PRIORITY NODE",
        "node_evidence_model": "Bexar detailed growth + statewide road/traffic evidence",
        "node_component_scores": {
          "residential_growth": 62.7,
          "intersection_network": 100,
          "retail_catalyst": 72,
          "traffic": 89.1,
          "timing": 57.6
        },
        "parcel_component_scores": {
          "frontage_access": 84,
          "size_shape": 91.3,
          "utilities": 20,
          "flood": 100,
          "acquisition": 90.2
        },
        "acquisition_category": "EARLY SPECULATION",
        "decision_summary": "Interesting node/parcel thesis, but data freshness or execution certainty is not strong enough for active pursuit.",
        "main_risks": [
          "limited frontage proxy",
          "mapped sewer path is unverified",
          "important diligence data is incomplete"
        ],
        "usable_acres_proxy": 4.19,
        "eligible": true,
        "why_this_tract": "major-road frontage \u00b7 within \u00bd mile of the node \u00b7 4214 weighted future residential lots \u00b7 mostly raw / low-improvement land \u00b7 no mapped FEMA SFHA overlap returned",
        "verification_notes": "Frontage is a GIS proximity proxy, not legal access. Sewer distance is a mapped-line proxy, not a capacity commitment. Confirm current title/CAD, survey, curb access, median/turn movements, ROW, flood and provider capacity."
      }
    },
    {
      "type": "Feature",
      "geometry": {
        "type": "Polygon",
        "coordinates": [
          [
            [
              -98.31704197353764,
              29.452746702646312
            ],
            [
              -98.31685208125558,
              29.45333506064736
            ],
            [
              -98.31737571621721,
              29.45346432017272
            ],
            [
              -98.31830498699917,
              29.45369370633619
            ],
            [
              -98.31865735476629,
              29.45378068892183
            ],
            [
              -98.31891763568626,
              29.452973014054127
            ],
            [
              -98.31763998857163,
              29.452657339408844
            ],
            [
              -98.31722407913988,
              29.45255457554022
            ],
            [
              -98.31722406862596,
              29.4525546061651
            ],
            [
              -98.3171126508007,
              29.452527043246953
            ],
            [
              -98.31704197353764,
              29.452746702646312
            ]
          ]
        ]
      },
      "properties": {
        "candidate_id": "Bexar:1437715",
        "county": "Bexar",
        "prop_id": "1437715",
        "owner": "1516 DEVELOPMENT GROUP LLC",
        "situs": "N FM 1516",
        "acres": 4.18,
        "reported_acres": 4.18,
        "geometry_acres": 4.18,
        "acres_source": "REPORTED",
        "land_value": 486390.0,
        "assessed_value": 486390.0,
        "improvement_value": 0.0,
        "improvement_ratio": 0.0,
        "gba": 0.0,
        "prop_use": "99",
        "legal": "CB 5101 (FM 1516 INDUSTRIAL), BLOCK 1 LOT 10 2025-NEW PER PLAT 20003/1914 FILED 7-26-24",
        "cad_record_url": "",
        "parcel_source": "SARA / Bexar CAD",
        "parcel_snapshot": "2025-12",
        "parcel_freshness": "RECENT",
        "node_id": "INT-010",
        "node_name": "FM 1516 / I-10 East",
        "node_score": 77.6,
        "node_edge_miles": 0.357,
        "dist_score": 90,
        "acre_score": 86,
        "raw_score": 100,
        "shape_score": 100,
        "compactness": 0.703,
        "aspect_ratio": 1.96,
        "road_score": 84,
        "frontage_roads": [
          "FM 1516 N",
          "FM 1516"
        ],
        "frontage_ft_proxy": 0.0,
        "corner_signal": "NO",
        "major_road_signal": true,
        "mtp_row_flag": true,
        "flood_score": 100,
        "flood_pct": 0.0,
        "floodway_pct": 0.0,
        "flood_zones": [
          "X"
        ],
        "flood_confidence": "SCREENED",
        "future_land_use_score": 55,
        "future_land_use": [
          "Urban Living / I-10 East Corridor"
        ],
        "aadt": 5051,
        "aadt_5yr_growth_pct": 33.5,
        "aadt_station_miles": 0.12,
        "aadt_route": "FM 1516",
        "nearest_retail_catalyst": "H-E-B Foster campus",
        "retail_catalyst_miles": 3.46,
        "future_residential_lots_nearby": 4214.4,
        "recent_housing_units_180d": 0,
        "utility_confidence": "UNKNOWN",
        "utility_provider": "SAWS",
        "utility_distance_ft": null,
        "utility_snapshot": "2021-07-21",
        "utility_context": "No mapped sewer feature returned near parcel",
        "assessed_value_per_acre": 116361.0,
        "land_value_per_acre": 116361.0,
        "parcel_opportunity_score": 76.9,
        "parcel_execution_score": 75.8,
        "parcel_fit_score": 91.3,
        "acquisition_complexity_score": 90.2,
        "utility_score": 20,
        "confidence_score": 45,
        "node_confidence_score": 94,
        "node_class": "PRIORITY NODE",
        "node_evidence_model": "Bexar detailed growth + statewide road/traffic evidence",
        "node_component_scores": {
          "residential_growth": 62.7,
          "intersection_network": 100,
          "retail_catalyst": 72,
          "traffic": 89.1,
          "timing": 57.6
        },
        "parcel_component_scores": {
          "frontage_access": 84,
          "size_shape": 91.3,
          "utilities": 20,
          "flood": 100,
          "acquisition": 90.2
        },
        "acquisition_category": "EARLY SPECULATION",
        "decision_summary": "Interesting node/parcel thesis, but data freshness or execution certainty is not strong enough for active pursuit.",
        "main_risks": [
          "limited frontage proxy",
          "mapped sewer path is unverified",
          "important diligence data is incomplete"
        ],
        "usable_acres_proxy": 4.18,
        "eligible": true,
        "why_this_tract": "major-road frontage \u00b7 within \u00bd mile of the node \u00b7 4214 weighted future residential lots \u00b7 mostly raw / low-improvement land \u00b7 no mapped FEMA SFHA overlap returned",
        "verification_notes": "Frontage is a GIS proximity proxy, not legal access. Sewer distance is a mapped-line proxy, not a capacity commitment. Confirm current title/CAD, survey, curb access, median/turn movements, ROW, flood and provider capacity."
      }
    },
    {
      "type": "Feature",
      "geometry": {
        "type": "Polygon",
        "coordinates": [
          [
            [
              -98.73637759826251,
              29.418457974180853
            ],
            [
              -98.7364002653,
              29.418572895783967
            ],
            [
              -98.73648213084383,
              29.419114934314894
            ],
            [
              -98.73652339267247,
              29.419114824419026
            ],
            [
              -98.73657735176953,
              29.41911466014758
            ],
            [
              -98.73942831499457,
              29.419106431315356
            ],
            [
              -98.73940792632892,
              29.418458159063114
            ],
            [
              -98.73637759826251,
              29.418457974180853
            ]
          ]
        ]
      },
      "properties": {
        "candidate_id": "Bexar:201291",
        "county": "Bexar",
        "prop_id": "201291",
        "owner": "LIA PASQUALE & CINZIA & ROSETTA",
        "situs": "1365  GROSENBACHER RD",
        "acres": 5.0,
        "reported_acres": 5.0,
        "geometry_acres": 5.18,
        "acres_source": "REPORTED",
        "land_value": 315000.0,
        "assessed_value": 317800.0,
        "improvement_value": 2800.0,
        "improvement_ratio": 0.009,
        "gba": 0.0,
        "prop_use": "2",
        "legal": "CB 4352  P-7 ABS 1021   REFER TO 81300-007-1021 & 81300-010-0070",
        "cad_record_url": "",
        "parcel_source": "SARA / Bexar CAD",
        "parcel_snapshot": "2025-12",
        "parcel_freshness": "RECENT",
        "node_id": "INT-024",
        "node_name": "Talley Rd / Potranco Rd",
        "node_score": 70.7,
        "node_edge_miles": 0.413,
        "dist_score": 90,
        "acre_score": 100,
        "raw_score": 98.9,
        "shape_score": 80.1,
        "compactness": 0.501,
        "aspect_ratio": 4.06,
        "road_score": 90,
        "frontage_roads": [
          "GROSENBACHER RD"
        ],
        "frontage_ft_proxy": 860.0,
        "corner_signal": "NO",
        "major_road_signal": true,
        "mtp_row_flag": true,
        "flood_score": 30,
        "flood_pct": 64.2,
        "floodway_pct": 0.0,
        "flood_zones": [
          "A",
          "AE",
          "X"
        ],
        "flood_confidence": "SCREENED",
        "future_land_use_score": 55,
        "future_land_use": [
          "Suburban Tier / West"
        ],
        "aadt": 4789,
        "aadt_5yr_growth_pct": 0,
        "aadt_station_miles": 0.63,
        "aadt_route": "GROSENBACHER RD",
        "nearest_retail_catalyst": "Culebra / SH 211 H-E-B",
        "retail_catalyst_miles": 8.25,
        "future_residential_lots_nearby": 11355.8,
        "recent_housing_units_180d": 0,
        "utility_confidence": "PROXY",
        "utility_provider": "SAWS",
        "utility_distance_ft": 0.0,
        "utility_snapshot": "2021-07-21",
        "utility_context": "SAWS feature approximately 0 ft from parcel; capacity NOT verified",
        "assessed_value_per_acre": 63560.0,
        "land_value_per_acre": 63000.0,
        "parcel_opportunity_score": 76.7,
        "parcel_execution_score": 85.6,
        "parcel_fit_score": 92.4,
        "acquisition_complexity_score": 93.6,
        "utility_score": 100,
        "confidence_score": 45,
        "node_confidence_score": 100,
        "node_class": "EMERGING NODE",
        "node_evidence_model": "Bexar detailed growth + statewide road/traffic evidence",
        "node_component_scores": {
          "residential_growth": 85.6,
          "intersection_network": 94,
          "retail_catalyst": 28,
          "traffic": 51.5,
          "timing": 65.6
        },
        "parcel_component_scores": {
          "frontage_access": 90,
          "size_shape": 92.4,
          "utilities": 100,
          "flood": 30,
          "acquisition": 93.6
        },
        "acquisition_category": "REVIEW",
        "decision_summary": "Does not currently clear the acquisition-mode highlight standard.",
        "main_risks": [
          "utility capacity is unverified",
          "64.2% mapped SFHA overlap",
          "important diligence data is incomplete"
        ],
        "usable_acres_proxy": 1.79,
        "eligible": false,
        "why_this_tract": "major-road frontage \u00b7 within \u00bd mile of the node \u00b7 11355 weighted future residential lots \u00b7 mapped SAWS feature ~0 ft from parcel \u00b7 mostly raw / low-improvement land",
        "verification_notes": "Frontage is a GIS proximity proxy, not legal access. Sewer distance is a mapped-line proxy, not a capacity commitment. Confirm current title/CAD, survey, curb access, median/turn movements, ROW, flood and provider capacity."
      }
    },
    {
      "type": "Feature",
      "geometry": {
        "type": "Polygon",
        "coordinates": [
          [
            [
              -98.30055556505826,
              29.459246884711035
            ],
            [
              -98.30051694349928,
              29.45936593835375
            ],
            [
              -98.30047832081941,
              29.45948499197722
            ],
            [
              -98.3004396990807,
              29.459604045592265
            ],
            [
              -98.30040107625196,
              29.45972309467674
            ],
            [
              -98.30036245432741,
              29.459842149166416
            ],
            [
              -98.30033849865055,
              29.459915983499286
            ],
            [
              -98.30013546459855,
              29.460588308933854
            ],
            [
              -98.30087306748149,
              29.460773085044064
            ],
            [
              -98.30118317279914,
              29.460850765556255
            ],
            [
              -98.30158797312177,
              29.46095216667152
            ],
            [
              -98.30159236303984,
              29.460953266071535
            ],
            [
              -98.30168654640745,
              29.4609771109772
            ],
            [
              -98.30200686478358,
              29.461060186423072
            ],
            [
              -98.30322536338761,
              29.46136920832932
            ],
            [
              -98.3033390755785,
              29.4613980615557
            ],
            [
              -98.30360406872661,
              29.461465300612367
            ],
            [
              -98.30373337261814,
              29.461498109274643
            ],
            [
              -98.30414048186076,
              29.461601406795012
            ],
            [
              -98.30437476130722,
              29.46166085173383
            ],
            [
              -98.30434289534922,
              29.461754469339557
            ],
            [
              -98.30434212524314,
              29.46175673103325
            ],
            [
              -98.30433813791383,
              29.46176844573163
            ],
            [
              -98.30633592474832,
              29.461245281570115
            ],
            [
              -98.30773511421835,
              29.456932338036747
            ],
            [
              -98.30796894684467,
              29.456211515872127
            ],
            [
              -98.30662099217638,
              29.45587462872613
            ],
            [
              -98.30609764061258,
              29.457478566390055
            ],
            [
              -98.30344763911432,
              29.45681625013012
            ],
            [
              -98.30362744263905,
              29.456265250355887
            ],
            [
              -98.3039709235692,
              29.455212638809382
            ],
            [
              -98.30335919071986,
              29.455054793868868
            ],
            [
              -98.3020263692966,
              29.45471288067682
            ],
            [
              -98.30135373128246,
              29.4567864553456
            ],
            [
              -98.30131081889431,
              29.456918737278503
            ],
            [
              -98.30087311984802,
              29.458268006316075
            ],
            [
              -98.30083020621757,
              29.45840028805787
            ],
            [
              -98.30078729350103,
              29.45853257069028
            ],
            [
              -98.30074867352442,
              29.458651622616806
            ],
            [
              -98.30071005035265,
              29.45877067631783
            ],
            [
              -98.30067143021485,
              29.458889725509874
            ],
            [
              -98.30063280890691,
              29.459008781900923
            ],
            [
              -98.3005941865151,
              29.459127832859057
            ],
            [
              -98.30055556505826,
              29.459246884711035
            ]
          ],
          [
            [
              -98.30206949737219,
              29.45924409877848
            ],
            [
              -98.30206878474112,
              29.459241853304498
            ],
            [
              -98.30206845344742,
              29.45923952087209
            ],
            [
              -98.30206851262287,
              29.45923716577236
            ],
            [
              -98.30206896063635,
              29.459234852921227
            ],
            [
              -98.30206978513883,
              29.459232646070053
            ],
            [
              -98.30207096340374,
              29.459230606048422
            ],
            [
              -98.30207246295342,
              29.459228789087447
            ],
            [
              -98.30207424245434,
              29.45922724526979
            ],
            [
              -98.30207625285635,
              29.459226017149202
            ],
            [
              -98.3020784387448,
              29.459225138577565
            ],
            [
              -98.30208073986792,
              29.459224633771807
            ],
            [
              -98.3020830927976,
              29.45922451664638
            ],
            [
              -98.30208543267776,
              29.45922479042973
            ],
            [
              -98.302087766022,
              29.45922493093543
            ],
            [
              -98.30209004044428,
              29.459225470602377
            ],
            [
              -98.3020921881805,
              29.45922639335172
            ],
            [
              -98.30209414524097,
              29.459227671691064
            ],
            [
              -98.30209585331706,
              29.45922926753357
            ],
            [
              -98.30209726151831,
              29.4592311333327
            ],
            [
              -98.3020983278888,
              29.45923321349884
            ],
            [
              -98.30209902065708,
              29.459235446055512
            ],
            [
              -98.30209931918282,
              29.459237764485923
            ],
            [
              -98.30209921457171,
              29.45924009971476
            ],
            [
              -98.30209870994058,
              29.459242382166202
            ],
            [
              -98.30209782032438,
              29.459244543836903
            ],
            [
              -98.30209657222835,
              29.459246520322036
            ],
            [
              -98.30209449796652,
              29.459248505120406
            ],
            [
              -98.30209211699034,
              29.459250109158777
            ],
            [
              -98.302089498358,
              29.459251285913375
            ],
            [
              -98.30208671802073,
              29.459252001253425
            ],
            [
              -98.30208385661987,
              29.459252234431094
            ],
            [
              -98.30208099714794,
              29.45925197868326
            ],
            [
              -98.3020782225415,
              29.45925124142767
            ],
            [
              -98.30207561327566,
              29.459250044047803
            ],
            [
              -98.30207324503,
              29.45924842127265
            ],
            [
              -98.30207118649348,
              29.45924642016944
            ],
            [
              -98.30206949737219,
              29.45924409877848
            ]
          ]
        ]
      },
      "properties": {
        "candidate_id": "Bexar:619294",
        "county": "Bexar",
        "prop_id": "619294",
        "owner": "LEJESKI RANDALL A",
        "situs": "9441  GREEN RD",
        "acres": 84.18,
        "reported_acres": 84.18,
        "geometry_acres": 86.21,
        "acres_source": "REPORTED",
        "land_value": 3220210.0,
        "assessed_value": 3220210.0,
        "improvement_value": 0.0,
        "improvement_ratio": 0.0,
        "gba": 0.0,
        "prop_use": "9",
        "legal": "NCB 16567   P-21 (17.56AC) CB 5089  P-21 (66.6172AC) REFER TO: 05089-000-0210 2017-PERMANENT EASEMENT PER DEED 18246/1213 EXE 12-06-2016||||",
        "cad_record_url": "",
        "parcel_source": "SARA / Bexar CAD",
        "parcel_snapshot": "2025-12",
        "parcel_freshness": "RECENT",
        "node_id": "INT-010",
        "node_name": "FM 1516 / I-10 East",
        "node_score": 77.6,
        "node_edge_miles": 0.582,
        "dist_score": 78,
        "acre_score": 92,
        "raw_score": 100,
        "shape_score": 84.7,
        "compactness": 0.529,
        "aspect_ratio": 1.15,
        "road_score": 100,
        "frontage_roads": [
          "IH 10 E ACCESS RD",
          "IH 10",
          "BANNING WAY",
          "OSCEOLA AVE"
        ],
        "frontage_ft_proxy": 4179.0,
        "corner_signal": "STRONG",
        "major_road_signal": true,
        "mtp_row_flag": false,
        "flood_score": 55,
        "flood_pct": 39.9,
        "floodway_pct": 0.0,
        "flood_zones": [
          "AE",
          "X"
        ],
        "flood_confidence": "SCREENED",
        "future_land_use_score": 100,
        "future_land_use": [
          "Industrial / I-10 East Corridor",
          "Parks Open Space / I-10 East Corridor",
          "Low Density Residential / I-10 East Corridor"
        ],
        "aadt": 16373,
        "aadt_5yr_growth_pct": 445.4,
        "aadt_station_miles": 0.01,
        "aadt_route": "IH 10",
        "nearest_retail_catalyst": "I-10 / Loop 1604 East H-E-B",
        "retail_catalyst_miles": 3.86,
        "future_residential_lots_nearby": 4214.4,
        "recent_housing_units_180d": 0,
        "utility_confidence": "UNKNOWN",
        "utility_provider": "SAWS",
        "utility_distance_ft": null,
        "utility_snapshot": "2021-07-21",
        "utility_context": "No mapped sewer feature returned near parcel",
        "assessed_value_per_acre": 38254.0,
        "land_value_per_acre": 38254.0,
        "parcel_opportunity_score": 76.7,
        "parcel_execution_score": 75.3,
        "parcel_fit_score": 89.2,
        "acquisition_complexity_score": 97.2,
        "utility_score": 20,
        "confidence_score": 45,
        "node_confidence_score": 94,
        "node_class": "PRIORITY NODE",
        "node_evidence_model": "Bexar detailed growth + statewide road/traffic evidence",
        "node_component_scores": {
          "residential_growth": 62.7,
          "intersection_network": 100,
          "retail_catalyst": 72,
          "traffic": 89.1,
          "timing": 57.6
        },
        "parcel_component_scores": {
          "frontage_access": 100,
          "size_shape": 89.2,
          "utilities": 20,
          "flood": 55,
          "acquisition": 97.2
        },
        "acquisition_category": "EARLY SPECULATION",
        "decision_summary": "Interesting node/parcel thesis, but data freshness or execution certainty is not strong enough for active pursuit.",
        "main_risks": [
          "not on the immediate intersection",
          "mapped sewer path is unverified",
          "39.9% mapped SFHA overlap",
          "important diligence data is incomplete"
        ],
        "usable_acres_proxy": 50.59,
        "eligible": true,
        "why_this_tract": "corner exposure on a major road \u00b7 within 1 mile of the node \u00b7 4214 weighted future residential lots \u00b7 mostly raw / low-improvement land",
        "verification_notes": "Frontage is a GIS proximity proxy, not legal access. Sewer distance is a mapped-line proxy, not a capacity commitment. Confirm current title/CAD, survey, curb access, median/turn movements, ROW, flood and provider capacity."
      }
    },
    {
      "type": "Feature",
      "geometry": {
        "type": "Polygon",
        "coordinates": [
          [
            [
              -98.22220433894817,
              29.492992334541583
            ],
            [
              -98.22000642904264,
              29.489718657105787
            ],
            [
              -98.2195151682396,
              29.489855800204424
            ],
            [
              -98.21906297514819,
              29.490007722203412
            ],
            [
              -98.22136177828841,
              29.493420065176217
            ],
            [
              -98.22220433894817,
              29.492992334541583
            ]
          ]
        ]
      },
      "properties": {
        "candidate_id": "Bexar:340041",
        "county": "Bexar",
        "prop_id": "340041",
        "owner": "SMITH & SONS ENTERPRISES LLC",
        "situs": "13331 E IH 10",
        "acres": 10.0,
        "reported_acres": 10.0,
        "geometry_acres": 10.08,
        "acres_source": "REPORTED",
        "land_value": 600000.0,
        "assessed_value": 600000.0,
        "improvement_value": 0.0,
        "improvement_ratio": 0.0,
        "gba": 0.0,
        "prop_use": "2",
        "legal": "CB 5193  P-392A  ABS 5",
        "cad_record_url": "",
        "parcel_source": "SARA / Bexar CAD",
        "parcel_snapshot": "2025-12",
        "parcel_freshness": "RECENT",
        "node_id": "INT-006",
        "node_name": "FM 1518 / I-10",
        "node_score": 73.6,
        "node_edge_miles": 0.251,
        "dist_score": 90,
        "acre_score": 100,
        "raw_score": 100,
        "shape_score": 74.3,
        "compactness": 0.464,
        "aspect_ratio": 4.62,
        "road_score": 100,
        "frontage_roads": [
          "IH 10",
          "IH 10 E ACCESS RD"
        ],
        "frontage_ft_proxy": 662.0,
        "corner_signal": "STRONG",
        "major_road_signal": true,
        "mtp_row_flag": false,
        "flood_score": 100,
        "flood_pct": 0.0,
        "floodway_pct": 0.0,
        "flood_zones": [
          "X"
        ],
        "flood_confidence": "SCREENED",
        "future_land_use_score": 100,
        "future_land_use": [
          "Community Commercial / I-10 East Corridor",
          "Low Density Residential / I-10 East Corridor"
        ],
        "aadt": 1453,
        "aadt_5yr_growth_pct": 252.7,
        "aadt_station_miles": 0.76,
        "aadt_route": "IH 10",
        "nearest_retail_catalyst": "I-10 / Loop 1604 East H-E-B",
        "retail_catalyst_miles": 5.71,
        "future_residential_lots_nearby": 4498.5,
        "recent_housing_units_180d": 0,
        "utility_confidence": "UNKNOWN",
        "utility_provider": "SAWS",
        "utility_distance_ft": null,
        "utility_snapshot": "2021-07-21",
        "utility_context": "No mapped sewer feature returned near parcel",
        "assessed_value_per_acre": 60000.0,
        "land_value_per_acre": 60000.0,
        "parcel_opportunity_score": 76.5,
        "parcel_execution_score": 80.8,
        "parcel_fit_score": 90.2,
        "acquisition_complexity_score": 94.4,
        "utility_score": 20,
        "confidence_score": 45,
        "node_confidence_score": 94,
        "node_class": "EMERGING NODE",
        "node_evidence_model": "Bexar detailed growth + statewide road/traffic evidence",
        "node_component_scores": {
          "residential_growth": 65.2,
          "intersection_network": 100,
          "retail_catalyst": 50,
          "traffic": 77.0,
          "timing": 68.5
        },
        "parcel_component_scores": {
          "frontage_access": 100,
          "size_shape": 90.2,
          "utilities": 20,
          "flood": 100,
          "acquisition": 94.4
        },
        "acquisition_category": "EARLY SPECULATION",
        "decision_summary": "Interesting node/parcel thesis, but data freshness or execution certainty is not strong enough for active pursuit.",
        "main_risks": [
          "mapped sewer path is unverified",
          "important diligence data is incomplete"
        ],
        "usable_acres_proxy": 10.0,
        "eligible": true,
        "why_this_tract": "corner exposure on a major road \u00b7 within \u00bd mile of the node \u00b7 4498 weighted future residential lots \u00b7 mostly raw / low-improvement land \u00b7 no mapped FEMA SFHA overlap returned",
        "verification_notes": "Frontage is a GIS proximity proxy, not legal access. Sewer distance is a mapped-line proxy, not a capacity commitment. Confirm current title/CAD, survey, curb access, median/turn movements, ROW, flood and provider capacity."
      }
    },
    {
      "type": "Feature",
      "geometry": {
        "type": "Polygon",
        "coordinates": [
          [
            [
              -98.28768057633656,
              29.501652848160028
            ],
            [
              -98.28763902786389,
              29.50190115664933
            ],
            [
              -98.28760125144683,
              29.50210840689889
            ],
            [
              -98.2874830527503,
              29.502612860881854
            ],
            [
              -98.28735923734249,
              29.503018282135617
            ],
            [
              -98.28735264226407,
              29.50303987792304
            ],
            [
              -98.28734678377984,
              29.50305893855211
            ],
            [
              -98.28734530516351,
              29.503063750780125
            ],
            [
              -98.28727507901064,
              29.503292253130173
            ],
            [
              -98.28727507056425,
              29.503292281056602
            ],
            [
              -98.28727456926033,
              29.503293910652594
            ],
            [
              -98.28727127217195,
              29.503304641324522
            ],
            [
              -98.28716611601187,
              29.503646791192352
            ],
            [
              -98.28712567581313,
              29.503781350042637
            ],
            [
              -98.28711797679246,
              29.503820731564335
            ],
            [
              -98.28710782575627,
              29.503884858336157
            ],
            [
              -98.2870701057217,
              29.504123129881208
            ],
            [
              -98.28704980138451,
              29.5042513933222
            ],
            [
              -98.28702131407316,
              29.504458562925116
            ],
            [
              -98.28778551622777,
              29.50406874977458
            ],
            [
              -98.28814457142681,
              29.501846232816412
            ],
            [
              -98.2881533615802,
              29.501791822834168
            ],
            [
              -98.28802783026775,
              29.501628417418402
            ],
            [
              -98.28799228042415,
              29.50161976176577
            ],
            [
              -98.28757731028224,
              29.50151872342949
            ],
            [
              -98.28768057633656,
              29.501652848160028
            ]
          ]
        ]
      },
      "properties": {
        "candidate_id": "Bexar:1269918",
        "county": "Bexar",
        "prop_id": "1269918",
        "owner": "MMP PROPERTIES LLC",
        "situs": "E LOOP 1604 N",
        "acres": 4.17,
        "reported_acres": 4.17,
        "geometry_acres": 4.19,
        "acres_source": "REPORTED",
        "land_value": 345210.0,
        "assessed_value": 345210.0,
        "improvement_value": 0.0,
        "improvement_ratio": 0.0,
        "gba": 0.0,
        "prop_use": "99",
        "legal": "CB 5064G (SEC LOWER SEGUIN), BLOCK 1 LOT 7 2024 RECOVERED ACCT PER CR#68625  //  2024 DELETE ACCT PER CR# 61735 & CR# 61736   //  2018-CREATED PER PLAT 9718/156-160 FILED 07-28-2017||||",
        "cad_record_url": "",
        "parcel_source": "SARA / Bexar CAD",
        "parcel_snapshot": "2025-12",
        "parcel_freshness": "RECENT",
        "node_id": "INT-016",
        "node_name": "Loop 1604 / Green Rd",
        "node_score": 77.1,
        "node_edge_miles": 0.49,
        "dist_score": 90,
        "acre_score": 86,
        "raw_score": 100,
        "shape_score": 61.6,
        "compactness": 0.385,
        "aspect_ratio": 4.86,
        "road_score": 94,
        "frontage_roads": [
          "LOWER SEGUIN RD",
          "WARE-SEGUIN RD",
          "SL 1604"
        ],
        "frontage_ft_proxy": 1232.0,
        "corner_signal": "STRONG",
        "major_road_signal": true,
        "mtp_row_flag": true,
        "flood_score": 100,
        "flood_pct": 0.0,
        "floodway_pct": 0.0,
        "flood_zones": [
          "X"
        ],
        "flood_confidence": "SCREENED",
        "future_land_use_score": 55,
        "future_land_use": [],
        "aadt": 2381,
        "aadt_5yr_growth_pct": 7.3,
        "aadt_station_miles": 0.69,
        "aadt_route": "LOWER SEGUIN",
        "nearest_retail_catalyst": "I-10 / Loop 1604 East H-E-B",
        "retail_catalyst_miles": 1.65,
        "future_residential_lots_nearby": 3928.8,
        "recent_housing_units_180d": 0,
        "utility_confidence": "UNKNOWN",
        "utility_provider": "SAWS",
        "utility_distance_ft": null,
        "utility_snapshot": "2021-07-21",
        "utility_context": "No mapped sewer feature returned near parcel",
        "assessed_value_per_acre": 82784.0,
        "land_value_per_acre": 82784.0,
        "parcel_opportunity_score": 76.5,
        "parcel_execution_score": 75.7,
        "parcel_fit_score": 76.7,
        "acquisition_complexity_score": 94.4,
        "utility_score": 20,
        "confidence_score": 45,
        "node_confidence_score": 94,
        "node_class": "PRIORITY NODE",
        "node_evidence_model": "Bexar detailed growth + statewide road/traffic evidence",
        "node_component_scores": {
          "residential_growth": 58.3,
          "intersection_network": 100,
          "retail_catalyst": 90,
          "traffic": 78.1,
          "timing": 55.6
        },
        "parcel_component_scores": {
          "frontage_access": 94,
          "size_shape": 76.7,
          "utilities": 20,
          "flood": 100,
          "acquisition": 94.4
        },
        "acquisition_category": "EARLY SPECULATION",
        "decision_summary": "Interesting node/parcel thesis, but data freshness or execution certainty is not strong enough for active pursuit.",
        "main_risks": [
          "mapped sewer path is unverified",
          "important diligence data is incomplete"
        ],
        "usable_acres_proxy": 4.17,
        "eligible": true,
        "why_this_tract": "corner exposure on a major road \u00b7 within \u00bd mile of the node \u00b7 3928 weighted future residential lots \u00b7 1.6 mi from I-10 / Loop 1604 East H-E-B \u00b7 mostly raw / low-improvement land",
        "verification_notes": "Frontage is a GIS proximity proxy, not legal access. Sewer distance is a mapped-line proxy, not a capacity commitment. Confirm current title/CAD, survey, curb access, median/turn movements, ROW, flood and provider capacity."
      }
    },
    {
      "type": "Feature",
      "geometry": {
        "type": "Polygon",
        "coordinates": [
          [
            [
              -98.21733313986849,
              29.490618830250664
            ],
            [
              -98.2173250748369,
              29.490606947428223
            ],
            [
              -98.21707024621861,
              29.49065320087467
            ],
            [
              -98.21672944706279,
              29.490719641889516
            ],
            [
              -98.21471135746002,
              29.491413574088842
            ],
            [
              -98.2173543675159,
              29.495473198074237
            ],
            [
              -98.21855040423067,
              29.4948472080029
            ],
            [
              -98.21975375944345,
              29.49423635912369
            ],
            [
              -98.21741432658557,
              29.490738468252122
            ],
            [
              -98.21734338938153,
              29.490633938988854
            ],
            [
              -98.21733773737522,
              29.49062560554618
            ],
            [
              -98.21733313986849,
              29.490618830250664
            ]
          ]
        ]
      },
      "properties": {
        "candidate_id": "Bexar:339359",
        "county": "Bexar",
        "prop_id": "339359",
        "owner": "CANO JULIAN",
        "situs": "13597  INTERSTATE 10 E",
        "acres": 32.54,
        "reported_acres": 32.54,
        "geometry_acres": 32.69,
        "acres_source": "REPORTED",
        "land_value": 1150000.0,
        "assessed_value": 1150000.0,
        "improvement_value": 0.0,
        "improvement_ratio": 0.0,
        "gba": 0.0,
        "prop_use": "9",
        "legal": "CB 5193  P-21  ABS 5",
        "cad_record_url": "",
        "parcel_source": "SARA / Bexar CAD",
        "parcel_snapshot": "2025-12",
        "parcel_freshness": "RECENT",
        "node_id": "INT-006",
        "node_name": "FM 1518 / I-10",
        "node_score": 73.6,
        "node_edge_miles": 0.421,
        "dist_score": 90,
        "acre_score": 100,
        "raw_score": 100,
        "shape_score": 100,
        "compactness": 0.717,
        "aspect_ratio": 1.92,
        "road_score": 100,
        "frontage_roads": [
          "IH 10",
          "IH 10 E ACCESS RD",
          "IH 10 E"
        ],
        "frontage_ft_proxy": 1832.0,
        "corner_signal": "STRONG",
        "major_road_signal": true,
        "mtp_row_flag": false,
        "flood_score": 75,
        "flood_pct": 12.5,
        "floodway_pct": 0.0,
        "flood_zones": [
          "A",
          "X"
        ],
        "flood_confidence": "SCREENED",
        "future_land_use_score": 55,
        "future_land_use": [
          "Low Density Residential / I-10 East Corridor",
          "Parks Open Space / I-10 East Corridor"
        ],
        "aadt": 1453,
        "aadt_5yr_growth_pct": 252.7,
        "aadt_station_miles": 0.48,
        "aadt_route": "IH 10",
        "nearest_retail_catalyst": "I-10 / Loop 1604 East H-E-B",
        "retail_catalyst_miles": 5.88,
        "future_residential_lots_nearby": 4498.5,
        "recent_housing_units_180d": 0,
        "utility_confidence": "UNKNOWN",
        "utility_provider": "SAWS",
        "utility_distance_ft": null,
        "utility_snapshot": "2021-07-21",
        "utility_context": "No mapped sewer feature returned near parcel",
        "assessed_value_per_acre": 35341.0,
        "land_value_per_acre": 35341.0,
        "parcel_opportunity_score": 76.4,
        "parcel_execution_score": 80.5,
        "parcel_fit_score": 100.0,
        "acquisition_complexity_score": 97.2,
        "utility_score": 20,
        "confidence_score": 45,
        "node_confidence_score": 94,
        "node_class": "EMERGING NODE",
        "node_evidence_model": "Bexar detailed growth + statewide road/traffic evidence",
        "node_component_scores": {
          "residential_growth": 65.2,
          "intersection_network": 100,
          "retail_catalyst": 50,
          "traffic": 77.0,
          "timing": 68.5
        },
        "parcel_component_scores": {
          "frontage_access": 100,
          "size_shape": 100.0,
          "utilities": 20,
          "flood": 75,
          "acquisition": 97.2
        },
        "acquisition_category": "EARLY SPECULATION",
        "decision_summary": "Interesting node/parcel thesis, but data freshness or execution certainty is not strong enough for active pursuit.",
        "main_risks": [
          "mapped sewer path is unverified",
          "12.5% mapped SFHA overlap",
          "important diligence data is incomplete"
        ],
        "usable_acres_proxy": 28.47,
        "eligible": true,
        "why_this_tract": "corner exposure on a major road \u00b7 within \u00bd mile of the node \u00b7 4498 weighted future residential lots \u00b7 mostly raw / low-improvement land \u00b7 12.5% mapped FEMA SFHA overlap",
        "verification_notes": "Frontage is a GIS proximity proxy, not legal access. Sewer distance is a mapped-line proxy, not a capacity commitment. Confirm current title/CAD, survey, curb access, median/turn movements, ROW, flood and provider capacity."
      }
    },
    {
      "type": "Feature",
      "geometry": {
        "type": "Polygon",
        "coordinates": [
          [
            [
              -98.21874076106842,
              29.490122945710844
            ],
            [
              -98.21817488982151,
              29.490315977223716
            ],
            [
              -98.22054763925173,
              29.49383335776655
            ],
            [
              -98.22136177828841,
              29.493420065176217
            ],
            [
              -98.21906297514819,
              29.490007722203412
            ],
            [
              -98.21874076106842,
              29.490122945710844
            ]
          ]
        ]
      },
      "properties": {
        "candidate_id": "Bexar:340042",
        "county": "Bexar",
        "prop_id": "340042",
        "owner": "SMITH & SONS ENTERPRISES LLC",
        "situs": "13375 E IH 10",
        "acres": 10.0,
        "reported_acres": 10.0,
        "geometry_acres": 10.06,
        "acres_source": "REPORTED",
        "land_value": 582000.0,
        "assessed_value": 582000.0,
        "improvement_value": 0.0,
        "improvement_ratio": 0.0,
        "gba": 0.0,
        "prop_use": "2",
        "legal": "CB 5193  P-392B  ABS 5",
        "cad_record_url": "",
        "parcel_source": "SARA / Bexar CAD",
        "parcel_snapshot": "2025-12",
        "parcel_freshness": "RECENT",
        "node_id": "INT-006",
        "node_name": "FM 1518 / I-10",
        "node_score": 73.6,
        "node_edge_miles": 0.31,
        "dist_score": 90,
        "acre_score": 100,
        "raw_score": 100,
        "shape_score": 70.8,
        "compactness": 0.442,
        "aspect_ratio": 4.95,
        "road_score": 100,
        "frontage_roads": [
          "IH 10",
          "IH 10 E ACCESS RD"
        ],
        "frontage_ft_proxy": 623.0,
        "corner_signal": "STRONG",
        "major_road_signal": true,
        "mtp_row_flag": false,
        "flood_score": 100,
        "flood_pct": 0.0,
        "floodway_pct": 0.0,
        "flood_zones": [
          "X"
        ],
        "flood_confidence": "SCREENED",
        "future_land_use_score": 55,
        "future_land_use": [
          "Low Density Residential / I-10 East Corridor"
        ],
        "aadt": 1453,
        "aadt_5yr_growth_pct": 252.7,
        "aadt_station_miles": 0.7,
        "aadt_route": "IH 10",
        "nearest_retail_catalyst": "I-10 / Loop 1604 East H-E-B",
        "retail_catalyst_miles": 5.75,
        "future_residential_lots_nearby": 4498.5,
        "recent_housing_units_180d": 0,
        "utility_confidence": "UNKNOWN",
        "utility_provider": "SAWS",
        "utility_distance_ft": null,
        "utility_snapshot": "2021-07-21",
        "utility_context": "No mapped sewer feature returned near parcel",
        "assessed_value_per_acre": 58200.0,
        "land_value_per_acre": 58200.0,
        "parcel_opportunity_score": 76.4,
        "parcel_execution_score": 80.5,
        "parcel_fit_score": 88.9,
        "acquisition_complexity_score": 94.4,
        "utility_score": 20,
        "confidence_score": 45,
        "node_confidence_score": 94,
        "node_class": "EMERGING NODE",
        "node_evidence_model": "Bexar detailed growth + statewide road/traffic evidence",
        "node_component_scores": {
          "residential_growth": 65.2,
          "intersection_network": 100,
          "retail_catalyst": 50,
          "traffic": 77.0,
          "timing": 68.5
        },
        "parcel_component_scores": {
          "frontage_access": 100,
          "size_shape": 88.9,
          "utilities": 20,
          "flood": 100,
          "acquisition": 94.4
        },
        "acquisition_category": "EARLY SPECULATION",
        "decision_summary": "Interesting node/parcel thesis, but data freshness or execution certainty is not strong enough for active pursuit.",
        "main_risks": [
          "mapped sewer path is unverified",
          "important diligence data is incomplete"
        ],
        "usable_acres_proxy": 10.0,
        "eligible": true,
        "why_this_tract": "corner exposure on a major road \u00b7 within \u00bd mile of the node \u00b7 4498 weighted future residential lots \u00b7 mostly raw / low-improvement land \u00b7 no mapped FEMA SFHA overlap returned",
        "verification_notes": "Frontage is a GIS proximity proxy, not legal access. Sewer distance is a mapped-line proxy, not a capacity commitment. Confirm current title/CAD, survey, curb access, median/turn movements, ROW, flood and provider capacity."
      }
    },
    {
      "type": "Feature",
      "geometry": {
        "type": "Polygon",
        "coordinates": [
          [
            [
              -98.0826912121642,
              29.7541059038888
            ],
            [
              -98.0831834962929,
              29.7527432412308
            ],
            [
              -98.0842967693418,
              29.7537230364206
            ],
            [
              -98.0843362371025,
              29.7537576391574
            ],
            [
              -98.084162846733,
              29.7540170200931
            ],
            [
              -98.0839838197301,
              29.7542734694445
            ],
            [
              -98.0837992189792,
              29.7545268928682
            ],
            [
              -98.0836091135486,
              29.7547771987709
            ],
            [
              -98.0834135714747,
              29.7550242955518
            ],
            [
              -98.082881594109,
              29.7556902521452
            ],
            [
              -98.0822186853198,
              29.7565389527926
            ],
            [
              -98.0820714352224,
              29.7567280156346
            ],
            [
              -98.0819301796989,
              29.7569205293012
            ],
            [
              -98.0817950255879,
              29.7571163483585
            ],
            [
              -98.081666073526,
              29.7573153273295
            ],
            [
              -98.0815434200566,
              29.7575173161957
            ],
            [
              -98.0814271596825,
              29.7577221622173
            ],
            [
              -98.081317377601,
              29.7579297125888
            ],
            [
              -98.0811958013353,
              29.7581979157224
            ],
            [
              -98.0810700325275,
              29.7584646439001
            ],
            [
              -98.0809400943723,
              29.758729845832
            ],
            [
              -98.0810761861471,
              29.7584354288007
            ],
            [
              -98.0812057753261,
              29.7581387870613
            ],
            [
              -98.0812897725876,
              29.7579368017283
            ],
            [
              -98.0813707559216,
              29.7577338812352
            ],
            [
              -98.0816414000958,
              29.7570163534204
            ],
            [
              -98.0822034289714,
              29.7554473088246
            ],
            [
              -98.0826912121642,
              29.7541059038888
            ]
          ]
        ]
      },
      "properties": {
        "candidate_id": "Comal:79247",
        "county": "Comal",
        "prop_id": "79247",
        "owner": "ROW JOHNNIE F",
        "verified_owner": "ROW JOHNNIE F",
        "owner_verification_match": true,
        "situs": "0 TBD TX",
        "acres": 10.02,
        "reported_acres": 204000.0,
        "geometry_acres": 10.02,
        "acres_source": "GEOMETRY",
        "land_value": 0.0,
        "assessed_value": 915960.0,
        "improvement_value": 0.0,
        "improvement_ratio": 0.0,
        "gba": 0.0,
        "prop_use": "R",
        "legal": "A-485 SUR-  2  O RUSSELL, ACRES 20.4",
        "cad_record_url": "https://gis.bisclient.com/comalcad/index.html?find=79247",
        "parcel_source": "Comal CAD public ArcGIS parcel layer",
        "parcel_snapshot": "2024-11-22",
        "parcel_freshness": "AGING",
        "cad_geometry_verified": true,
        "cad_verification_source": "Comal CAD public ArcGIS service",
        "node_id": "INT-002",
        "node_name": "I-35 / Kohlenberg Rd (Mayfair)",
        "node_score": 68.1,
        "node_edge_miles": 0.412,
        "dist_score": 90,
        "acre_score": 100,
        "raw_score": 100,
        "shape_score": 36.2,
        "compactness": 0.226,
        "aspect_ratio": 4.95,
        "road_score": 90,
        "frontage_roads": [
          "FM 1102"
        ],
        "frontage_ft_proxy": 580.0,
        "corner_signal": "NO",
        "major_road_signal": true,
        "mtp_row_flag": false,
        "flood_score": 100,
        "flood_pct": 0.0,
        "floodway_pct": 0.0,
        "flood_zones": [
          "X"
        ],
        "flood_confidence": "SCREENED",
        "future_land_use_score": 55,
        "future_land_use": [],
        "aadt": 9677,
        "aadt_5yr_growth_pct": 64.6,
        "aadt_station_miles": 0.79,
        "aadt_route": "FM 1102",
        "nearest_retail_catalyst": "Mayfair Costco",
        "retail_catalyst_miles": 1.7,
        "future_residential_lots_nearby": 0.0,
        "recent_housing_units_180d": 0,
        "utility_confidence": "PROXY",
        "utility_provider": "NBU",
        "utility_distance_ft": 211.0,
        "utility_snapshot": "2024-01-17",
        "utility_context": "NBU feature approximately 211 ft from parcel; capacity NOT verified",
        "assessed_value_per_acre": 91413.0,
        "land_value_per_acre": 0.0,
        "parcel_opportunity_score": 76.3,
        "parcel_execution_score": 88.6,
        "parcel_fit_score": 75.8,
        "acquisition_complexity_score": 94.4,
        "utility_score": 92,
        "confidence_score": 72,
        "node_confidence_score": 68,
        "node_class": "EMERGING NODE",
        "node_evidence_model": "Regional corridor prior + statewide road/traffic; county housing feed incomplete",
        "node_component_scores": {
          "residential_growth": 0.0,
          "intersection_network": 88,
          "retail_catalyst": 90,
          "traffic": 65.1,
          "timing": 27.8
        },
        "parcel_component_scores": {
          "frontage_access": 90,
          "size_shape": 75.8,
          "utilities": 92,
          "flood": 100,
          "acquisition": 94.4
        },
        "acquisition_category": "WATCH",
        "decision_summary": "Strong enough to track closely; verify title, access and utility feasibility before elevating.",
        "main_risks": [
          "utility capacity is unverified",
          "parcel geometry is less efficient",
          "county parcel snapshot is aging"
        ],
        "usable_acres_proxy": 10.02,
        "eligible": true,
        "why_this_tract": "major-road frontage \u00b7 within \u00bd mile of the node \u00b7 regional growth node; county housing feed incomplete \u00b7 1.7 mi from Mayfair Costco \u00b7 mapped NBU feature ~211 ft from parcel",
        "verification_notes": "Frontage is a GIS proximity proxy, not legal access. Sewer distance is a mapped-line proxy, not a capacity commitment. Confirm current title/CAD, survey, curb access, median/turn movements, ROW, flood and provider capacity.",
        "geometry_source": "Comal CAD public ArcGIS parcel layer"
      }
    },
    {
      "type": "Feature",
      "geometry": {
        "type": "Polygon",
        "coordinates": [
          [
            [
              -98.22054763925173,
              29.49383335776655
            ],
            [
              -98.21817488982151,
              29.490315977223716
            ],
            [
              -98.21791172320867,
              29.490409405901097
            ],
            [
              -98.21786787478621,
              29.49042459419024
            ],
            [
              -98.2173250748369,
              29.490606947428223
            ],
            [
              -98.21733313986849,
              29.490618830250664
            ],
            [
              -98.21733773737522,
              29.49062560554618
            ],
            [
              -98.21734338938153,
              29.490633938988854
            ],
            [
              -98.21741432658557,
              29.490738468252122
            ],
            [
              -98.21975375944345,
              29.49423635912369
            ],
            [
              -98.22054763925173,
              29.49383335776655
            ]
          ]
        ]
      },
      "properties": {
        "candidate_id": "Bexar:340040",
        "county": "Bexar",
        "prop_id": "340040",
        "owner": "11 N LP",
        "situs": "13405 E IH 10",
        "acres": 10.0,
        "reported_acres": 10.0,
        "geometry_acres": 10.0,
        "acres_source": "REPORTED",
        "land_value": 600000.0,
        "assessed_value": 600000.0,
        "improvement_value": 0.0,
        "improvement_ratio": 0.0,
        "gba": 0.0,
        "prop_use": "2",
        "legal": "CB 5193  P-392 ABS 5 FORMERLY P-21B",
        "cad_record_url": "",
        "parcel_source": "SARA / Bexar CAD",
        "parcel_snapshot": "2025-12",
        "parcel_freshness": "RECENT",
        "node_id": "INT-006",
        "node_name": "FM 1518 / I-10",
        "node_score": 73.6,
        "node_edge_miles": 0.367,
        "dist_score": 90,
        "acre_score": 100,
        "raw_score": 100,
        "shape_score": 66.0,
        "compactness": 0.423,
        "aspect_ratio": 5.24,
        "road_score": 100,
        "frontage_roads": [
          "IH 10 E ACCESS RD",
          "IH 10"
        ],
        "frontage_ft_proxy": 591.0,
        "corner_signal": "STRONG",
        "major_road_signal": true,
        "mtp_row_flag": false,
        "flood_score": 100,
        "flood_pct": 0.0,
        "floodway_pct": 0.0,
        "flood_zones": [
          "X"
        ],
        "flood_confidence": "SCREENED",
        "future_land_use_score": 55,
        "future_land_use": [
          "Low Density Residential / I-10 East Corridor"
        ],
        "aadt": 1453,
        "aadt_5yr_growth_pct": 252.7,
        "aadt_station_miles": 0.65,
        "aadt_route": "IH 10",
        "nearest_retail_catalyst": "I-10 / Loop 1604 East H-E-B",
        "retail_catalyst_miles": 5.79,
        "future_residential_lots_nearby": 4498.5,
        "recent_housing_units_180d": 0,
        "utility_confidence": "UNKNOWN",
        "utility_provider": "SAWS",
        "utility_distance_ft": null,
        "utility_snapshot": "2021-07-21",
        "utility_context": "No mapped sewer feature returned near parcel",
        "assessed_value_per_acre": 60000.0,
        "land_value_per_acre": 60000.0,
        "parcel_opportunity_score": 76.2,
        "parcel_execution_score": 80.0,
        "parcel_fit_score": 87.1,
        "acquisition_complexity_score": 94.4,
        "utility_score": 20,
        "confidence_score": 45,
        "node_confidence_score": 94,
        "node_class": "EMERGING NODE",
        "node_evidence_model": "Bexar detailed growth + statewide road/traffic evidence",
        "node_component_scores": {
          "residential_growth": 65.2,
          "intersection_network": 100,
          "retail_catalyst": 50,
          "traffic": 77.0,
          "timing": 68.5
        },
        "parcel_component_scores": {
          "frontage_access": 100,
          "size_shape": 87.1,
          "utilities": 20,
          "flood": 100,
          "acquisition": 94.4
        },
        "acquisition_category": "EARLY SPECULATION",
        "decision_summary": "Interesting node/parcel thesis, but data freshness or execution certainty is not strong enough for active pursuit.",
        "main_risks": [
          "mapped sewer path is unverified",
          "important diligence data is incomplete"
        ],
        "usable_acres_proxy": 10.0,
        "eligible": true,
        "why_this_tract": "corner exposure on a major road \u00b7 within \u00bd mile of the node \u00b7 4498 weighted future residential lots \u00b7 mostly raw / low-improvement land \u00b7 no mapped FEMA SFHA overlap returned",
        "verification_notes": "Frontage is a GIS proximity proxy, not legal access. Sewer distance is a mapped-line proxy, not a capacity commitment. Confirm current title/CAD, survey, curb access, median/turn movements, ROW, flood and provider capacity."
      }
    },
    {
      "type": "Feature",
      "geometry": {
        "type": "Polygon",
        "coordinates": [
          [
            [
              -98.22116564310424,
              29.48334907509026
            ],
            [
              -98.22107912233209,
              29.483148928259148
            ],
            [
              -98.22129104831991,
              29.48304529557075
            ],
            [
              -98.22101846443412,
              29.482441706829164
            ],
            [
              -98.21862640728129,
              29.483663542127577
            ],
            [
              -98.21854232882946,
              29.483547293087753
            ],
            [
              -98.21738550982406,
              29.484127317709902
            ],
            [
              -98.21770516710767,
              29.48455764957999
            ],
            [
              -98.21706365616495,
              29.484925149435448
            ],
            [
              -98.21727347290722,
              29.485217714637624
            ],
            [
              -98.22116564310424,
              29.48334907509026
            ]
          ]
        ]
      },
      "properties": {
        "candidate_id": "Bexar:339644",
        "county": "Bexar",
        "prop_id": "339644",
        "owner": "KRAMER ANTHONY R &",
        "situs": "5860 E FM 1518 N",
        "acres": 10.0,
        "reported_acres": 10.0,
        "geometry_acres": 9.73,
        "acres_source": "REPORTED",
        "land_value": 412200.0,
        "assessed_value": 412200.0,
        "improvement_value": 0.0,
        "improvement_ratio": 0.0,
        "gba": 0.0,
        "prop_use": "2",
        "legal": "CB 5193 P-77C ABS 5",
        "cad_record_url": "",
        "parcel_source": "SARA / Bexar CAD",
        "parcel_snapshot": "2025-12",
        "parcel_freshness": "RECENT",
        "node_id": "INT-006",
        "node_name": "FM 1518 / I-10",
        "node_score": 73.6,
        "node_edge_miles": 0.351,
        "dist_score": 90,
        "acre_score": 100,
        "raw_score": 100,
        "shape_score": 61.8,
        "compactness": 0.386,
        "aspect_ratio": 4.54,
        "road_score": 100,
        "frontage_roads": [
          "E FM 1518 N",
          "FM 1518"
        ],
        "frontage_ft_proxy": 490.0,
        "corner_signal": "STRONG",
        "major_road_signal": true,
        "mtp_row_flag": true,
        "flood_score": 100,
        "flood_pct": 0.0,
        "floodway_pct": 0.0,
        "flood_zones": [
          "X"
        ],
        "flood_confidence": "SCREENED",
        "future_land_use_score": 55,
        "future_land_use": [
          "Rural Living / I-10 East Corridor"
        ],
        "aadt": 11696,
        "aadt_5yr_growth_pct": 98.6,
        "aadt_station_miles": 0.1,
        "aadt_route": "FM 1518",
        "nearest_retail_catalyst": "I-10 / Loop 1604 East H-E-B",
        "retail_catalyst_miles": 5.96,
        "future_residential_lots_nearby": 4498.5,
        "recent_housing_units_180d": 0,
        "utility_confidence": "UNKNOWN",
        "utility_provider": "SAWS",
        "utility_distance_ft": null,
        "utility_snapshot": "2021-07-21",
        "utility_context": "No mapped sewer feature returned near parcel",
        "assessed_value_per_acre": 41220.0,
        "land_value_per_acre": 41220.0,
        "parcel_opportunity_score": 76.2,
        "parcel_execution_score": 80.0,
        "parcel_fit_score": 85.5,
        "acquisition_complexity_score": 97.2,
        "utility_score": 20,
        "confidence_score": 45,
        "node_confidence_score": 94,
        "node_class": "EMERGING NODE",
        "node_evidence_model": "Bexar detailed growth + statewide road/traffic evidence",
        "node_component_scores": {
          "residential_growth": 65.2,
          "intersection_network": 100,
          "retail_catalyst": 50,
          "traffic": 77.0,
          "timing": 68.5
        },
        "parcel_component_scores": {
          "frontage_access": 100,
          "size_shape": 85.5,
          "utilities": 20,
          "flood": 100,
          "acquisition": 97.2
        },
        "acquisition_category": "EARLY SPECULATION",
        "decision_summary": "Interesting node/parcel thesis, but data freshness or execution certainty is not strong enough for active pursuit.",
        "main_risks": [
          "mapped sewer path is unverified",
          "important diligence data is incomplete"
        ],
        "usable_acres_proxy": 10.0,
        "eligible": true,
        "why_this_tract": "corner exposure on a major road \u00b7 within \u00bd mile of the node \u00b7 4498 weighted future residential lots \u00b7 mostly raw / low-improvement land \u00b7 no mapped FEMA SFHA overlap returned",
        "verification_notes": "Frontage is a GIS proximity proxy, not legal access. Sewer distance is a mapped-line proxy, not a capacity commitment. Confirm current title/CAD, survey, curb access, median/turn movements, ROW, flood and provider capacity."
      }
    },
    {
      "type": "Feature",
      "geometry": {
        "type": "Polygon",
        "coordinates": [
          [
            [
              -98.3231625312382,
              29.455342007921505
            ],
            [
              -98.32313489879701,
              29.456534475852642
            ],
            [
              -98.32556800648597,
              29.455784447166003
            ],
            [
              -98.32701159170426,
              29.45523224649837
            ],
            [
              -98.32730815165641,
              29.455140787274566
            ],
            [
              -98.32882928760891,
              29.454780833797628
            ],
            [
              -98.3350608665235,
              29.45279523762403
            ],
            [
              -98.33435003106197,
              29.45262101822465
            ],
            [
              -98.33287966537824,
              29.4522566752418
            ],
            [
              -98.33212075403759,
              29.452068619603153
            ],
            [
              -98.32393693207246,
              29.44995027492268
            ],
            [
              -98.32341767337165,
              29.451533007698792
            ],
            [
              -98.32337001379658,
              29.451677064059535
            ],
            [
              -98.32328469861159,
              29.451935553963484
            ],
            [
              -98.32310920966617,
              29.45246725183435
            ],
            [
              -98.323086564483,
              29.452535860778212
            ],
            [
              -98.32309580019323,
              29.452538146199302
            ],
            [
              -98.32310400251716,
              29.452540174640045
            ],
            [
              -98.32311197942028,
              29.452542148702
            ],
            [
              -98.32313739436069,
              29.45254843662099
            ],
            [
              -98.3231625312382,
              29.455342007921505
            ]
          ]
        ]
      },
      "properties": {
        "candidate_id": "Bexar:685465",
        "county": "Bexar",
        "prop_id": "685465",
        "owner": "7304 E IH 10 INVESTMENTS LLC",
        "situs": "8206 E IH 10",
        "acres": 103.28,
        "reported_acres": 103.28,
        "geometry_acres": 104.18,
        "acres_source": "REPORTED",
        "land_value": 3337370.0,
        "assessed_value": 3337370.0,
        "improvement_value": 0.0,
        "improvement_ratio": 0.0,
        "gba": 0.0,
        "prop_use": "9",
        "legal": "NCB  17994   P-8",
        "cad_record_url": "",
        "parcel_source": "SARA / Bexar CAD",
        "parcel_snapshot": "2025-12",
        "parcel_freshness": "RECENT",
        "node_id": "INT-010",
        "node_name": "FM 1516 / I-10 East",
        "node_score": 77.6,
        "node_edge_miles": 0.392,
        "dist_score": 90,
        "acre_score": 80,
        "raw_score": 100,
        "shape_score": 88.3,
        "compactness": 0.552,
        "aspect_ratio": 1.56,
        "road_score": 100,
        "frontage_roads": [
          "IH 10 E ACCESS RD",
          "IH 10"
        ],
        "frontage_ft_proxy": 7391.0,
        "corner_signal": "STRONG",
        "major_road_signal": true,
        "mtp_row_flag": false,
        "flood_score": 55,
        "flood_pct": 26.8,
        "floodway_pct": 0.0,
        "flood_zones": [
          "AE",
          "X"
        ],
        "flood_confidence": "SCREENED",
        "future_land_use_score": 84,
        "future_land_use": [
          "Industrial / I-10 East Corridor",
          "Industrial / I-10 East Corridor",
          "Low Density Residential / I-10 East Corridor"
        ],
        "aadt": 16373,
        "aadt_5yr_growth_pct": 445.4,
        "aadt_station_miles": 1.07,
        "aadt_route": "IH 10",
        "nearest_retail_catalyst": "H-E-B Foster campus",
        "retail_catalyst_miles": 3.06,
        "future_residential_lots_nearby": 4214.4,
        "recent_housing_units_180d": 0,
        "utility_confidence": "UNKNOWN",
        "utility_provider": "SAWS",
        "utility_distance_ft": null,
        "utility_snapshot": "2021-07-21",
        "utility_context": "No mapped sewer feature returned near parcel",
        "assessed_value_per_acre": 32314.0,
        "land_value_per_acre": 32314.0,
        "parcel_opportunity_score": 76.1,
        "parcel_execution_score": 73.8,
        "parcel_fit_score": 83.2,
        "acquisition_complexity_score": 97.2,
        "utility_score": 20,
        "confidence_score": 45,
        "node_confidence_score": 94,
        "node_class": "PRIORITY NODE",
        "node_evidence_model": "Bexar detailed growth + statewide road/traffic evidence",
        "node_component_scores": {
          "residential_growth": 62.7,
          "intersection_network": 100,
          "retail_catalyst": 72,
          "traffic": 89.1,
          "timing": 57.6
        },
        "parcel_component_scores": {
          "frontage_access": 100,
          "size_shape": 83.2,
          "utilities": 20,
          "flood": 55,
          "acquisition": 97.2
        },
        "acquisition_category": "EARLY SPECULATION",
        "decision_summary": "Interesting node/parcel thesis, but data freshness or execution certainty is not strong enough for active pursuit.",
        "main_risks": [
          "mapped sewer path is unverified",
          "26.8% mapped SFHA overlap",
          "important diligence data is incomplete"
        ],
        "usable_acres_proxy": 75.6,
        "eligible": true,
        "why_this_tract": "corner exposure on a major road \u00b7 within \u00bd mile of the node \u00b7 4214 weighted future residential lots \u00b7 mostly raw / low-improvement land",
        "verification_notes": "Frontage is a GIS proximity proxy, not legal access. Sewer distance is a mapped-line proxy, not a capacity commitment. Confirm current title/CAD, survey, curb access, median/turn movements, ROW, flood and provider capacity."
      }
    },
    {
      "type": "Feature",
      "geometry": {
        "type": "Polygon",
        "coordinates": [
          [
            [
              -98.22346308042653,
              29.48871634868218
            ],
            [
              -98.22147947210546,
              29.489381660495198
            ],
            [
              -98.22124387636168,
              29.489462385739735
            ],
            [
              -98.22000642904264,
              29.489718657105787
            ],
            [
              -98.22220433894817,
              29.492992334541583
            ],
            [
              -98.22550454822806,
              29.49131688135888
            ],
            [
              -98.22555856590216,
              29.491289456422514
            ],
            [
              -98.22487810174133,
              29.49031346148075
            ],
            [
              -98.22391918695936,
              29.48885478710359
            ],
            [
              -98.22346308042653,
              29.48871634868218
            ]
          ]
        ]
      },
      "properties": {
        "candidate_id": "Bexar:339374",
        "county": "Bexar",
        "prop_id": "339374",
        "owner": "NAJDS PROPERTY I INVESTMENTS INC",
        "situs": "13183  INTERSTATE 10 E",
        "acres": 34.98,
        "reported_acres": 34.98,
        "geometry_acres": 34.78,
        "acres_source": "REPORTED",
        "land_value": 4510280.0,
        "assessed_value": 6291890.0,
        "improvement_value": 1781610.0,
        "improvement_ratio": 0.283,
        "gba": 22210.0,
        "prop_use": "375",
        "legal": "CB 5193  P-23  ABS 5   2019-MERGE/RSVY FROM 34.964 AC TO 34.982 AC PER DEED 20180101812 EXE 05-29-18 \\\\\\REMAINS - SPLIT FOR 2008 (WD 12656/1496)",
        "cad_record_url": "",
        "parcel_source": "SARA / Bexar CAD",
        "parcel_snapshot": "2025-12",
        "parcel_freshness": "RECENT",
        "node_id": "INT-006",
        "node_name": "FM 1518 / I-10",
        "node_score": 73.6,
        "node_edge_miles": 0.053,
        "dist_score": 100,
        "acre_score": 100,
        "raw_score": 65.0,
        "shape_score": 100,
        "compactness": 0.775,
        "aspect_ratio": 1.12,
        "road_score": 100,
        "frontage_roads": [
          "IH 10 E ACCESS RD",
          "IH 10",
          "E FM 1518 N",
          "FM 1518"
        ],
        "frontage_ft_proxy": 4754.0,
        "corner_signal": "STRONG",
        "major_road_signal": true,
        "mtp_row_flag": true,
        "flood_score": 100,
        "flood_pct": 0.0,
        "floodway_pct": 0.0,
        "flood_zones": [
          "X"
        ],
        "flood_confidence": "SCREENED",
        "future_land_use_score": 100,
        "future_land_use": [
          "Community Commercial / I-10 East Corridor",
          "Low Density Residential / I-10 East Corridor"
        ],
        "aadt": 10714,
        "aadt_5yr_growth_pct": 33.6,
        "aadt_station_miles": 0.01,
        "aadt_route": "FM 1518",
        "nearest_retail_catalyst": "I-10 / Loop 1604 East H-E-B",
        "retail_catalyst_miles": 5.6,
        "future_residential_lots_nearby": 4498.5,
        "recent_housing_units_180d": 0,
        "utility_confidence": "UNKNOWN",
        "utility_provider": "SAWS",
        "utility_distance_ft": null,
        "utility_snapshot": "2021-07-21",
        "utility_context": "No mapped sewer feature returned near parcel",
        "assessed_value_per_acre": 179871.0,
        "land_value_per_acre": 128939.0,
        "parcel_opportunity_score": 76.0,
        "parcel_execution_score": 79.6,
        "parcel_fit_score": 100.0,
        "acquisition_complexity_score": 65.0,
        "utility_score": 20,
        "confidence_score": 45,
        "node_confidence_score": 94,
        "node_class": "EMERGING NODE",
        "node_evidence_model": "Bexar detailed growth + statewide road/traffic evidence",
        "node_component_scores": {
          "residential_growth": 65.2,
          "intersection_network": 100,
          "retail_catalyst": 50,
          "traffic": 77.0,
          "timing": 68.5
        },
        "parcel_component_scores": {
          "frontage_access": 100,
          "size_shape": 100.0,
          "utilities": 20,
          "flood": 100,
          "acquisition": 65.0
        },
        "acquisition_category": "EARLY SPECULATION",
        "decision_summary": "Interesting node/parcel thesis, but data freshness or execution certainty is not strong enough for active pursuit.",
        "main_risks": [
          "mapped sewer path is unverified",
          "important diligence data is incomplete"
        ],
        "usable_acres_proxy": 34.98,
        "eligible": true,
        "why_this_tract": "corner exposure on a major road \u00b7 within \u00bc mile of the node \u00b7 4498 weighted future residential lots \u00b7 no mapped FEMA SFHA overlap returned",
        "verification_notes": "Frontage is a GIS proximity proxy, not legal access. Sewer distance is a mapped-line proxy, not a capacity commitment. Confirm current title/CAD, survey, curb access, median/turn movements, ROW, flood and provider capacity."
      }
    },
    {
      "type": "Feature",
      "geometry": {
        "type": "Polygon",
        "coordinates": [
          [
            [
              -98.23776695426119,
              29.489466512137977
            ],
            [
              -98.23853574990801,
              29.49062026412328
            ],
            [
              -98.23938134661168,
              29.489850896294826
            ],
            [
              -98.24023838092691,
              29.489070073714732
            ],
            [
              -98.24143110381576,
              29.48794917940438
            ],
            [
              -98.24196661656472,
              29.487453447792785
            ],
            [
              -98.2414994091509,
              29.486546029199218
            ],
            [
              -98.24173314497904,
              29.48617670188887
            ],
            [
              -98.24218048280326,
              29.485475349725796
            ],
            [
              -98.24265964256898,
              29.48477575895924
            ],
            [
              -98.23958455099385,
              29.483233993658324
            ],
            [
              -98.23931587273088,
              29.483099281175843
            ],
            [
              -98.23879750991561,
              29.483276141651576
            ],
            [
              -98.23761714836206,
              29.483678859370016
            ],
            [
              -98.23705963370124,
              29.48386664529119
            ],
            [
              -98.23650359954871,
              29.484058770694162
            ],
            [
              -98.23592860224478,
              29.484346372753777
            ],
            [
              -98.23553150001638,
              29.484533801209754
            ],
            [
              -98.23537513592967,
              29.484607601230692
            ],
            [
              -98.23521638673417,
              29.484676120305608
            ],
            [
              -98.23505543072504,
              29.484739281479012
            ],
            [
              -98.23489244867599,
              29.48479701381302
            ],
            [
              -98.23472762363623,
              29.484849252467004
            ],
            [
              -98.23560332767788,
              29.486213800816333
            ],
            [
              -98.2361559743039,
              29.487046078999022
            ],
            [
              -98.23637901094268,
              29.487381963162218
            ],
            [
              -98.23647411872724,
              29.487525194093852
            ],
            [
              -98.23655338122127,
              29.48764455859573
            ],
            [
              -98.23677540262565,
              29.487978911341603
            ],
            [
              -98.23714954421249,
              29.488550082223842
            ],
            [
              -98.23776695426119,
              29.489466512137977
            ]
          ]
        ]
      },
      "properties": {
        "candidate_id": "Bexar:619249",
        "county": "Bexar",
        "prop_id": "619249",
        "owner": "BOWLINE VENTURES LLC",
        "situs": "12625 E IH 10",
        "acres": 86.74,
        "reported_acres": 86.74,
        "geometry_acres": 86.73,
        "acres_source": "REPORTED",
        "land_value": 3800000.0,
        "assessed_value": 3800000.0,
        "improvement_value": 0.0,
        "improvement_ratio": 0.0,
        "gba": 0.0,
        "prop_use": "9",
        "legal": "NCB 16566 P-2 ABS 584   2022-RSVY PER DEED 20210259184, EXE 09-10-2021///2008-RESURVEY PER DEED 13114/2230 EXE 9-6-07.",
        "cad_record_url": "",
        "parcel_source": "SARA / Bexar CAD",
        "parcel_snapshot": "2025-12",
        "parcel_freshness": "RECENT",
        "node_id": "INT-006",
        "node_name": "FM 1518 / I-10",
        "node_score": 73.6,
        "node_edge_miles": 0.701,
        "dist_score": 78,
        "acre_score": 92,
        "raw_score": 100,
        "shape_score": 100,
        "compactness": 0.754,
        "aspect_ratio": 1.1,
        "road_score": 100,
        "frontage_roads": [
          "IH 10 E ACCESS RD",
          "IH 10"
        ],
        "frontage_ft_proxy": 3281.0,
        "corner_signal": "STRONG",
        "major_road_signal": true,
        "mtp_row_flag": false,
        "flood_score": 75,
        "flood_pct": 0.7,
        "floodway_pct": 0.0,
        "flood_zones": [
          "A",
          "X"
        ],
        "flood_confidence": "SCREENED",
        "future_land_use_score": 55,
        "future_land_use": [],
        "aadt": 309,
        "aadt_5yr_growth_pct": 88.4,
        "aadt_station_miles": 0.36,
        "aadt_route": "PFEIL",
        "nearest_retail_catalyst": "I-10 / Loop 1604 East H-E-B",
        "retail_catalyst_miles": 4.8,
        "future_residential_lots_nearby": 4498.5,
        "recent_housing_units_180d": 0,
        "utility_confidence": "UNKNOWN",
        "utility_provider": "SAWS",
        "utility_distance_ft": null,
        "utility_snapshot": "2021-07-21",
        "utility_context": "No mapped sewer feature returned near parcel",
        "assessed_value_per_acre": 43809.0,
        "land_value_per_acre": 43809.0,
        "parcel_opportunity_score": 75.9,
        "parcel_execution_score": 79.3,
        "parcel_fit_score": 95.0,
        "acquisition_complexity_score": 97.2,
        "utility_score": 20,
        "confidence_score": 45,
        "node_confidence_score": 94,
        "node_class": "EMERGING NODE",
        "node_evidence_model": "Bexar detailed growth + statewide road/traffic evidence",
        "node_component_scores": {
          "residential_growth": 65.2,
          "intersection_network": 100,
          "retail_catalyst": 50,
          "traffic": 77.0,
          "timing": 68.5
        },
        "parcel_component_scores": {
          "frontage_access": 100,
          "size_shape": 95.0,
          "utilities": 20,
          "flood": 75,
          "acquisition": 97.2
        },
        "acquisition_category": "EARLY SPECULATION",
        "decision_summary": "Interesting node/parcel thesis, but data freshness or execution certainty is not strong enough for active pursuit.",
        "main_risks": [
          "not on the immediate intersection",
          "mapped sewer path is unverified",
          "0.7% mapped SFHA overlap",
          "important diligence data is incomplete"
        ],
        "usable_acres_proxy": 86.13,
        "eligible": true,
        "why_this_tract": "corner exposure on a major road \u00b7 within 1 mile of the node \u00b7 4498 weighted future residential lots \u00b7 mostly raw / low-improvement land \u00b7 0.7% mapped FEMA SFHA overlap",
        "verification_notes": "Frontage is a GIS proximity proxy, not legal access. Sewer distance is a mapped-line proxy, not a capacity commitment. Confirm current title/CAD, survey, curb access, median/turn movements, ROW, flood and provider capacity."
      }
    },
    {
      "type": "Feature",
      "geometry": {
        "type": "Polygon",
        "coordinates": [
          [
            [
              -98.32478049243277,
              29.44737741234569
            ],
            [
              -98.3247531825885,
              29.44746070754858
            ],
            [
              -98.32456925908077,
              29.44802169473513
            ],
            [
              -98.32454201375502,
              29.44810500284517
            ],
            [
              -98.32435809784104,
              29.448665737979365
            ],
            [
              -98.32414701074842,
              29.449309546600595
            ],
            [
              -98.32393693207246,
              29.44995027492268
            ],
            [
              -98.33212075403759,
              29.452068619603153
            ],
            [
              -98.33287966537824,
              29.4522566752418
            ],
            [
              -98.33435003106197,
              29.45262101822465
            ],
            [
              -98.3350608665235,
              29.45279523762403
            ],
            [
              -98.33938712861185,
              29.451428942620783
            ],
            [
              -98.34055938474376,
              29.451058698472732
            ],
            [
              -98.34037483803972,
              29.450750913391104
            ],
            [
              -98.33943421684701,
              29.450510452168665
            ],
            [
              -98.33821457173944,
              29.450198650974997
            ],
            [
              -98.33315955837507,
              29.448923228484087
            ],
            [
              -98.32495164318513,
              29.44685560004722
            ],
            [
              -98.32478049243277,
              29.44737741234569
            ]
          ]
        ]
      },
      "properties": {
        "candidate_id": "Bexar:685462",
        "county": "Bexar",
        "prop_id": "685462",
        "owner": "SRP/H 10 EAST LP",
        "situs": "7810 E IH 10",
        "acres": 122.23,
        "reported_acres": 122.23,
        "geometry_acres": 122.14,
        "acres_source": "REPORTED",
        "land_value": 4712270.0,
        "assessed_value": 4712270.0,
        "improvement_value": 0.0,
        "improvement_ratio": 0.0,
        "gba": 0.0,
        "prop_use": "9",
        "legal": "NCB  17994 PT P-8C & P-8E & P-9 2016-RSVY FROM 121.01AC TO 122.23AC PER DEED 17578/2293 EXE 11-30-2015||||2016-REMAINS ACCT PER CR#36436",
        "cad_record_url": "",
        "parcel_source": "SARA / Bexar CAD",
        "parcel_snapshot": "2025-12",
        "parcel_freshness": "RECENT",
        "node_id": "INT-010",
        "node_name": "FM 1516 / I-10 East",
        "node_score": 77.6,
        "node_edge_miles": 0.733,
        "dist_score": 78,
        "acre_score": 80,
        "raw_score": 100,
        "shape_score": 74.9,
        "compactness": 0.468,
        "aspect_ratio": 4.36,
        "road_score": 100,
        "frontage_roads": [
          "IH 10 E ACCESS RD",
          "IH 10"
        ],
        "frontage_ft_proxy": 4102.0,
        "corner_signal": "STRONG",
        "major_road_signal": true,
        "mtp_row_flag": false,
        "flood_score": 55,
        "flood_pct": 25.9,
        "floodway_pct": 0.0,
        "flood_zones": [
          "AE",
          "X"
        ],
        "flood_confidence": "SCREENED",
        "future_land_use_score": 84,
        "future_land_use": [
          "Low Density Residential / I-10 East Corridor",
          "Low Density Residential / I-10 East Corridor",
          "Industrial / I-10 East Corridor"
        ],
        "aadt": 5051,
        "aadt_5yr_growth_pct": 33.5,
        "aadt_station_miles": 0.51,
        "aadt_route": "FM 1516",
        "nearest_retail_catalyst": "H-E-B Foster campus",
        "retail_catalyst_miles": 2.74,
        "future_residential_lots_nearby": 4214.4,
        "recent_housing_units_180d": 0,
        "utility_confidence": "UNKNOWN",
        "utility_provider": "SAWS",
        "utility_distance_ft": null,
        "utility_snapshot": "2021-07-21",
        "utility_context": "No mapped sewer feature returned near parcel",
        "assessed_value_per_acre": 38552.0,
        "land_value_per_acre": 38552.0,
        "parcel_opportunity_score": 75.6,
        "parcel_execution_score": 72.5,
        "parcel_fit_score": 78.1,
        "acquisition_complexity_score": 97.2,
        "utility_score": 20,
        "confidence_score": 45,
        "node_confidence_score": 94,
        "node_class": "PRIORITY NODE",
        "node_evidence_model": "Bexar detailed growth + statewide road/traffic evidence",
        "node_component_scores": {
          "residential_growth": 62.7,
          "intersection_network": 100,
          "retail_catalyst": 72,
          "traffic": 89.1,
          "timing": 57.6
        },
        "parcel_component_scores": {
          "frontage_access": 100,
          "size_shape": 78.1,
          "utilities": 20,
          "flood": 55,
          "acquisition": 97.2
        },
        "acquisition_category": "EARLY SPECULATION",
        "decision_summary": "Interesting node/parcel thesis, but data freshness or execution certainty is not strong enough for active pursuit.",
        "main_risks": [
          "not on the immediate intersection",
          "mapped sewer path is unverified",
          "25.9% mapped SFHA overlap",
          "important diligence data is incomplete"
        ],
        "usable_acres_proxy": 90.57,
        "eligible": true,
        "why_this_tract": "corner exposure on a major road \u00b7 within 1 mile of the node \u00b7 4214 weighted future residential lots \u00b7 mostly raw / low-improvement land",
        "verification_notes": "Frontage is a GIS proximity proxy, not legal access. Sewer distance is a mapped-line proxy, not a capacity commitment. Confirm current title/CAD, survey, curb access, median/turn movements, ROW, flood and provider capacity."
      }
    },
    {
      "type": "Feature",
      "geometry": {
        "type": "Polygon",
        "coordinates": [
          [
            [
              -98.29005003429668,
              29.491192085127803
            ],
            [
              -98.28997731569645,
              29.491111968398744
            ],
            [
              -98.28902643535652,
              29.490878643452447
            ],
            [
              -98.2881186157309,
              29.49063305762351
            ],
            [
              -98.28710135590123,
              29.490414143372902
            ],
            [
              -98.28708111256967,
              29.49044627392587
            ],
            [
              -98.28697536443597,
              29.49061411280399
            ],
            [
              -98.28679083833022,
              29.490906982599817
            ],
            [
              -98.28664178834359,
              29.491143544431047
            ],
            [
              -98.28662854359025,
              29.491164566067447
            ],
            [
              -98.28606215436588,
              29.492063495959407
            ],
            [
              -98.28709570243649,
              29.492257231237982
            ],
            [
              -98.28965875065221,
              29.49265541227734
            ],
            [
              -98.28979829043264,
              29.49212574564502
            ],
            [
              -98.29005003429668,
              29.491192085127803
            ]
          ]
        ]
      },
      "properties": {
        "candidate_id": "Bexar:1058772",
        "county": "Bexar",
        "prop_id": "1058772",
        "owner": "ANNA SA INVESTMENTS LLC",
        "situs": "N GRAYTOWN RD",
        "acres": 15.0,
        "reported_acres": 15.0,
        "geometry_acres": 15.25,
        "acres_source": "REPORTED",
        "land_value": 744010.0,
        "assessed_value": 744010.0,
        "improvement_value": 0.0,
        "improvement_ratio": 0.0,
        "gba": 0.0,
        "prop_use": "9",
        "legal": "NCB  16555   P-6F (4.354 AC) & P-6G (10.646 AC) NEW ACCT - MERGE (CR-7964)",
        "cad_record_url": "",
        "parcel_source": "SARA / Bexar CAD",
        "parcel_snapshot": "2025-12",
        "parcel_freshness": "RECENT",
        "node_id": "INT-016",
        "node_name": "Loop 1604 / Green Rd",
        "node_score": 77.1,
        "node_edge_miles": 0.306,
        "dist_score": 90,
        "acre_score": 100,
        "raw_score": 100,
        "shape_score": 100,
        "compactness": 0.73,
        "aspect_ratio": 1.76,
        "road_score": 94,
        "frontage_roads": [
          "N GRAYTOWN RD",
          "WAVERUNNER"
        ],
        "frontage_ft_proxy": 2203.0,
        "corner_signal": "STRONG",
        "major_road_signal": true,
        "mtp_row_flag": true,
        "flood_score": 30,
        "flood_pct": 80.7,
        "floodway_pct": 0.0,
        "flood_zones": [
          "A",
          "X"
        ],
        "flood_confidence": "SCREENED",
        "future_land_use_score": 100,
        "future_land_use": [
          "Neighborhood Commercial / I-10 East Corridor",
          "Low Density Residential / I-10 East Corridor"
        ],
        "aadt": 2381,
        "aadt_5yr_growth_pct": 7.3,
        "aadt_station_miles": 1.3,
        "aadt_route": "LOWER SEGUIN",
        "nearest_retail_catalyst": "I-10 / Loop 1604 East H-E-B",
        "retail_catalyst_miles": 2.11,
        "future_residential_lots_nearby": 3928.8,
        "recent_housing_units_180d": 0,
        "utility_confidence": "UNKNOWN",
        "utility_provider": "SAWS",
        "utility_distance_ft": null,
        "utility_snapshot": "2021-07-21",
        "utility_context": "No mapped sewer feature returned near parcel",
        "assessed_value_per_acre": 49601.0,
        "land_value_per_acre": 49601.0,
        "parcel_opportunity_score": 75.5,
        "parcel_execution_score": 73.1,
        "parcel_fit_score": 100.0,
        "acquisition_complexity_score": 97.2,
        "utility_score": 20,
        "confidence_score": 45,
        "node_confidence_score": 94,
        "node_class": "PRIORITY NODE",
        "node_evidence_model": "Bexar detailed growth + statewide road/traffic evidence",
        "node_component_scores": {
          "residential_growth": 58.3,
          "intersection_network": 100,
          "retail_catalyst": 90,
          "traffic": 78.1,
          "timing": 55.6
        },
        "parcel_component_scores": {
          "frontage_access": 94,
          "size_shape": 100.0,
          "utilities": 20,
          "flood": 30,
          "acquisition": 97.2
        },
        "acquisition_category": "REVIEW",
        "decision_summary": "Does not currently clear the acquisition-mode highlight standard.",
        "main_risks": [
          "mapped sewer path is unverified",
          "80.7% mapped SFHA overlap",
          "important diligence data is incomplete"
        ],
        "usable_acres_proxy": 2.89,
        "eligible": false,
        "why_this_tract": "corner exposure on a major road \u00b7 within \u00bd mile of the node \u00b7 3928 weighted future residential lots \u00b7 2.1 mi from I-10 / Loop 1604 East H-E-B \u00b7 mostly raw / low-improvement land",
        "verification_notes": "Frontage is a GIS proximity proxy, not legal access. Sewer distance is a mapped-line proxy, not a capacity commitment. Confirm current title/CAD, survey, curb access, median/turn movements, ROW, flood and provider capacity."
      }
    },
    {
      "type": "Feature",
      "geometry": {
        "type": "Polygon",
        "coordinates": [
          [
            [
              -98.3073516173356,
              29.503039795477925
            ],
            [
              -98.30797627210926,
              29.503196325368073
            ],
            [
              -98.3079770968996,
              29.503193180598632
            ],
            [
              -98.3080107366776,
              29.503092298524884
            ],
            [
              -98.30804648645403,
              29.502992144738368
            ],
            [
              -98.30853759764662,
              29.50151965133081
            ],
            [
              -98.3084703570695,
              29.501398784635565
            ],
            [
              -98.30745579335567,
              29.501140274145616
            ],
            [
              -98.30738661467473,
              29.501351159511664
            ],
            [
              -98.3073335189638,
              29.501508609823592
            ],
            [
              -98.30728348768706,
              29.501663602774507
            ],
            [
              -98.30723080837892,
              29.5018196800843
            ],
            [
              -98.30717675396932,
              29.501984439427087
            ],
            [
              -98.30712466124993,
              29.502141428346324
            ],
            [
              -98.3070717966941,
              29.502296762927333
            ],
            [
              -98.30700375947953,
              29.502506251790916
            ],
            [
              -98.30692706233485,
              29.502736212295876
            ],
            [
              -98.30686735534184,
              29.502918353934728
            ],
            [
              -98.3070926957723,
              29.50298214010099
            ],
            [
              -98.3073516173356,
              29.503039795477925
            ]
          ]
        ]
      },
      "properties": {
        "candidate_id": "Bexar:312393",
        "county": "Bexar",
        "prop_id": "312393",
        "owner": "RAMIREZ VICTOR H",
        "situs": "N FM 1516",
        "acres": 5.68,
        "reported_acres": 5.68,
        "geometry_acres": 5.67,
        "acres_source": "REPORTED",
        "land_value": 591870.0,
        "assessed_value": 591870.0,
        "improvement_value": 0.0,
        "improvement_ratio": 0.0,
        "gba": 0.0,
        "prop_use": "2",
        "legal": "CB 5070  P-19A  ABS 1177  (NON-ADJACENT) 2020-SPLIT PER DEED 20190145755 EXE 05-03-19",
        "cad_record_url": "",
        "parcel_source": "SARA / Bexar CAD",
        "parcel_snapshot": "2025-12",
        "parcel_freshness": "RECENT",
        "node_id": "INT-016",
        "node_name": "Loop 1604 / Green Rd",
        "node_score": 77.1,
        "node_edge_miles": 0.94,
        "dist_score": 66,
        "acre_score": 100,
        "raw_score": 100,
        "shape_score": 100,
        "compactness": 0.732,
        "aspect_ratio": 1.83,
        "road_score": 90,
        "frontage_roads": [
          "FM 1516 N",
          "FM 1516",
          "DONALAN DR"
        ],
        "frontage_ft_proxy": 757.0,
        "corner_signal": "NO",
        "major_road_signal": true,
        "mtp_row_flag": false,
        "flood_score": 45,
        "flood_pct": 11.1,
        "floodway_pct": 4.9,
        "flood_zones": [
          "AE",
          "X"
        ],
        "flood_confidence": "SCREENED",
        "future_land_use_score": 55,
        "future_land_use": [],
        "aadt": 14472,
        "aadt_5yr_growth_pct": 3.7,
        "aadt_station_miles": 0.02,
        "aadt_route": "FM 1516",
        "nearest_retail_catalyst": "I-10 / Loop 1604 East H-E-B",
        "retail_catalyst_miles": 0.86,
        "future_residential_lots_nearby": 3928.8,
        "recent_housing_units_180d": 0,
        "utility_confidence": "UNKNOWN",
        "utility_provider": "SAWS",
        "utility_distance_ft": null,
        "utility_snapshot": "2021-07-21",
        "utility_context": "No mapped sewer feature returned near parcel",
        "assessed_value_per_acre": 104202.0,
        "land_value_per_acre": 104202.0,
        "parcel_opportunity_score": 75.5,
        "parcel_execution_score": 73.0,
        "parcel_fit_score": 100.0,
        "acquisition_complexity_score": 90.2,
        "utility_score": 20,
        "confidence_score": 45,
        "node_confidence_score": 94,
        "node_class": "PRIORITY NODE",
        "node_evidence_model": "Bexar detailed growth + statewide road/traffic evidence",
        "node_component_scores": {
          "residential_growth": 58.3,
          "intersection_network": 100,
          "retail_catalyst": 90,
          "traffic": 78.1,
          "timing": 55.6
        },
        "parcel_component_scores": {
          "frontage_access": 90,
          "size_shape": 100.0,
          "utilities": 20,
          "flood": 45,
          "acquisition": 90.2
        },
        "acquisition_category": "EARLY SPECULATION",
        "decision_summary": "Interesting node/parcel thesis, but data freshness or execution certainty is not strong enough for active pursuit.",
        "main_risks": [
          "not on the immediate intersection",
          "mapped sewer path is unverified",
          "11.1% mapped SFHA overlap",
          "important diligence data is incomplete"
        ],
        "usable_acres_proxy": 5.05,
        "eligible": true,
        "why_this_tract": "major-road frontage \u00b7 within 1 mile of the node \u00b7 3928 weighted future residential lots \u00b7 0.9 mi from I-10 / Loop 1604 East H-E-B \u00b7 mostly raw / low-improvement land",
        "verification_notes": "Frontage is a GIS proximity proxy, not legal access. Sewer distance is a mapped-line proxy, not a capacity commitment. Confirm current title/CAD, survey, curb access, median/turn movements, ROW, flood and provider capacity."
      }
    },
    {
      "type": "Feature",
      "geometry": {
        "type": "Polygon",
        "coordinates": [
          [
            [
              -98.33012875589108,
              29.45530825839973
            ],
            [
              -98.3302104103407,
              29.455810672798282
            ],
            [
              -98.33039024803186,
              29.456978860813127
            ],
            [
              -98.3303920868742,
              29.45699075255431
            ],
            [
              -98.33066670530644,
              29.458774396083772
            ],
            [
              -98.33173199188506,
              29.4584442252483
            ],
            [
              -98.33134170840796,
              29.45668500187509
            ],
            [
              -98.33133981658617,
              29.45667646918374
            ],
            [
              -98.33108556907234,
              29.455530376606003
            ],
            [
              -98.33097502793112,
              29.455038299355692
            ],
            [
              -98.33012875589108,
              29.45530825839973
            ]
          ]
        ]
      },
      "properties": {
        "candidate_id": "Bexar:685395",
        "county": "Bexar",
        "prop_id": "685395",
        "owner": "7304 E IH 10 INVESTMENTS LLC",
        "situs": "8059  INTERSTATE 10 E",
        "acres": 10.03,
        "reported_acres": 10.03,
        "geometry_acres": 9.23,
        "acres_source": "REPORTED",
        "land_value": 545260.0,
        "assessed_value": 569000.0,
        "improvement_value": 23740.0,
        "improvement_ratio": 0.042,
        "gba": 6400.0,
        "prop_use": "320",
        "legal": "NCB  17990   P-7B (4.3) CB  5090  P-7B (5.725) A-739",
        "cad_record_url": "",
        "parcel_source": "SARA / Bexar CAD",
        "parcel_snapshot": "2025-12",
        "parcel_freshness": "RECENT",
        "node_id": "INT-010",
        "node_name": "FM 1516 / I-10 East",
        "node_score": 77.6,
        "node_edge_miles": 0.806,
        "dist_score": 66,
        "acre_score": 100,
        "raw_score": 93.9,
        "shape_score": 79.9,
        "compactness": 0.5,
        "aspect_ratio": 3.7,
        "road_score": 90,
        "frontage_roads": [
          "IH 10",
          "IH 10 E ACCESS RD"
        ],
        "frontage_ft_proxy": 314.0,
        "corner_signal": "NO",
        "major_road_signal": true,
        "mtp_row_flag": false,
        "flood_score": 55,
        "flood_pct": 25.7,
        "floodway_pct": 0.0,
        "flood_zones": [
          "AE",
          "X"
        ],
        "flood_confidence": "SCREENED",
        "future_land_use_score": 55,
        "future_land_use": [
          "Parks Open Space / I-10 East Corridor",
          "Low Density Residential / I-10 East Corridor"
        ],
        "aadt": 5051,
        "aadt_5yr_growth_pct": 33.5,
        "aadt_station_miles": 0.71,
        "aadt_route": "FM 1516",
        "nearest_retail_catalyst": "H-E-B Foster campus",
        "retail_catalyst_miles": 3.13,
        "future_residential_lots_nearby": 4214.4,
        "recent_housing_units_180d": 0,
        "utility_confidence": "UNKNOWN",
        "utility_provider": "SAWS",
        "utility_distance_ft": null,
        "utility_snapshot": "2021-07-21",
        "utility_context": "No mapped sewer feature returned near parcel",
        "assessed_value_per_acre": 56730.0,
        "land_value_per_acre": 54363.0,
        "parcel_opportunity_score": 75.4,
        "parcel_execution_score": 72.2,
        "parcel_fit_score": 92.4,
        "acquisition_complexity_score": 90.0,
        "utility_score": 20,
        "confidence_score": 45,
        "node_confidence_score": 94,
        "node_class": "PRIORITY NODE",
        "node_evidence_model": "Bexar detailed growth + statewide road/traffic evidence",
        "node_component_scores": {
          "residential_growth": 62.7,
          "intersection_network": 100,
          "retail_catalyst": 72,
          "traffic": 89.1,
          "timing": 57.6
        },
        "parcel_component_scores": {
          "frontage_access": 90,
          "size_shape": 92.4,
          "utilities": 20,
          "flood": 55,
          "acquisition": 90.0
        },
        "acquisition_category": "EARLY SPECULATION",
        "decision_summary": "Interesting node/parcel thesis, but data freshness or execution certainty is not strong enough for active pursuit.",
        "main_risks": [
          "not on the immediate intersection",
          "mapped sewer path is unverified",
          "25.7% mapped SFHA overlap",
          "important diligence data is incomplete"
        ],
        "usable_acres_proxy": 7.45,
        "eligible": true,
        "why_this_tract": "major-road frontage \u00b7 within 1 mile of the node \u00b7 4214 weighted future residential lots \u00b7 mostly raw / low-improvement land",
        "verification_notes": "Frontage is a GIS proximity proxy, not legal access. Sewer distance is a mapped-line proxy, not a capacity commitment. Confirm current title/CAD, survey, curb access, median/turn movements, ROW, flood and provider capacity."
      }
    },
    {
      "type": "Feature",
      "geometry": {
        "type": "Polygon",
        "coordinates": [
          [
            [
              -98.0806976474086,
              29.7599561846103
            ],
            [
              -98.0807042386039,
              29.759944773104
            ],
            [
              -98.0815521588367,
              29.7607018452048
            ],
            [
              -98.0803120294033,
              29.7616657086874
            ],
            [
              -98.0798045940428,
              29.762062208994
            ],
            [
              -98.0791557087391,
              29.7625646935832
            ],
            [
              -98.0784452566317,
              29.7631185943828
            ],
            [
              -98.0791074710262,
              29.7622596210692
            ],
            [
              -98.0795804578946,
              29.7616238578191
            ],
            [
              -98.0800581471173,
              29.7609907785916
            ],
            [
              -98.0802785519954,
              29.760649344557
            ],
            [
              -98.0804917418467,
              29.7603044415414
            ],
            [
              -98.0806976474086,
              29.7599561846103
            ]
          ]
        ]
      },
      "properties": {
        "candidate_id": "Comal:79248",
        "county": "Comal",
        "prop_id": "79248",
        "owner": "ROW JOHNNIE F",
        "verified_owner": "ROW JOHNNIE F",
        "owner_verification_match": true,
        "situs": "3981 FM 1102 NEW BRAUNFELS TX 78132",
        "acres": 5.37,
        "reported_acres": 52540.0,
        "geometry_acres": 5.37,
        "acres_source": "GEOMETRY",
        "land_value": 32340.0,
        "assessed_value": 605860.0,
        "improvement_value": 63000.0,
        "improvement_ratio": 0.104,
        "gba": 0.0,
        "prop_use": "R",
        "legal": "A-485 SUR-  2  O RUSSELL, ACRES 5.254",
        "cad_record_url": "https://gis.bisclient.com/comalcad/index.html?find=79248",
        "parcel_source": "Comal CAD public ArcGIS parcel layer",
        "parcel_snapshot": "2024-11-22",
        "parcel_freshness": "AGING",
        "cad_geometry_verified": true,
        "cad_verification_source": "Comal CAD public ArcGIS service",
        "node_id": "INT-002",
        "node_name": "I-35 / Kohlenberg Rd (Mayfair)",
        "node_score": 68.1,
        "node_edge_miles": 0.829,
        "dist_score": 66,
        "acre_score": 100,
        "raw_score": 87.5,
        "shape_score": 50.0,
        "compactness": 0.313,
        "aspect_ratio": 3.63,
        "road_score": 90,
        "frontage_roads": [
          "FM 1102"
        ],
        "frontage_ft_proxy": 418.0,
        "corner_signal": "NO",
        "major_road_signal": true,
        "mtp_row_flag": false,
        "flood_score": 100,
        "flood_pct": 0.0,
        "floodway_pct": 0.0,
        "flood_zones": [
          "X"
        ],
        "flood_confidence": "SCREENED",
        "future_land_use_score": 55,
        "future_land_use": [],
        "aadt": 9174,
        "aadt_5yr_growth_pct": 57.0,
        "aadt_station_miles": 0.96,
        "aadt_route": "FM 1102",
        "nearest_retail_catalyst": "Mayfair Costco",
        "retail_catalyst_miles": 1.76,
        "future_residential_lots_nearby": 0.0,
        "recent_housing_units_180d": 0,
        "utility_confidence": "PROXY",
        "utility_provider": "NBU",
        "utility_distance_ft": 849.0,
        "utility_snapshot": "2024-01-17",
        "utility_context": "NBU feature approximately 849 ft from parcel; capacity NOT verified",
        "assessed_value_per_acre": 112823.0,
        "land_value_per_acre": 6022.0,
        "parcel_opportunity_score": 75.4,
        "parcel_execution_score": 86.3,
        "parcel_fit_score": 81.0,
        "acquisition_complexity_score": 81.2,
        "utility_score": 82,
        "confidence_score": 72,
        "node_confidence_score": 68,
        "node_class": "EMERGING NODE",
        "node_evidence_model": "Regional corridor prior + statewide road/traffic; county housing feed incomplete",
        "node_component_scores": {
          "residential_growth": 0.0,
          "intersection_network": 88,
          "retail_catalyst": 90,
          "traffic": 65.1,
          "timing": 27.8
        },
        "parcel_component_scores": {
          "frontage_access": 90,
          "size_shape": 81.0,
          "utilities": 82,
          "flood": 100,
          "acquisition": 81.2
        },
        "acquisition_category": "WATCH",
        "decision_summary": "Strong enough to track closely; verify title, access and utility feasibility before elevating.",
        "main_risks": [
          "not on the immediate intersection",
          "utility capacity is unverified",
          "parcel geometry is less efficient",
          "county parcel snapshot is aging"
        ],
        "usable_acres_proxy": 5.37,
        "eligible": true,
        "why_this_tract": "major-road frontage \u00b7 within 1 mile of the node \u00b7 regional growth node; county housing feed incomplete \u00b7 1.8 mi from Mayfair Costco \u00b7 mapped NBU feature ~849 ft from parcel",
        "verification_notes": "Frontage is a GIS proximity proxy, not legal access. Sewer distance is a mapped-line proxy, not a capacity commitment. Confirm current title/CAD, survey, curb access, median/turn movements, ROW, flood and provider capacity.",
        "geometry_source": "Comal CAD public ArcGIS parcel layer"
      }
    },
    {
      "type": "Feature",
      "geometry": {
        "type": "Polygon",
        "coordinates": [
          [
            [
              -98.21222557237094,
              29.492249044990476
            ],
            [
              -98.2131912635604,
              29.49330706040774
            ],
            [
              -98.21455580313877,
              29.496893483435336
            ],
            [
              -98.2173543675159,
              29.495473198074237
            ],
            [
              -98.21471135746002,
              29.491413574088842
            ],
            [
              -98.21384210442851,
              29.49170191312003
            ],
            [
              -98.21222557237094,
              29.492249044990476
            ]
          ],
          [
            [
              -98.21542891204322,
              29.4948486343243
            ],
            [
              -98.21542742295176,
              29.494847074314883
            ],
            [
              -98.215426210343,
              29.494845290890453
            ],
            [
              -98.21542530716053,
              29.494843332502295
            ],
            [
              -98.21542473794163,
              29.494841252355048
            ],
            [
              -98.2154245181506,
              29.49483910696123
            ],
            [
              -98.21542465375859,
              29.49483695460596
            ],
            [
              -98.2154251410815,
              29.494834853763482
            ],
            [
              -98.21542596687993,
              29.494832861508563
            ],
            [
              -98.21542710871897,
              29.4948310319659
            ],
            [
              -98.21542853557763,
              29.494829414839714
            ],
            [
              -98.21543020869164,
              29.494828054063372
            ],
            [
              -98.21543208260657,
              29.494826986605855
            ],
            [
              -98.21543410641273,
              29.494826241467372
            ],
            [
              -98.21543622512824,
              29.49482583889152
            ],
            [
              -98.21543869498582,
              29.494825267433026
            ],
            [
              -98.21544122643114,
              29.494825131249794
            ],
            [
              -98.21544374334171,
              29.494825434436954
            ],
            [
              -98.21544617003211,
              29.49482616787744
            ],
            [
              -98.21544843352993,
              29.49482730951614
            ],
            [
              -98.21545046577005,
              29.494828825023102
            ],
            [
              -98.21545220564147,
              29.494830668825887
            ],
            [
              -98.21545360082494,
              29.49483278547994
            ],
            [
              -98.21545460936622,
              29.494835111335856
            ],
            [
              -98.21545520093771,
              29.49483757645339
            ],
            [
              -98.2154553577504,
              29.494840106704572
            ],
            [
              -98.21545507508883,
              29.49484262600283
            ],
            [
              -98.21545374833009,
              29.494845139474155
            ],
            [
              -98.21545201124079,
              29.49484738899579
            ],
            [
              -98.21544991501015,
              29.494849308277946
            ],
            [
              -98.21544752141075,
              29.494850840762453
            ],
            [
              -98.21544490097811,
              29.494851941289447
            ],
            [
              -98.2154421309322,
              29.494852577428166
            ],
            [
              -98.2154392929018,
              29.494852730432623
            ],
            [
              -98.21543647051915,
              29.494852395794016
            ],
            [
              -98.21543374695531,
              29.494851583373613
            ],
            [
              -98.21543120246938,
              29.49485031711214
            ],
            [
              -98.21542891204322,
              29.4948486343243
            ]
          ]
        ]
      },
      "properties": {
        "candidate_id": "Bexar:339362",
        "county": "Bexar",
        "prop_id": "339362",
        "owner": "RAKOWITZ SHERRY",
        "situs": "13597  INTERSTATE 10 E",
        "acres": 34.0,
        "reported_acres": 34.0,
        "geometry_acres": 35.31,
        "acres_source": "REPORTED",
        "land_value": 1404320.0,
        "assessed_value": 1416490.0,
        "improvement_value": 12170.0,
        "improvement_ratio": 0.009,
        "gba": 0.0,
        "prop_use": "9",
        "legal": "CB 5193  P-21C ABS 5  REFER TO: 05193-000-0210",
        "cad_record_url": "",
        "parcel_source": "SARA / Bexar CAD",
        "parcel_snapshot": "2025-12",
        "parcel_freshness": "RECENT",
        "node_id": "INT-006",
        "node_name": "FM 1518 / I-10",
        "node_score": 73.6,
        "node_edge_miles": 0.586,
        "dist_score": 78,
        "acre_score": 100,
        "raw_score": 99.0,
        "shape_score": 100,
        "compactness": 0.645,
        "aspect_ratio": 1.8,
        "road_score": 100,
        "frontage_roads": [
          "IH 10",
          "IH 10 E ACCESS RD",
          "IH 10 E"
        ],
        "frontage_ft_proxy": 1824.0,
        "corner_signal": "STRONG",
        "major_road_signal": true,
        "mtp_row_flag": false,
        "flood_score": 55,
        "flood_pct": 44.8,
        "floodway_pct": 0.0,
        "flood_zones": [
          "A",
          "AE",
          "X"
        ],
        "flood_confidence": "SCREENED",
        "future_land_use_score": 55,
        "future_land_use": [
          "Low Density Residential / I-10 East Corridor",
          "Parks Open Space / I-10 East Corridor",
          "Low Density Residential / I-10 East Corridor"
        ],
        "aadt": 1453,
        "aadt_5yr_growth_pct": 252.7,
        "aadt_station_miles": 0.32,
        "aadt_route": "IH 10",
        "nearest_retail_catalyst": "I-10 / Loop 1604 East H-E-B",
        "retail_catalyst_miles": 6.0,
        "future_residential_lots_nearby": 4498.5,
        "recent_housing_units_180d": 0,
        "utility_confidence": "UNKNOWN",
        "utility_provider": "SAWS",
        "utility_distance_ft": null,
        "utility_snapshot": "2021-07-21",
        "utility_context": "No mapped sewer feature returned near parcel",
        "assessed_value_per_acre": 41661.0,
        "land_value_per_acre": 41304.0,
        "parcel_opportunity_score": 75.3,
        "parcel_execution_score": 77.9,
        "parcel_fit_score": 100.0,
        "acquisition_complexity_score": 96.5,
        "utility_score": 20,
        "confidence_score": 45,
        "node_confidence_score": 94,
        "node_class": "EMERGING NODE",
        "node_evidence_model": "Bexar detailed growth + statewide road/traffic evidence",
        "node_component_scores": {
          "residential_growth": 65.2,
          "intersection_network": 100,
          "retail_catalyst": 50,
          "traffic": 77.0,
          "timing": 68.5
        },
        "parcel_component_scores": {
          "frontage_access": 100,
          "size_shape": 100.0,
          "utilities": 20,
          "flood": 55,
          "acquisition": 96.5
        },
        "acquisition_category": "EARLY SPECULATION",
        "decision_summary": "Interesting node/parcel thesis, but data freshness or execution certainty is not strong enough for active pursuit.",
        "main_risks": [
          "not on the immediate intersection",
          "mapped sewer path is unverified",
          "44.8% mapped SFHA overlap",
          "important diligence data is incomplete"
        ],
        "usable_acres_proxy": 18.77,
        "eligible": true,
        "why_this_tract": "corner exposure on a major road \u00b7 within 1 mile of the node \u00b7 4498 weighted future residential lots \u00b7 mostly raw / low-improvement land",
        "verification_notes": "Frontage is a GIS proximity proxy, not legal access. Sewer distance is a mapped-line proxy, not a capacity commitment. Confirm current title/CAD, survey, curb access, median/turn movements, ROW, flood and provider capacity."
      }
    },
    {
      "type": "Feature",
      "geometry": {
        "type": "Polygon",
        "coordinates": [
          [
            [
              -98.0747474593719,
              29.732477923928
            ],
            [
              -98.0749152599181,
              29.7323358393747
            ],
            [
              -98.0770599765502,
              29.7341876502337
            ],
            [
              -98.0771525618632,
              29.7342552729526
            ],
            [
              -98.0759263749733,
              29.7352958543268
            ],
            [
              -98.0747892063409,
              29.7343149838456
            ],
            [
              -98.0736957134847,
              29.7333721584049
            ],
            [
              -98.0747474593719,
              29.732477923928
            ]
          ]
        ]
      },
      "properties": {
        "candidate_id": "Comal:79134",
        "county": "Comal",
        "prop_id": "79134",
        "owner": "DANCING BEAR INVESTMENTS LLC",
        "situs": "0 IH 35 NEW BRAUNFELS TX 78132",
        "acres": 12.34,
        "reported_acres": 123130.0,
        "geometry_acres": 12.34,
        "acres_source": "GEOMETRY",
        "land_value": 0.0,
        "assessed_value": 4625520.0,
        "improvement_value": 0.0,
        "improvement_ratio": 0.0,
        "gba": 0.0,
        "prop_use": "R",
        "legal": "A-485 SUR-  2  O RUSSELL, ACRES 12.313",
        "cad_record_url": "https://gis.bisclient.com/comalcad/index.html?find=79134",
        "parcel_source": "Comal CAD public ArcGIS parcel layer",
        "parcel_snapshot": "2024-11-22",
        "parcel_freshness": "AGING",
        "node_id": "INT-002",
        "node_name": "I-35 / Kohlenberg Rd (Mayfair)",
        "node_score": 68.1,
        "node_edge_miles": 0.894,
        "dist_score": 66,
        "acre_score": 100,
        "raw_score": 100,
        "shape_score": 100,
        "compactness": 0.715,
        "aspect_ratio": 1.85,
        "road_score": 90,
        "frontage_roads": [
          "IH 35"
        ],
        "frontage_ft_proxy": 582.0,
        "corner_signal": "NO",
        "major_road_signal": true,
        "mtp_row_flag": false,
        "flood_score": 30,
        "flood_pct": 55.4,
        "floodway_pct": 0.0,
        "flood_zones": [
          "AE",
          "X"
        ],
        "flood_confidence": "SCREENED",
        "future_land_use_score": 55,
        "future_land_use": [],
        "aadt": 9843,
        "aadt_5yr_growth_pct": 0,
        "aadt_station_miles": 0.93,
        "aadt_route": "IH 35",
        "nearest_retail_catalyst": "Mayfair Costco",
        "retail_catalyst_miles": 1.48,
        "future_residential_lots_nearby": 0.0,
        "recent_housing_units_180d": 0,
        "utility_confidence": "PROXY",
        "utility_provider": "NBU",
        "utility_distance_ft": 0.0,
        "utility_snapshot": "2024-01-17",
        "utility_context": "NBU feature approximately 0 ft from parcel; capacity NOT verified",
        "assessed_value_per_acre": 374840.0,
        "land_value_per_acre": 0.0,
        "parcel_opportunity_score": 75.3,
        "parcel_execution_score": 86.0,
        "parcel_fit_score": 100.0,
        "acquisition_complexity_score": 81.8,
        "utility_score": 100,
        "confidence_score": 45,
        "node_confidence_score": 68,
        "node_class": "EMERGING NODE",
        "node_evidence_model": "Regional corridor prior + statewide road/traffic; county housing feed incomplete",
        "node_component_scores": {
          "residential_growth": 0.0,
          "intersection_network": 88,
          "retail_catalyst": 90,
          "traffic": 65.1,
          "timing": 27.8
        },
        "parcel_component_scores": {
          "frontage_access": 90,
          "size_shape": 100.0,
          "utilities": 100,
          "flood": 30,
          "acquisition": 81.8
        },
        "acquisition_category": "REVIEW",
        "decision_summary": "Does not currently clear the acquisition-mode highlight standard.",
        "main_risks": [
          "not on the immediate intersection",
          "utility capacity is unverified",
          "55.4% mapped SFHA overlap",
          "county parcel snapshot is aging",
          "important diligence data is incomplete"
        ],
        "usable_acres_proxy": 5.5,
        "eligible": false,
        "why_this_tract": "major-road frontage \u00b7 within 1 mile of the node \u00b7 regional growth node; county housing feed incomplete \u00b7 1.5 mi from Mayfair Costco \u00b7 mapped NBU feature ~0 ft from parcel",
        "verification_notes": "Frontage is a GIS proximity proxy, not legal access. Sewer distance is a mapped-line proxy, not a capacity commitment. Confirm current title/CAD, survey, curb access, median/turn movements, ROW, flood and provider capacity."
      }
    },
    {
      "type": "Feature",
      "geometry": {
        "type": "Polygon",
        "coordinates": [
          [
            [
              -98.30339784096981,
              29.486286830320587
            ],
            [
              -98.30413281394635,
              29.486474076724456
            ],
            [
              -98.30435749372404,
              29.486531319135956
            ],
            [
              -98.30446597074298,
              29.486171273199048
            ],
            [
              -98.30589686868693,
              29.48181284763041
            ],
            [
              -98.30479339403797,
              29.48155307355591
            ],
            [
              -98.304646785053,
              29.481975186304616
            ],
            [
              -98.30459070654518,
              29.48213933731696
            ],
            [
              -98.30453641997723,
              29.48230408962326
            ],
            [
              -98.3032656616143,
              29.48626249015198
            ],
            [
              -98.30339784096981,
              29.486286830320587
            ]
          ]
        ]
      },
      "properties": {
        "candidate_id": "Bexar:322829",
        "county": "Bexar",
        "prop_id": "322829",
        "owner": "DODD JOSE A & VIVIAN D",
        "situs": "5890  FM 1516 N",
        "acres": 15.0,
        "reported_acres": 15.0,
        "geometry_acres": 14.84,
        "acres_source": "REPORTED",
        "land_value": 435000.0,
        "assessed_value": 435000.0,
        "improvement_value": 0.0,
        "improvement_ratio": 0.0,
        "gba": 0.0,
        "prop_use": "2",
        "legal": "CB 5081 P-3 & P-3A",
        "cad_record_url": "",
        "parcel_source": "SARA / Bexar CAD",
        "parcel_snapshot": "2025-12",
        "parcel_freshness": "RECENT",
        "node_id": "INT-016",
        "node_name": "Loop 1604 / Green Rd",
        "node_score": 77.1,
        "node_edge_miles": 0.912,
        "dist_score": 66,
        "acre_score": 100,
        "raw_score": 100,
        "shape_score": 70.6,
        "compactness": 0.441,
        "aspect_ratio": 4.86,
        "road_score": 90,
        "frontage_roads": [
          "PVT RD AT 5890 FM 1516 N"
        ],
        "frontage_ft_proxy": 407.0,
        "corner_signal": "NO",
        "major_road_signal": true,
        "mtp_row_flag": false,
        "flood_score": 55,
        "flood_pct": 34.0,
        "floodway_pct": 0.0,
        "flood_zones": [
          "A",
          "X"
        ],
        "flood_confidence": "SCREENED",
        "future_land_use_score": 55,
        "future_land_use": [
          "Low Density Residential / I-10 East Corridor",
          "Parks Open Space / I-10 East Corridor"
        ],
        "aadt": 14472,
        "aadt_5yr_growth_pct": 3.7,
        "aadt_station_miles": 1.12,
        "aadt_route": "FM 1516",
        "nearest_retail_catalyst": "I-10 / Loop 1604 East H-E-B",
        "retail_catalyst_miles": 2.12,
        "future_residential_lots_nearby": 3928.8,
        "recent_housing_units_180d": 0,
        "utility_confidence": "UNKNOWN",
        "utility_provider": "SAWS",
        "utility_distance_ft": null,
        "utility_snapshot": "2021-07-21",
        "utility_context": "No mapped sewer feature returned near parcel",
        "assessed_value_per_acre": 29000.0,
        "land_value_per_acre": 29000.0,
        "parcel_opportunity_score": 75.1,
        "parcel_execution_score": 72.2,
        "parcel_fit_score": 88.8,
        "acquisition_complexity_score": 97.2,
        "utility_score": 20,
        "confidence_score": 45,
        "node_confidence_score": 94,
        "node_class": "PRIORITY NODE",
        "node_evidence_model": "Bexar detailed growth + statewide road/traffic evidence",
        "node_component_scores": {
          "residential_growth": 58.3,
          "intersection_network": 100,
          "retail_catalyst": 90,
          "traffic": 78.1,
          "timing": 55.6
        },
        "parcel_component_scores": {
          "frontage_access": 90,
          "size_shape": 88.8,
          "utilities": 20,
          "flood": 55,
          "acquisition": 97.2
        },
        "acquisition_category": "EARLY SPECULATION",
        "decision_summary": "Interesting node/parcel thesis, but data freshness or execution certainty is not strong enough for active pursuit.",
        "main_risks": [
          "not on the immediate intersection",
          "mapped sewer path is unverified",
          "34.0% mapped SFHA overlap",
          "important diligence data is incomplete"
        ],
        "usable_acres_proxy": 9.9,
        "eligible": true,
        "why_this_tract": "major-road frontage \u00b7 within 1 mile of the node \u00b7 3928 weighted future residential lots \u00b7 2.1 mi from I-10 / Loop 1604 East H-E-B \u00b7 mostly raw / low-improvement land",
        "verification_notes": "Frontage is a GIS proximity proxy, not legal access. Sewer distance is a mapped-line proxy, not a capacity commitment. Confirm current title/CAD, survey, curb access, median/turn movements, ROW, flood and provider capacity."
      }
    },
    {
      "type": "Feature",
      "geometry": {
        "type": "Polygon",
        "coordinates": [
          [
            [
              -98.30699232420764,
              29.482058676347275
            ],
            [
              -98.30555656625181,
              29.48644938872789
            ],
            [
              -98.30543637891003,
              29.48681691884799
            ],
            [
              -98.3065327924341,
              29.4870924173122
            ],
            [
              -98.30808868887439,
              29.48233416229535
            ],
            [
              -98.30741271311115,
              29.482164311129388
            ],
            [
              -98.30699232420764,
              29.482058676347275
            ]
          ]
        ]
      },
      "properties": {
        "candidate_id": "Bexar:322832",
        "county": "Bexar",
        "prop_id": "322832",
        "owner": "KING KREG A",
        "situs": "5880  FM 1516 N",
        "acres": 14.99,
        "reported_acres": 14.99,
        "geometry_acres": 14.99,
        "acres_source": "REPORTED",
        "land_value": 313680.0,
        "assessed_value": 313680.0,
        "improvement_value": 0.0,
        "improvement_ratio": 0.0,
        "gba": 0.0,
        "prop_use": "2",
        "legal": "CB 5081 P-5 ABS 30   2019-RSVY FROM 15AC TO 14.992AC PER DEED 20180033844 EXE 02-20-2018||||",
        "cad_record_url": "",
        "parcel_source": "SARA / Bexar CAD",
        "parcel_snapshot": "2025-12",
        "parcel_freshness": "RECENT",
        "node_id": "INT-016",
        "node_name": "Loop 1604 / Green Rd",
        "node_score": 77.1,
        "node_edge_miles": 0.98,
        "dist_score": 66,
        "acre_score": 100,
        "raw_score": 100,
        "shape_score": 70.2,
        "compactness": 0.439,
        "aspect_ratio": 4.96,
        "road_score": 90,
        "frontage_roads": [
          "PVT RD AT 5890 FM 1516 N"
        ],
        "frontage_ft_proxy": 426.0,
        "corner_signal": "NO",
        "major_road_signal": true,
        "mtp_row_flag": false,
        "flood_score": 55,
        "flood_pct": 39.6,
        "floodway_pct": 0.0,
        "flood_zones": [
          "A",
          "X"
        ],
        "flood_confidence": "SCREENED",
        "future_land_use_score": 55,
        "future_land_use": [
          "Low Density Residential / I-10 East Corridor",
          "Parks Open Space / I-10 East Corridor"
        ],
        "aadt": 14472,
        "aadt_5yr_growth_pct": 3.7,
        "aadt_station_miles": 1.06,
        "aadt_route": "FM 1516",
        "nearest_retail_catalyst": "I-10 / Loop 1604 East H-E-B",
        "retail_catalyst_miles": 2.06,
        "future_residential_lots_nearby": 3928.8,
        "recent_housing_units_180d": 0,
        "utility_confidence": "UNKNOWN",
        "utility_provider": "SAWS",
        "utility_distance_ft": null,
        "utility_snapshot": "2021-07-21",
        "utility_context": "No mapped sewer feature returned near parcel",
        "assessed_value_per_acre": 20926.0,
        "land_value_per_acre": 20926.0,
        "parcel_opportunity_score": 75.1,
        "parcel_execution_score": 72.2,
        "parcel_fit_score": 88.7,
        "acquisition_complexity_score": 97.2,
        "utility_score": 20,
        "confidence_score": 45,
        "node_confidence_score": 94,
        "node_class": "PRIORITY NODE",
        "node_evidence_model": "Bexar detailed growth + statewide road/traffic evidence",
        "node_component_scores": {
          "residential_growth": 58.3,
          "intersection_network": 100,
          "retail_catalyst": 90,
          "traffic": 78.1,
          "timing": 55.6
        },
        "parcel_component_scores": {
          "frontage_access": 90,
          "size_shape": 88.7,
          "utilities": 20,
          "flood": 55,
          "acquisition": 97.2
        },
        "acquisition_category": "EARLY SPECULATION",
        "decision_summary": "Interesting node/parcel thesis, but data freshness or execution certainty is not strong enough for active pursuit.",
        "main_risks": [
          "not on the immediate intersection",
          "mapped sewer path is unverified",
          "39.6% mapped SFHA overlap",
          "important diligence data is incomplete"
        ],
        "usable_acres_proxy": 9.05,
        "eligible": true,
        "why_this_tract": "major-road frontage \u00b7 within 1 mile of the node \u00b7 3928 weighted future residential lots \u00b7 2.1 mi from I-10 / Loop 1604 East H-E-B \u00b7 mostly raw / low-improvement land",
        "verification_notes": "Frontage is a GIS proximity proxy, not legal access. Sewer distance is a mapped-line proxy, not a capacity commitment. Confirm current title/CAD, survey, curb access, median/turn movements, ROW, flood and provider capacity."
      }
    },
    {
      "type": "Feature",
      "geometry": {
        "type": "Polygon",
        "coordinates": [
          [
            [
              -98.31084517703962,
              29.462630365304545
            ],
            [
              -98.31065706452782,
              29.463213436230006
            ],
            [
              -98.31141061826182,
              29.463400086807173
            ],
            [
              -98.31361033361888,
              29.463947231786097
            ],
            [
              -98.31370963849564,
              29.46364790144842
            ],
            [
              -98.31533858959627,
              29.46405454733991
            ],
            [
              -98.31539884903458,
              29.464069945377876
            ],
            [
              -98.31558741453864,
              29.463584308979517
            ],
            [
              -98.31552761219595,
              29.463569362715376
            ],
            [
              -98.31416399393525,
              29.463250010723595
            ],
            [
              -98.31286007863247,
              29.46292699421741
            ],
            [
              -98.3115546398723,
              29.46260358803371
            ],
            [
              -98.31090575481682,
              29.46244282838559
            ],
            [
              -98.31084517703962,
              29.462630365304545
            ]
          ]
        ]
      },
      "properties": {
        "candidate_id": "Bexar:323299",
        "county": "Bexar",
        "prop_id": "323299",
        "owner": "GUERRA LAZARO YOSIEL TUERO & SANCHEZ OJEDA MAYLE ACELA",
        "situs": "3810  FM 1516 N",
        "acres": 8.91,
        "reported_acres": 8.91,
        "geometry_acres": 8.89,
        "acres_source": "REPORTED",
        "land_value": 120130.0,
        "assessed_value": 123910.0,
        "improvement_value": 3780.0,
        "improvement_ratio": 0.031,
        "gba": 0.0,
        "prop_use": "2",
        "legal": "CB 5089 P-18 ABS 45",
        "cad_record_url": "",
        "parcel_source": "SARA / Bexar CAD",
        "parcel_snapshot": "2025-12",
        "parcel_freshness": "RECENT",
        "node_id": "INT-010",
        "node_name": "FM 1516 / I-10 East",
        "node_score": 77.6,
        "node_edge_miles": 0.344,
        "dist_score": 90,
        "acre_score": 100,
        "raw_score": 96.3,
        "shape_score": 56.1,
        "compactness": 0.361,
        "aspect_ratio": 5.23,
        "road_score": 100,
        "frontage_roads": [
          "FM 1516 N",
          "FM 1516"
        ],
        "frontage_ft_proxy": 544.0,
        "corner_signal": "STRONG",
        "major_road_signal": true,
        "mtp_row_flag": true,
        "flood_score": 30,
        "flood_pct": 97.1,
        "floodway_pct": 0.0,
        "flood_zones": [
          "AE",
          "X"
        ],
        "flood_confidence": "SCREENED",
        "future_land_use_score": 55,
        "future_land_use": [
          "Parks Open Space / I-10 East Corridor"
        ],
        "aadt": 15252,
        "aadt_5yr_growth_pct": 90.7,
        "aadt_station_miles": 0.14,
        "aadt_route": "FM 1516",
        "nearest_retail_catalyst": "I-10 / Loop 1604 East H-E-B",
        "retail_catalyst_miles": 3.5,
        "future_residential_lots_nearby": 4214.4,
        "recent_housing_units_180d": 0,
        "utility_confidence": "UNKNOWN",
        "utility_provider": "SAWS",
        "utility_distance_ft": null,
        "utility_snapshot": "2021-07-21",
        "utility_context": "No mapped sewer feature returned near parcel",
        "assessed_value_per_acre": 13907.0,
        "land_value_per_acre": 13483.0,
        "parcel_opportunity_score": 74.7,
        "parcel_execution_score": 70.4,
        "parcel_fit_score": 83.3,
        "acquisition_complexity_score": 94.5,
        "utility_score": 20,
        "confidence_score": 45,
        "node_confidence_score": 94,
        "node_class": "PRIORITY NODE",
        "node_evidence_model": "Bexar detailed growth + statewide road/traffic evidence",
        "node_component_scores": {
          "residential_growth": 62.7,
          "intersection_network": 100,
          "retail_catalyst": 72,
          "traffic": 89.1,
          "timing": 57.6
        },
        "parcel_component_scores": {
          "frontage_access": 100,
          "size_shape": 83.3,
          "utilities": 20,
          "flood": 30,
          "acquisition": 94.5
        },
        "acquisition_category": "REVIEW",
        "decision_summary": "Does not currently clear the acquisition-mode highlight standard.",
        "main_risks": [
          "mapped sewer path is unverified",
          "97.1% mapped SFHA overlap",
          "important diligence data is incomplete"
        ],
        "usable_acres_proxy": 0.26,
        "eligible": false,
        "why_this_tract": "corner exposure on a major road \u00b7 within \u00bd mile of the node \u00b7 4214 weighted future residential lots \u00b7 mostly raw / low-improvement land",
        "verification_notes": "Frontage is a GIS proximity proxy, not legal access. Sewer distance is a mapped-line proxy, not a capacity commitment. Confirm current title/CAD, survey, curb access, median/turn movements, ROW, flood and provider capacity."
      }
    },
    {
      "type": "Feature",
      "geometry": {
        "type": "Polygon",
        "coordinates": [
          [
            [
              -98.0668420534387,
              29.7391710434382
            ],
            [
              -98.0668881675795,
              29.7391318509332
            ],
            [
              -98.0677346861199,
              29.7384172561967
            ],
            [
              -98.0677837288044,
              29.738375854978
            ],
            [
              -98.0700365725946,
              29.740216871144
            ],
            [
              -98.069042929893,
              29.7410580887384
            ],
            [
              -98.0668432989154,
              29.7391721107775
            ],
            [
              -98.0668420534387,
              29.7391710434382
            ]
          ]
        ]
      },
      "properties": {
        "candidate_id": "Comal:79220",
        "county": "Comal",
        "prop_id": "79220",
        "owner": "TURNER MICHAEL SCOTT",
        "situs": "3951 IH 35 N NEW BRAUNFELS TX 78130",
        "acres": 9.61,
        "reported_acres": 100000.0,
        "geometry_acres": 9.61,
        "acres_source": "GEOMETRY",
        "land_value": 1858180.0,
        "assessed_value": 1858180.0,
        "improvement_value": 0.0,
        "improvement_ratio": 0.0,
        "gba": 0.0,
        "prop_use": "R",
        "legal": "A-485 SUR-  2  O RUSSELL, ACRES 10.",
        "cad_record_url": "https://gis.bisclient.com/comalcad/index.html?find=79220",
        "parcel_source": "Comal CAD public ArcGIS parcel layer",
        "parcel_snapshot": "2024-11-22",
        "parcel_freshness": "AGING",
        "node_id": "INT-002",
        "node_name": "I-35 / Kohlenberg Rd (Mayfair)",
        "node_score": 68.1,
        "node_edge_miles": 0.76,
        "dist_score": 66,
        "acre_score": 100,
        "raw_score": 100,
        "shape_score": 100,
        "compactness": 0.664,
        "aspect_ratio": 2.25,
        "road_score": 90,
        "frontage_roads": [
          "IH 35"
        ],
        "frontage_ft_proxy": 463.0,
        "corner_signal": "NO",
        "major_road_signal": true,
        "mtp_row_flag": false,
        "flood_score": 10,
        "flood_pct": 88.6,
        "floodway_pct": 14.2,
        "flood_zones": [
          "AE",
          "X"
        ],
        "flood_confidence": "SCREENED",
        "future_land_use_score": 55,
        "future_land_use": [],
        "aadt": 7372,
        "aadt_5yr_growth_pct": -0.2,
        "aadt_station_miles": 0.8,
        "aadt_route": "-",
        "nearest_retail_catalyst": "Mayfair Costco",
        "retail_catalyst_miles": 0.9,
        "future_residential_lots_nearby": 0.0,
        "recent_housing_units_180d": 0,
        "utility_confidence": "PROXY",
        "utility_provider": "NBU",
        "utility_distance_ft": 0.0,
        "utility_snapshot": "2024-01-17",
        "utility_context": "NBU feature approximately 0 ft from parcel; capacity NOT verified",
        "assessed_value_per_acre": 193359.0,
        "land_value_per_acre": 193359.0,
        "parcel_opportunity_score": 74.7,
        "parcel_execution_score": 84.6,
        "parcel_fit_score": 100.0,
        "acquisition_complexity_score": 90.2,
        "utility_score": 100,
        "confidence_score": 45,
        "node_confidence_score": 68,
        "node_class": "EMERGING NODE",
        "node_evidence_model": "Regional corridor prior + statewide road/traffic; county housing feed incomplete",
        "node_component_scores": {
          "residential_growth": 0.0,
          "intersection_network": 88,
          "retail_catalyst": 90,
          "traffic": 65.1,
          "timing": 27.8
        },
        "parcel_component_scores": {
          "frontage_access": 90,
          "size_shape": 100.0,
          "utilities": 100,
          "flood": 10,
          "acquisition": 90.2
        },
        "acquisition_category": "REVIEW",
        "decision_summary": "Does not currently clear the acquisition-mode highlight standard.",
        "main_risks": [
          "not on the immediate intersection",
          "utility capacity is unverified",
          "88.6% mapped SFHA overlap",
          "county parcel snapshot is aging",
          "important diligence data is incomplete"
        ],
        "usable_acres_proxy": 1.1,
        "eligible": false,
        "why_this_tract": "major-road frontage \u00b7 within 1 mile of the node \u00b7 regional growth node; county housing feed incomplete \u00b7 0.9 mi from Mayfair Costco \u00b7 mapped NBU feature ~0 ft from parcel",
        "verification_notes": "Frontage is a GIS proximity proxy, not legal access. Sewer distance is a mapped-line proxy, not a capacity commitment. Confirm current title/CAD, survey, curb access, median/turn movements, ROW, flood and provider capacity."
      }
    },
    {
      "type": "Feature",
      "geometry": {
        "type": "Polygon",
        "coordinates": [
          [
            [
              -98.31639800519525,
              29.462799432831094
            ],
            [
              -98.31612034574415,
              29.462867569499995
            ],
            [
              -98.31602705134027,
              29.463155363878037
            ],
            [
              -98.31604224428052,
              29.46315935585744
            ],
            [
              -98.31592511839858,
              29.463520240713418
            ],
            [
              -98.3159251120857,
              29.4635202596296
            ],
            [
              -98.31598983504735,
              29.46353608538912
            ],
            [
              -98.31621615369171,
              29.46359101133106
            ],
            [
              -98.3164432695493,
              29.463646253164832
            ],
            [
              -98.31662245458729,
              29.46368983529802
            ],
            [
              -98.31679279718884,
              29.463731267797648
            ],
            [
              -98.3169631378783,
              29.463772698264734
            ],
            [
              -98.31713348075574,
              29.463814130329453
            ],
            [
              -98.31730382171502,
              29.463855561263898
            ],
            [
              -98.31747416590531,
              29.463896991996712
            ],
            [
              -98.31764450920248,
              29.46393842250679
            ],
            [
              -98.31781485263157,
              29.463979853701733
            ],
            [
              -98.31797509357733,
              29.464018826660585
            ],
            [
              -98.31810388306357,
              29.464050150678887
            ],
            [
              -98.318535859626,
              29.463886158606332
            ],
            [
              -98.31861104883593,
              29.463646580810366
            ],
            [
              -98.31863390509223,
              29.463576669076307
            ],
            [
              -98.31868133851567,
              29.463431557808597
            ],
            [
              -98.31872877282964,
              29.463286447427638
            ],
            [
              -98.31876205191496,
              29.463184640713287
            ],
            [
              -98.31859310549004,
              29.463138100838027
            ],
            [
              -98.31844313319871,
              29.46309678715034
            ],
            [
              -98.31829315999751,
              29.4630554732888
            ],
            [
              -98.31814318897335,
              29.463014160171387
            ],
            [
              -98.3179932170333,
              29.462972847782417
            ],
            [
              -98.31784324419529,
              29.46293153341501
            ],
            [
              -98.31769327249737,
              29.462890220688756
            ],
            [
              -98.3175433009265,
              29.462848906891587
            ],
            [
              -98.31739332947676,
              29.462807592925866
            ],
            [
              -98.31724335814202,
              29.462766279693763
            ],
            [
              -98.31716841677313,
              29.462745635421747
            ],
            [
              -98.31687712498918,
              29.46268389676863
            ],
            [
              -98.31639800519525,
              29.462799432831094
            ]
          ]
        ]
      },
      "properties": {
        "candidate_id": "Bexar:1081292",
        "county": "Bexar",
        "prop_id": "1081292",
        "owner": "TEXAS PMR INC",
        "situs": "8600  KEY SOUTH WAY",
        "acres": 6.43,
        "reported_acres": 6.43,
        "geometry_acres": 6.69,
        "acres_source": "REPORTED",
        "land_value": 100.0,
        "assessed_value": 100.0,
        "improvement_value": 0.0,
        "improvement_ratio": 0.0,
        "gba": 0.0,
        "prop_use": "1",
        "legal": "CB 5065B (KEY LARGO SUBD), BLOCK 10 LOT 2 (PRIVATE DRAINAGE ESMT) 2020-RMS PER SPLIT PER DEED 20190230072 EXE 10-02-19.////PLAT 9573/13-15 FOR 2007 FILED 11/1/2006",
        "cad_record_url": "",
        "parcel_source": "SARA / Bexar CAD",
        "parcel_snapshot": "2025-12",
        "parcel_freshness": "RECENT",
        "node_id": "INT-010",
        "node_name": "FM 1516 / I-10 East",
        "node_score": 77.6,
        "node_edge_miles": 0.269,
        "dist_score": 90,
        "acre_score": 100,
        "raw_score": 100,
        "shape_score": 100,
        "compactness": 0.716,
        "aspect_ratio": 2.23,
        "road_score": 84,
        "frontage_roads": [
          "FM 1516",
          "FM 1516 N"
        ],
        "frontage_ft_proxy": 0.0,
        "corner_signal": "NO",
        "major_road_signal": true,
        "mtp_row_flag": false,
        "flood_score": 30,
        "flood_pct": 94.0,
        "floodway_pct": 0.0,
        "flood_zones": [
          "AE",
          "X"
        ],
        "flood_confidence": "SCREENED",
        "future_land_use_score": 55,
        "future_land_use": [
          "Low Density Residential / I-10 East Corridor",
          "Low Density Residential / I-10 East Corridor",
          "Parks Open Space / I-10 East Corridor"
        ],
        "aadt": 15252,
        "aadt_5yr_growth_pct": 90.7,
        "aadt_station_miles": 0.08,
        "aadt_route": "FM 1516",
        "nearest_retail_catalyst": "I-10 / Loop 1604 East H-E-B",
        "retail_catalyst_miles": 3.51,
        "future_residential_lots_nearby": 4214.4,
        "recent_housing_units_180d": 0,
        "utility_confidence": "UNKNOWN",
        "utility_provider": "SAWS",
        "utility_distance_ft": null,
        "utility_snapshot": "2021-07-21",
        "utility_context": "No mapped sewer feature returned near parcel",
        "assessed_value_per_acre": 16.0,
        "land_value_per_acre": 16.0,
        "parcel_opportunity_score": 74.6,
        "parcel_execution_score": 70.1,
        "parcel_fit_score": 100.0,
        "acquisition_complexity_score": 97.2,
        "utility_score": 20,
        "confidence_score": 45,
        "node_confidence_score": 94,
        "node_class": "PRIORITY NODE",
        "node_evidence_model": "Bexar detailed growth + statewide road/traffic evidence",
        "node_component_scores": {
          "residential_growth": 62.7,
          "intersection_network": 100,
          "retail_catalyst": 72,
          "traffic": 89.1,
          "timing": 57.6
        },
        "parcel_component_scores": {
          "frontage_access": 84,
          "size_shape": 100.0,
          "utilities": 20,
          "flood": 30,
          "acquisition": 97.2
        },
        "acquisition_category": "REVIEW",
        "decision_summary": "Does not currently clear the acquisition-mode highlight standard.",
        "main_risks": [
          "limited frontage proxy",
          "mapped sewer path is unverified",
          "94.0% mapped SFHA overlap",
          "important diligence data is incomplete"
        ],
        "usable_acres_proxy": 0.39,
        "eligible": false,
        "why_this_tract": "major-road frontage \u00b7 within \u00bd mile of the node \u00b7 4214 weighted future residential lots \u00b7 mostly raw / low-improvement land",
        "verification_notes": "Frontage is a GIS proximity proxy, not legal access. Sewer distance is a mapped-line proxy, not a capacity commitment. Confirm current title/CAD, survey, curb access, median/turn movements, ROW, flood and provider capacity."
      }
    },
    {
      "type": "Feature",
      "geometry": {
        "type": "Polygon",
        "coordinates": [
          [
            [
              -98.1959229166871,
              29.7329290906997
            ],
            [
              -98.1955687713834,
              29.7326559107163
            ],
            [
              -98.1955144361912,
              29.732658835622
            ],
            [
              -98.1955020671123,
              29.7326595013551
            ],
            [
              -98.1944647213537,
              29.7318579160578
            ],
            [
              -98.1943862448946,
              29.731797509288
            ],
            [
              -98.1947009926068,
              29.7315639423032
            ],
            [
              -98.1954757402609,
              29.7309890111047
            ],
            [
              -98.1955390111598,
              29.7309420575094
            ],
            [
              -98.1961034299063,
              29.7305232028762
            ],
            [
              -98.1969066552062,
              29.7299739825928
            ],
            [
              -98.1969616830174,
              29.7299363565712
            ],
            [
              -98.197166220958,
              29.7297964978863
            ],
            [
              -98.1972210448107,
              29.7297590103966
            ],
            [
              -98.1975444634453,
              29.7295378616316
            ],
            [
              -98.1976022645583,
              29.729498338045
            ],
            [
              -98.1976421244969,
              29.7294710828247
            ],
            [
              -98.1976471449445,
              29.7294676487394
            ],
            [
              -98.1976834378491,
              29.7294428319714
            ],
            [
              -98.1979420995205,
              29.7292659611025
            ],
            [
              -98.197980829188,
              29.7292394786478
            ],
            [
              -98.1983714942607,
              29.7289723419176
            ],
            [
              -98.1983978967775,
              29.7289542884991
            ],
            [
              -98.1983988241308,
              29.7289536542757
            ],
            [
              -98.1984212396524,
              29.7289383264827
            ],
            [
              -98.1984331662429,
              29.7289535933084
            ],
            [
              -98.1997738635932,
              29.7306696528132
            ],
            [
              -98.2000162648284,
              29.7309964027467
            ],
            [
              -98.2004910404659,
              29.7315768214505
            ],
            [
              -98.1972292919685,
              29.7335537041005
            ],
            [
              -98.1969112185447,
              29.7337464741236
            ],
            [
              -98.1969084005508,
              29.733744300164
            ],
            [
              -98.1959270299975,
              29.7329873076183
            ],
            [
              -98.1959229166871,
              29.7329290906997
            ]
          ]
        ]
      },
      "properties": {
        "candidate_id": "Comal:72862",
        "county": "Comal",
        "prop_id": "72862",
        "owner": "STAATS VIRGINIA",
        "verified_owner": "STAATS VIRGINIA",
        "owner_verification_match": true,
        "situs": "2815 STATE HWY 46 W NEW BRAUNFELS TX 78132",
        "acres": 38.66,
        "reported_acres": 412030.0,
        "geometry_acres": 38.66,
        "acres_source": "GEOMETRY",
        "land_value": 0.0,
        "assessed_value": 5772080.0,
        "improvement_value": 0.0,
        "improvement_ratio": 0.0,
        "gba": 0.0,
        "prop_use": "R",
        "legal": "A-530 SUR-277  J STARK, ACRES 41.203",
        "cad_record_url": "https://gis.bisclient.com/comalcad/index.html?find=72862",
        "parcel_source": "Comal CAD public ArcGIS parcel layer",
        "parcel_snapshot": "2024-11-22",
        "parcel_freshness": "AGING",
        "cad_geometry_verified": true,
        "cad_verification_source": "Comal CAD public ArcGIS service",
        "node_id": "INT-007",
        "node_name": "Loop 337 / Word Pkwy (Veramendi)",
        "node_score": 61.6,
        "node_edge_miles": 0.969,
        "dist_score": 66,
        "acre_score": 100,
        "raw_score": 100,
        "shape_score": 100,
        "compactness": 0.76,
        "aspect_ratio": 1.41,
        "road_score": 84,
        "frontage_roads": [
          "SH 46"
        ],
        "frontage_ft_proxy": 0.0,
        "corner_signal": "NO",
        "major_road_signal": true,
        "mtp_row_flag": false,
        "flood_score": 100,
        "flood_pct": 0.0,
        "floodway_pct": 0.0,
        "flood_zones": [
          "X"
        ],
        "flood_confidence": "SCREENED",
        "future_land_use_score": 55,
        "future_land_use": [],
        "aadt": 29278,
        "aadt_5yr_growth_pct": 38.5,
        "aadt_station_miles": 0.61,
        "aadt_route": "SH 46",
        "nearest_retail_catalyst": "Veramendi mixed-use / future Market Center",
        "retail_catalyst_miles": 1.16,
        "future_residential_lots_nearby": 0.0,
        "recent_housing_units_180d": 0,
        "utility_confidence": "PROXY",
        "utility_provider": "NBU",
        "utility_distance_ft": 2.0,
        "utility_snapshot": "2024-01-17",
        "utility_context": "NBU feature approximately 2 ft from parcel; capacity NOT verified",
        "assessed_value_per_acre": 149304.0,
        "land_value_per_acre": 0.0,
        "parcel_opportunity_score": 74.5,
        "parcel_execution_score": 93.9,
        "parcel_fit_score": 100.0,
        "acquisition_complexity_score": 90.2,
        "utility_score": 100,
        "confidence_score": 72,
        "node_confidence_score": 68,
        "node_class": "WATCH NODE",
        "node_evidence_model": "Regional corridor prior + statewide road/traffic; county housing feed incomplete",
        "node_component_scores": {
          "residential_growth": 0.0,
          "intersection_network": 68,
          "retail_catalyst": 100,
          "traffic": 58.2,
          "timing": 27.8
        },
        "parcel_component_scores": {
          "frontage_access": 84,
          "size_shape": 100.0,
          "utilities": 100,
          "flood": 100,
          "acquisition": 90.2
        },
        "acquisition_category": "WATCH",
        "decision_summary": "Strong enough to track closely; verify title, access and utility feasibility before elevating.",
        "main_risks": [
          "not on the immediate intersection",
          "limited frontage proxy",
          "utility capacity is unverified",
          "county parcel snapshot is aging"
        ],
        "usable_acres_proxy": 38.66,
        "eligible": true,
        "why_this_tract": "major-road frontage \u00b7 within 1 mile of the node \u00b7 regional growth node; county housing feed incomplete \u00b7 1.2 mi from Veramendi mixed-use / future Market Center \u00b7 mapped NBU feature ~2 ft from parcel",
        "verification_notes": "Frontage is a GIS proximity proxy, not legal access. Sewer distance is a mapped-line proxy, not a capacity commitment. Confirm current title/CAD, survey, curb access, median/turn movements, ROW, flood and provider capacity.",
        "geometry_source": "Comal CAD public ArcGIS parcel layer"
      }
    },
    {
      "type": "Feature",
      "geometry": {
        "type": "Polygon",
        "coordinates": [
          [
            [
              -98.3283561358994,
              29.455999077299946
            ],
            [
              -98.32835378726116,
              29.457592523479583
            ],
            [
              -98.32838588187266,
              29.457614331216348
            ],
            [
              -98.32865785520917,
              29.457799131249555
            ],
            [
              -98.32865724603809,
              29.45821831723596
            ],
            [
              -98.3293929687014,
              29.458219143825737
            ],
            [
              -98.3293940140137,
              29.45743851794274
            ],
            [
              -98.32939420977159,
              29.45729266855838
            ],
            [
              -98.32939478146027,
              29.456865209037485
            ],
            [
              -98.32939654341486,
              29.455549862776238
            ],
            [
              -98.32920475295495,
              29.455730160847473
            ],
            [
              -98.3283561358994,
              29.455999077299946
            ]
          ]
        ]
      },
      "properties": {
        "candidate_id": "Bexar:685400",
        "county": "Bexar",
        "prop_id": "685400",
        "owner": "HINTON TOM & SHEONA",
        "situs": "8155  INTERSTATE 10 E",
        "acres": 6.2,
        "reported_acres": 6.2,
        "geometry_acres": 6.19,
        "acres_source": "REPORTED",
        "land_value": 40480.0,
        "assessed_value": 40480.0,
        "improvement_value": 0.0,
        "improvement_ratio": 0.0,
        "gba": 0.0,
        "prop_use": "97",
        "legal": "NCB 17990  P-7G OR TR 5 (4.379AC) & CB 5090 P-7G OR TR 5 (1.816AC) ABS 739 2023-RSVY FROM 6.237AC TO 6.195AC PER DEED 20220019540||||2018-MERGE/SPLIT PER DEED 18313/1026 EXE 01-17-2017||||",
        "cad_record_url": "",
        "parcel_source": "SARA / Bexar CAD",
        "parcel_snapshot": "2025-12",
        "parcel_freshness": "RECENT",
        "node_id": "INT-010",
        "node_name": "FM 1516 / I-10 East",
        "node_score": 77.6,
        "node_edge_miles": 0.679,
        "dist_score": 78,
        "acre_score": 100,
        "raw_score": 100,
        "shape_score": 91.4,
        "compactness": 0.572,
        "aspect_ratio": 2.93,
        "road_score": 84,
        "frontage_roads": [
          "IH 10",
          "IH 10 E ACCESS RD"
        ],
        "frontage_ft_proxy": 35.0,
        "corner_signal": "NO",
        "major_road_signal": true,
        "mtp_row_flag": false,
        "flood_score": 30,
        "flood_pct": 100.0,
        "floodway_pct": 0.0,
        "flood_zones": [
          "AE"
        ],
        "flood_confidence": "SCREENED",
        "future_land_use_score": 55,
        "future_land_use": [
          "Parks Open Space / I-10 East Corridor"
        ],
        "aadt": 5051,
        "aadt_5yr_growth_pct": 33.5,
        "aadt_station_miles": 0.61,
        "aadt_route": "FM 1516",
        "nearest_retail_catalyst": "H-E-B Foster campus",
        "retail_catalyst_miles": 3.2,
        "future_residential_lots_nearby": 4214.4,
        "recent_housing_units_180d": 0,
        "utility_confidence": "UNKNOWN",
        "utility_provider": "SAWS",
        "utility_distance_ft": null,
        "utility_snapshot": "2021-07-21",
        "utility_context": "No mapped sewer feature returned near parcel",
        "assessed_value_per_acre": 6529.0,
        "land_value_per_acre": 6529.0,
        "parcel_opportunity_score": 74.3,
        "parcel_execution_score": 69.3,
        "parcel_fit_score": 96.7,
        "acquisition_complexity_score": 97.2,
        "utility_score": 20,
        "confidence_score": 45,
        "node_confidence_score": 94,
        "node_class": "PRIORITY NODE",
        "node_evidence_model": "Bexar detailed growth + statewide road/traffic evidence",
        "node_component_scores": {
          "residential_growth": 62.7,
          "intersection_network": 100,
          "retail_catalyst": 72,
          "traffic": 89.1,
          "timing": 57.6
        },
        "parcel_component_scores": {
          "frontage_access": 84,
          "size_shape": 96.7,
          "utilities": 20,
          "flood": 30,
          "acquisition": 97.2
        },
        "acquisition_category": "REVIEW",
        "decision_summary": "Does not currently clear the acquisition-mode highlight standard.",
        "main_risks": [
          "not on the immediate intersection",
          "limited frontage proxy",
          "mapped sewer path is unverified",
          "100.0% mapped SFHA overlap",
          "important diligence data is incomplete"
        ],
        "usable_acres_proxy": 0,
        "eligible": false,
        "why_this_tract": "major-road frontage \u00b7 within 1 mile of the node \u00b7 4214 weighted future residential lots \u00b7 mostly raw / low-improvement land",
        "verification_notes": "Frontage is a GIS proximity proxy, not legal access. Sewer distance is a mapped-line proxy, not a capacity commitment. Confirm current title/CAD, survey, curb access, median/turn movements, ROW, flood and provider capacity."
      }
    },
    {
      "type": "Feature",
      "geometry": {
        "type": "Polygon",
        "coordinates": [
          [
            [
              -98.188230307586,
              29.729658710916
            ],
            [
              -98.1884474410116,
              29.7295096613729
            ],
            [
              -98.1888881304137,
              29.7292071496455
            ],
            [
              -98.1890392187935,
              29.7291034351617
            ],
            [
              -98.1896735337816,
              29.7286680024634
            ],
            [
              -98.1924289542958,
              29.7307284151266
            ],
            [
              -98.1924714237745,
              29.7307601698131
            ],
            [
              -98.1927367519086,
              29.7309585661631
            ],
            [
              -98.19274831417,
              29.7309672117796
            ],
            [
              -98.1927434766075,
              29.7309703742501
            ],
            [
              -98.1927431315151,
              29.7309705995634
            ],
            [
              -98.1906474042009,
              29.7323406268641
            ],
            [
              -98.188230307586,
              29.729658710916
            ]
          ]
        ]
      },
      "properties": {
        "candidate_id": "Comal:363205",
        "county": "Comal",
        "prop_id": "363205",
        "owner": "SCHWANZ ALICE",
        "verified_owner": "SCHWANZ ALICE",
        "owner_verification_match": true,
        "situs": "2690 STATE HWY 46 W NEW BRAUNFELS TX 78132",
        "acres": 20.29,
        "reported_acres": 204020.0,
        "geometry_acres": 20.29,
        "acres_source": "GEOMETRY",
        "land_value": 0.0,
        "assessed_value": 2527490.0,
        "improvement_value": 0.0,
        "improvement_ratio": 0.0,
        "gba": 0.0,
        "prop_use": "R",
        "legal": "A-263 SUR-454  E HERNANDEZ, ACRES 20.402",
        "cad_record_url": "https://gis.bisclient.com/comalcad/index.html?find=363205",
        "parcel_source": "Comal CAD public ArcGIS parcel layer",
        "parcel_snapshot": "2024-11-22",
        "parcel_freshness": "AGING",
        "cad_geometry_verified": true,
        "cad_verification_source": "Comal CAD public ArcGIS service",
        "node_id": "INT-007",
        "node_name": "Loop 337 / Word Pkwy (Veramendi)",
        "node_score": 61.6,
        "node_edge_miles": 0.706,
        "dist_score": 78,
        "acre_score": 100,
        "raw_score": 100,
        "shape_score": 100,
        "compactness": 0.715,
        "aspect_ratio": 1.51,
        "road_score": 84,
        "frontage_roads": [
          "SH 46"
        ],
        "frontage_ft_proxy": 0.0,
        "corner_signal": "NO",
        "major_road_signal": true,
        "mtp_row_flag": false,
        "flood_score": 100,
        "flood_pct": 0.0,
        "floodway_pct": 0.0,
        "flood_zones": [
          "X"
        ],
        "flood_confidence": "SCREENED",
        "future_land_use_score": 55,
        "future_land_use": [],
        "aadt": 29278,
        "aadt_5yr_growth_pct": 38.5,
        "aadt_station_miles": 0.25,
        "aadt_route": "SH 46",
        "nearest_retail_catalyst": "Veramendi mixed-use / future Market Center",
        "retail_catalyst_miles": 0.78,
        "future_residential_lots_nearby": 0.0,
        "recent_housing_units_180d": 0,
        "utility_confidence": "PROXY",
        "utility_provider": "NBU",
        "utility_distance_ft": 200.0,
        "utility_snapshot": "2024-01-17",
        "utility_context": "NBU feature approximately 200 ft from parcel; capacity NOT verified",
        "assessed_value_per_acre": 124568.0,
        "land_value_per_acre": 0.0,
        "parcel_opportunity_score": 73.9,
        "parcel_execution_score": 92.4,
        "parcel_fit_score": 100.0,
        "acquisition_complexity_score": 90.2,
        "utility_score": 92,
        "confidence_score": 72,
        "node_confidence_score": 68,
        "node_class": "WATCH NODE",
        "node_evidence_model": "Regional corridor prior + statewide road/traffic; county housing feed incomplete",
        "node_component_scores": {
          "residential_growth": 0.0,
          "intersection_network": 68,
          "retail_catalyst": 100,
          "traffic": 58.2,
          "timing": 27.8
        },
        "parcel_component_scores": {
          "frontage_access": 84,
          "size_shape": 100.0,
          "utilities": 92,
          "flood": 100,
          "acquisition": 90.2
        },
        "acquisition_category": "WATCH",
        "decision_summary": "Strong enough to track closely; verify title, access and utility feasibility before elevating.",
        "main_risks": [
          "not on the immediate intersection",
          "limited frontage proxy",
          "utility capacity is unverified",
          "county parcel snapshot is aging"
        ],
        "usable_acres_proxy": 20.29,
        "eligible": true,
        "why_this_tract": "major-road frontage \u00b7 within 1 mile of the node \u00b7 regional growth node; county housing feed incomplete \u00b7 0.8 mi from Veramendi mixed-use / future Market Center \u00b7 mapped NBU feature ~200 ft from parcel",
        "verification_notes": "Frontage is a GIS proximity proxy, not legal access. Sewer distance is a mapped-line proxy, not a capacity commitment. Confirm current title/CAD, survey, curb access, median/turn movements, ROW, flood and provider capacity.",
        "geometry_source": "Comal CAD public ArcGIS parcel layer"
      }
    },
    {
      "type": "Feature",
      "geometry": {
        "type": "Polygon",
        "coordinates": [
          [
            [
              -98.29383740361098,
              29.48514432650801
            ],
            [
              -98.29296510081815,
              29.48627095048034
            ],
            [
              -98.29260459146461,
              29.486770918929338
            ],
            [
              -98.29259829534234,
              29.486793590361437
            ],
            [
              -98.29243749002437,
              29.487372616773076
            ],
            [
              -98.29217410849019,
              29.487914113342235
            ],
            [
              -98.29331945081864,
              29.488036367921907
            ],
            [
              -98.29274522038105,
              29.489857514331682
            ],
            [
              -98.29740462240989,
              29.49092826455569
            ],
            [
              -98.29816441551692,
              29.488664932605424
            ],
            [
              -98.2988854868048,
              29.486469451605075
            ],
            [
              -98.29927136178036,
              29.485242476181476
            ],
            [
              -98.29547295147685,
              29.48431622590885
            ],
            [
              -98.29547185293848,
              29.484315958449518
            ],
            [
              -98.29475579665079,
              29.484133978424094
            ],
            [
              -98.29383740361098,
              29.48514432650801
            ]
          ]
        ]
      },
      "properties": {
        "candidate_id": "Bexar:618994",
        "county": "Bexar",
        "prop_id": "618994",
        "owner": "JPN LLC",
        "situs": "N LOOP 1604",
        "acres": 83.69,
        "reported_acres": 83.69,
        "geometry_acres": 83.95,
        "acres_source": "REPORTED",
        "land_value": 752720.0,
        "assessed_value": 752720.0,
        "improvement_value": 0.0,
        "improvement_ratio": 0.0,
        "gba": 0.0,
        "prop_use": "9",
        "legal": "NCB 16552   P-2 (83.6852 AC) 2024-REMAINS PER SPLIT PER DEED 20230117447 EXE 3-20-2023.  SPLIT OUT .4348 AC FROM PID 618994.  UPDATE LEGAL/LAND SIZE ONLY.  NO NEW ACCOUNT CREATED, TXDoT/CoSA ROW DEED. NO XY GRID INFO PROVIDED/OR INACCURATE.  CR # 59641.   JLF/GIS/2-28-2024.",
        "cad_record_url": "",
        "parcel_source": "SARA / Bexar CAD",
        "parcel_snapshot": "2025-12",
        "parcel_freshness": "RECENT",
        "node_id": "INT-016",
        "node_name": "Loop 1604 / Green Rd",
        "node_score": 77.1,
        "node_edge_miles": 0.405,
        "dist_score": 90,
        "acre_score": 92,
        "raw_score": 100,
        "shape_score": 100,
        "compactness": 0.746,
        "aspect_ratio": 1.14,
        "road_score": 84,
        "frontage_roads": [
          "E LOOP 1604 N"
        ],
        "frontage_ft_proxy": 0.0,
        "corner_signal": "NO",
        "major_road_signal": true,
        "mtp_row_flag": false,
        "flood_score": 30,
        "flood_pct": 97.4,
        "floodway_pct": 0.0,
        "flood_zones": [
          "AE",
          "X"
        ],
        "flood_confidence": "SCREENED",
        "future_land_use_score": 84,
        "future_land_use": [
          "Parks Open Space / I-10 East Corridor",
          "Industrial / I-10 East Corridor"
        ],
        "aadt": 14472,
        "aadt_5yr_growth_pct": 3.7,
        "aadt_station_miles": 1.04,
        "aadt_route": "FM 1516",
        "nearest_retail_catalyst": "I-10 / Loop 1604 East H-E-B",
        "retail_catalyst_miles": 2.08,
        "future_residential_lots_nearby": 3928.8,
        "recent_housing_units_180d": 0,
        "utility_confidence": "UNKNOWN",
        "utility_provider": "SAWS",
        "utility_distance_ft": null,
        "utility_snapshot": "2021-07-21",
        "utility_context": "No mapped sewer feature returned near parcel",
        "assessed_value_per_acre": 8994.0,
        "land_value_per_acre": 8994.0,
        "parcel_opportunity_score": 73.8,
        "parcel_execution_score": 68.9,
        "parcel_fit_score": 95.0,
        "acquisition_complexity_score": 97.2,
        "utility_score": 20,
        "confidence_score": 45,
        "node_confidence_score": 94,
        "node_class": "PRIORITY NODE",
        "node_evidence_model": "Bexar detailed growth + statewide road/traffic evidence",
        "node_component_scores": {
          "residential_growth": 58.3,
          "intersection_network": 100,
          "retail_catalyst": 90,
          "traffic": 78.1,
          "timing": 55.6
        },
        "parcel_component_scores": {
          "frontage_access": 84,
          "size_shape": 95.0,
          "utilities": 20,
          "flood": 30,
          "acquisition": 97.2
        },
        "acquisition_category": "REVIEW",
        "decision_summary": "Does not currently clear the acquisition-mode highlight standard.",
        "main_risks": [
          "limited frontage proxy",
          "mapped sewer path is unverified",
          "97.4% mapped SFHA overlap",
          "important diligence data is incomplete"
        ],
        "usable_acres_proxy": 2.18,
        "eligible": false,
        "why_this_tract": "major-road frontage \u00b7 within \u00bd mile of the node \u00b7 3928 weighted future residential lots \u00b7 2.1 mi from I-10 / Loop 1604 East H-E-B \u00b7 mostly raw / low-improvement land",
        "verification_notes": "Frontage is a GIS proximity proxy, not legal access. Sewer distance is a mapped-line proxy, not a capacity commitment. Confirm current title/CAD, survey, curb access, median/turn movements, ROW, flood and provider capacity."
      }
    },
    {
      "type": "Feature",
      "geometry": {
        "type": "Polygon",
        "coordinates": [
          [
            [
              -98.32652142800208,
              29.45815842761111
            ],
            [
              -98.32600334970232,
              29.458152735993362
            ],
            [
              -98.3260017525583,
              29.460257921654748
            ],
            [
              -98.32706592064122,
              29.45992079392102
            ],
            [
              -98.32706658505798,
              29.456280009795037
            ],
            [
              -98.32651686157442,
              29.45645292205192
            ],
            [
              -98.3265204245732,
              29.457907611820104
            ],
            [
              -98.32652142800208,
              29.45815842761111
            ]
          ]
        ]
      },
      "properties": {
        "candidate_id": "Bexar:685403",
        "county": "Bexar",
        "prop_id": "685403",
        "owner": "8265 IH10 LLC",
        "situs": "8265  INTERSTATE 10 E",
        "acres": 8.14,
        "reported_acres": 8.14,
        "geometry_acres": 8.06,
        "acres_source": "REPORTED",
        "land_value": 230190.0,
        "assessed_value": 232210.0,
        "improvement_value": 2020.0,
        "improvement_ratio": 0.009,
        "gba": 0.0,
        "prop_use": "9",
        "legal": "NCB  17990 P-18 (2.742) CB  5090  P-18 (5.401) A-739 2021 SPLIT PER DEED 20200144124 EXE 7/2/20 CR 50213. JA/GIS/3-24-21",
        "cad_record_url": "",
        "parcel_source": "SARA / Bexar CAD",
        "parcel_snapshot": "2025-12",
        "parcel_freshness": "RECENT",
        "node_id": "INT-010",
        "node_name": "FM 1516 / I-10 East",
        "node_score": 77.6,
        "node_edge_miles": 0.532,
        "dist_score": 78,
        "acre_score": 100,
        "raw_score": 99.0,
        "shape_score": 60.4,
        "compactness": 0.377,
        "aspect_ratio": 4.27,
        "road_score": 90,
        "frontage_roads": [
          "IH 10",
          "IH 10 E ACCESS RD"
        ],
        "frontage_ft_proxy": 224.0,
        "corner_signal": "NO",
        "major_road_signal": true,
        "mtp_row_flag": false,
        "flood_score": 30,
        "flood_pct": 55.9,
        "floodway_pct": 0.0,
        "flood_zones": [
          "AE",
          "X"
        ],
        "flood_confidence": "SCREENED",
        "future_land_use_score": 100,
        "future_land_use": [
          "Community Commercial / I-10 East Corridor",
          "Low Density Residential / I-10 East Corridor"
        ],
        "aadt": 16373,
        "aadt_5yr_growth_pct": 445.4,
        "aadt_station_miles": 1.19,
        "aadt_route": "IH 10",
        "nearest_retail_catalyst": "H-E-B Foster campus",
        "retail_catalyst_miles": 3.37,
        "future_residential_lots_nearby": 4214.4,
        "recent_housing_units_180d": 0,
        "utility_confidence": "UNKNOWN",
        "utility_provider": "SAWS",
        "utility_distance_ft": null,
        "utility_snapshot": "2021-07-21",
        "utility_context": "No mapped sewer feature returned near parcel",
        "assessed_value_per_acre": 28527.0,
        "land_value_per_acre": 28279.0,
        "parcel_opportunity_score": 73.8,
        "parcel_execution_score": 68.1,
        "parcel_fit_score": 85.0,
        "acquisition_complexity_score": 96.5,
        "utility_score": 20,
        "confidence_score": 45,
        "node_confidence_score": 94,
        "node_class": "PRIORITY NODE",
        "node_evidence_model": "Bexar detailed growth + statewide road/traffic evidence",
        "node_component_scores": {
          "residential_growth": 62.7,
          "intersection_network": 100,
          "retail_catalyst": 72,
          "traffic": 89.1,
          "timing": 57.6
        },
        "parcel_component_scores": {
          "frontage_access": 90,
          "size_shape": 85.0,
          "utilities": 20,
          "flood": 30,
          "acquisition": 96.5
        },
        "acquisition_category": "REVIEW",
        "decision_summary": "Does not currently clear the acquisition-mode highlight standard.",
        "main_risks": [
          "not on the immediate intersection",
          "mapped sewer path is unverified",
          "55.9% mapped SFHA overlap",
          "important diligence data is incomplete"
        ],
        "usable_acres_proxy": 3.59,
        "eligible": false,
        "why_this_tract": "major-road frontage \u00b7 within 1 mile of the node \u00b7 4214 weighted future residential lots \u00b7 mostly raw / low-improvement land",
        "verification_notes": "Frontage is a GIS proximity proxy, not legal access. Sewer distance is a mapped-line proxy, not a capacity commitment. Confirm current title/CAD, survey, curb access, median/turn movements, ROW, flood and provider capacity."
      }
    },
    {
      "type": "Feature",
      "geometry": {
        "type": "Polygon",
        "coordinates": [
          [
            [
              -98.1855238164383,
              29.7164253665632
            ],
            [
              -98.1852637405202,
              29.7165612281447
            ],
            [
              -98.1852368556212,
              29.7165756391325
            ],
            [
              -98.1834319347649,
              29.7175504742475
            ],
            [
              -98.1832066143165,
              29.7176724731881
            ],
            [
              -98.182969961572,
              29.7178052682405
            ],
            [
              -98.1827369609899,
              29.7179428963789
            ],
            [
              -98.1825077434331,
              29.7180852817217
            ],
            [
              -98.1822824346199,
              29.7182323456486
            ],
            [
              -98.1813991824292,
              29.718825546642
            ],
            [
              -98.1807845415633,
              29.7192401760336
            ],
            [
              -98.1800417367763,
              29.7197412551641
            ],
            [
              -98.1790649706487,
              29.7204001442081
            ],
            [
              -98.1789820197091,
              29.7204566422311
            ],
            [
              -98.1782005918536,
              29.7209888728985
            ],
            [
              -98.1781491137693,
              29.7210264752753
            ],
            [
              -98.1781024765945,
              29.721068616334
            ],
            [
              -98.1780658949305,
              29.721100371217
            ],
            [
              -98.1780244087215,
              29.7211271420803
            ],
            [
              -98.1779789024581,
              29.7211483595495
            ],
            [
              -98.1779303423927,
              29.7211635711749
            ],
            [
              -98.177879764023,
              29.7211724548911
            ],
            [
              -98.177828243143,
              29.7211748188374
            ],
            [
              -98.1776982989459,
              29.7211735055175
            ],
            [
              -98.1775683486564,
              29.7211742081095
            ],
            [
              -98.1775384702317,
              29.7211748148488
            ],
            [
              -98.1775317872789,
              29.72057592886
            ],
            [
              -98.1771998845187,
              29.7205754729046
            ],
            [
              -98.1769023924753,
              29.7205840560357
            ],
            [
              -98.1768656372041,
              29.7205851162195
            ],
            [
              -98.1763417519501,
              29.7206002309902
            ],
            [
              -98.1762611399679,
              29.7206025568303
            ],
            [
              -98.1762820490816,
              29.7211549765248
            ],
            [
              -98.1762824899772,
              29.7211718857971
            ],
            [
              -98.1762832297967,
              29.7212003004802
            ],
            [
              -98.176283256539,
              29.721201330344
            ],
            [
              -98.1758735283407,
              29.7211969258904
            ],
            [
              -98.175861274373,
              29.7211968234381
            ],
            [
              -98.1757495792603,
              29.7211978237874
            ],
            [
              -98.1756374878079,
              29.7211981086377
            ],
            [
              -98.1756425150783,
              29.7211918543661
            ],
            [
              -98.17581367679,
              29.7209789316111
            ],
            [
              -98.1762423262738,
              29.7204456920281
            ],
            [
              -98.1783812856175,
              29.7177847190994
            ],
            [
              -98.1789278672206,
              29.717104715088
            ],
            [
              -98.1798085860986,
              29.7160089893584
            ],
            [
              -98.181281121116,
              29.7163454902709
            ],
            [
              -98.1855238164383,
              29.7164253665632
            ]
          ]
        ]
      },
      "properties": {
        "candidate_id": "Comal:72902",
        "county": "Comal",
        "prop_id": "72902",
        "owner": "SINGLETON SANDRA D & DWAYNE G DISCHINGER",
        "verified_owner": "SINGLETON SANDRA D & DWAYNE G DISCHINGER",
        "owner_verification_match": true,
        "situs": "0 FM 1863 TX",
        "acres": 49.55,
        "reported_acres": 502300.0,
        "geometry_acres": 49.55,
        "acres_source": "GEOMETRY",
        "land_value": 0.0,
        "assessed_value": 6301870.0,
        "improvement_value": 380.0,
        "improvement_ratio": 0.0,
        "gba": 0.0,
        "prop_use": "R",
        "legal": "A-531 SUR-458  L SALINAS, ACRES 50.23, A-708 SUR-279  J M STEINER",
        "cad_record_url": "https://gis.bisclient.com/comalcad/index.html?find=72902",
        "parcel_source": "Comal CAD public ArcGIS parcel layer",
        "parcel_snapshot": "2024-11-22",
        "parcel_freshness": "AGING",
        "cad_geometry_verified": true,
        "cad_verification_source": "Comal CAD public ArcGIS service",
        "node_id": "INT-022",
        "node_name": "SH 46 / FM 1863",
        "node_score": 60.6,
        "node_edge_miles": 0.02,
        "dist_score": 100,
        "acre_score": 100,
        "raw_score": 100.0,
        "shape_score": 63.4,
        "compactness": 0.396,
        "aspect_ratio": 3.01,
        "road_score": 100,
        "frontage_roads": [
          "SH 46",
          "FM 1863"
        ],
        "frontage_ft_proxy": 3929.0,
        "corner_signal": "STRONG",
        "major_road_signal": true,
        "mtp_row_flag": false,
        "flood_score": 100,
        "flood_pct": 0.0,
        "floodway_pct": 0.0,
        "flood_zones": [
          "X"
        ],
        "flood_confidence": "SCREENED",
        "future_land_use_score": 55,
        "future_land_use": [],
        "aadt": 9924,
        "aadt_5yr_growth_pct": 43.3,
        "aadt_station_miles": 0.01,
        "aadt_route": "FM 1863",
        "nearest_retail_catalyst": "Veramendi mixed-use / future Market Center",
        "retail_catalyst_miles": 1.23,
        "future_residential_lots_nearby": 0.0,
        "recent_housing_units_180d": 0,
        "utility_confidence": "PROXY",
        "utility_provider": "NBU",
        "utility_distance_ft": 288.0,
        "utility_snapshot": "2024-01-17",
        "utility_context": "NBU feature approximately 288 ft from parcel; capacity NOT verified",
        "assessed_value_per_acre": 127182.0,
        "land_value_per_acre": 0.0,
        "parcel_opportunity_score": 73.8,
        "parcel_execution_score": 93.7,
        "parcel_fit_score": 86.1,
        "acquisition_complexity_score": 90.2,
        "utility_score": 92,
        "confidence_score": 72,
        "node_confidence_score": 68,
        "node_class": "WATCH NODE",
        "node_evidence_model": "Regional corridor prior + statewide road/traffic; county housing feed incomplete",
        "node_component_scores": {
          "residential_growth": 0.0,
          "intersection_network": 100,
          "retail_catalyst": 90,
          "traffic": 58.2,
          "timing": 27.8
        },
        "parcel_component_scores": {
          "frontage_access": 100,
          "size_shape": 86.1,
          "utilities": 92,
          "flood": 100,
          "acquisition": 90.2
        },
        "acquisition_category": "WATCH",
        "decision_summary": "Strong enough to track closely; verify title, access and utility feasibility before elevating.",
        "main_risks": [
          "utility capacity is unverified",
          "county parcel snapshot is aging"
        ],
        "usable_acres_proxy": 49.55,
        "eligible": true,
        "why_this_tract": "corner exposure on a major road \u00b7 within \u00bc mile of the node \u00b7 regional growth node; county housing feed incomplete \u00b7 1.2 mi from Veramendi mixed-use / future Market Center \u00b7 mapped NBU feature ~288 ft from parcel",
        "verification_notes": "Frontage is a GIS proximity proxy, not legal access. Sewer distance is a mapped-line proxy, not a capacity commitment. Confirm current title/CAD, survey, curb access, median/turn movements, ROW, flood and provider capacity.",
        "geometry_source": "Comal CAD public ArcGIS parcel layer"
      }
    },
    {
      "type": "Feature",
      "geometry": {
        "type": "Polygon",
        "coordinates": [
          [
            [
              -98.1927434766075,
              29.7309703742501
            ],
            [
              -98.19274831417,
              29.7309672117796
            ],
            [
              -98.1937325383486,
              29.7317031420141
            ],
            [
              -98.1937310379111,
              29.7317334101469
            ],
            [
              -98.1937227572098,
              29.7319012871124
            ],
            [
              -98.1937153673635,
              29.7320511159436
            ],
            [
              -98.1919308524122,
              29.7332177075802
            ],
            [
              -98.191630987339,
              29.7334319198571
            ],
            [
              -98.1915776572701,
              29.7333727497671
            ],
            [
              -98.1906474042009,
              29.7323406268641
            ],
            [
              -98.1927431315151,
              29.7309705995634
            ],
            [
              -98.1927434766075,
              29.7309703742501
            ]
          ]
        ]
      },
      "properties": {
        "candidate_id": "Comal:363206",
        "county": "Comal",
        "prop_id": "363206",
        "owner": "STEFFEN LISA LEIGH",
        "verified_owner": "STEFFEN LISA LEIGH",
        "owner_verification_match": true,
        "situs": "142 HUECO SPRINGS LOOP RD NEW BRAUNFELS TX 78132",
        "acres": 10.02,
        "reported_acres": 100160.0,
        "geometry_acres": 10.02,
        "acres_source": "GEOMETRY",
        "land_value": 24000.0,
        "assessed_value": 1178260.0,
        "improvement_value": 37320.0,
        "improvement_ratio": 0.032,
        "gba": 0.0,
        "prop_use": "R",
        "legal": "A-263 SUR-454  E HERNANDEZ, ACRES 10.016",
        "cad_record_url": "https://gis.bisclient.com/comalcad/index.html?find=363206",
        "parcel_source": "Comal CAD public ArcGIS parcel layer",
        "parcel_snapshot": "2024-11-22",
        "parcel_freshness": "AGING",
        "cad_geometry_verified": true,
        "cad_verification_source": "Comal CAD public ArcGIS service",
        "node_id": "INT-007",
        "node_name": "Loop 337 / Word Pkwy (Veramendi)",
        "node_score": 61.6,
        "node_edge_miles": 0.744,
        "dist_score": 78,
        "acre_score": 100,
        "raw_score": 96.2,
        "shape_score": 100,
        "compactness": 0.748,
        "aspect_ratio": 1.82,
        "road_score": 90,
        "frontage_roads": [
          "SH 46"
        ],
        "frontage_ft_proxy": 1102.0,
        "corner_signal": "NO",
        "major_road_signal": true,
        "mtp_row_flag": false,
        "flood_score": 100,
        "flood_pct": 0.0,
        "floodway_pct": 0.0,
        "flood_zones": [
          "X"
        ],
        "flood_confidence": "SCREENED",
        "future_land_use_score": 55,
        "future_land_use": [],
        "aadt": 29278,
        "aadt_5yr_growth_pct": 38.5,
        "aadt_station_miles": 0.49,
        "aadt_route": "SH 46",
        "nearest_retail_catalyst": "Veramendi mixed-use / future Market Center",
        "retail_catalyst_miles": 0.84,
        "future_residential_lots_nearby": 0.0,
        "recent_housing_units_180d": 0,
        "utility_confidence": "PROXY",
        "utility_provider": "NBU",
        "utility_distance_ft": 865.0,
        "utility_snapshot": "2024-01-17",
        "utility_context": "NBU feature approximately 865 ft from parcel; capacity NOT verified",
        "assessed_value_per_acre": 117591.0,
        "land_value_per_acre": 2395.0,
        "parcel_opportunity_score": 73.7,
        "parcel_execution_score": 91.8,
        "parcel_fit_score": 100.0,
        "acquisition_complexity_score": 87.5,
        "utility_score": 82,
        "confidence_score": 72,
        "node_confidence_score": 68,
        "node_class": "WATCH NODE",
        "node_evidence_model": "Regional corridor prior + statewide road/traffic; county housing feed incomplete",
        "node_component_scores": {
          "residential_growth": 0.0,
          "intersection_network": 68,
          "retail_catalyst": 100,
          "traffic": 58.2,
          "timing": 27.8
        },
        "parcel_component_scores": {
          "frontage_access": 90,
          "size_shape": 100.0,
          "utilities": 82,
          "flood": 100,
          "acquisition": 87.5
        },
        "acquisition_category": "WATCH",
        "decision_summary": "Strong enough to track closely; verify title, access and utility feasibility before elevating.",
        "main_risks": [
          "not on the immediate intersection",
          "utility capacity is unverified",
          "county parcel snapshot is aging"
        ],
        "usable_acres_proxy": 10.02,
        "eligible": true,
        "why_this_tract": "major-road frontage \u00b7 within 1 mile of the node \u00b7 regional growth node; county housing feed incomplete \u00b7 0.8 mi from Veramendi mixed-use / future Market Center \u00b7 mapped NBU feature ~865 ft from parcel",
        "verification_notes": "Frontage is a GIS proximity proxy, not legal access. Sewer distance is a mapped-line proxy, not a capacity commitment. Confirm current title/CAD, survey, curb access, median/turn movements, ROW, flood and provider capacity.",
        "geometry_source": "Comal CAD public ArcGIS parcel layer"
      }
    },
    {
      "type": "Feature",
      "geometry": {
        "type": "Polygon",
        "coordinates": [
          [
            [
              -98.29394591635801,
              29.492305031351385
            ],
            [
              -98.29671867779544,
              29.49300138043674
            ],
            [
              -98.2968100976286,
              29.492725096217807
            ],
            [
              -98.29689744204214,
              29.492461118692926
            ],
            [
              -98.29740462240989,
              29.49092826455569
            ],
            [
              -98.29274522038105,
              29.489857514331682
            ],
            [
              -98.29331945081864,
              29.488036367921907
            ],
            [
              -98.29217410849019,
              29.487914113342235
            ],
            [
              -98.29200586350542,
              29.487896156999188
            ],
            [
              -98.29199454384147,
              29.487894949309066
            ],
            [
              -98.29161787621283,
              29.48913800172174
            ],
            [
              -98.29133848412118,
              29.49017646255668
            ],
            [
              -98.29117972728427,
              29.490826606055286
            ],
            [
              -98.29098848591016,
              29.49158658076654
            ],
            [
              -98.29139118769633,
              29.491684413776852
            ],
            [
              -98.2920543234732,
              29.49184551516041
            ],
            [
              -98.29394591635801,
              29.492305031351385
            ]
          ]
        ]
      },
      "properties": {
        "candidate_id": "Bexar:618992",
        "county": "Bexar",
        "prop_id": "618992",
        "owner": "RITTIMANN RANCHES LLC",
        "situs": "11059 N GRAYTOWN RD",
        "acres": 40.07,
        "reported_acres": 40.07,
        "geometry_acres": 40.0,
        "acres_source": "REPORTED",
        "land_value": 1671410.0,
        "assessed_value": 1673000.0,
        "improvement_value": 1590.0,
        "improvement_ratio": 0.001,
        "gba": 1148.0,
        "prop_use": "9",
        "legal": "NCB 16552  P- 1 (35.1682) & P-5 (.0348) & CB 5069 P-5 (4.868)",
        "cad_record_url": "",
        "parcel_source": "SARA / Bexar CAD",
        "parcel_snapshot": "2025-12",
        "parcel_freshness": "RECENT",
        "node_id": "INT-016",
        "node_name": "Loop 1604 / Green Rd",
        "node_score": 77.1,
        "node_edge_miles": 0.26,
        "dist_score": 90,
        "acre_score": 100,
        "raw_score": 99.8,
        "shape_score": 78.0,
        "compactness": 0.487,
        "aspect_ratio": 1.35,
        "road_score": 84,
        "frontage_roads": [
          "E LOOP 1604 N"
        ],
        "frontage_ft_proxy": 0.0,
        "corner_signal": "NO",
        "major_road_signal": true,
        "mtp_row_flag": false,
        "flood_score": 30,
        "flood_pct": 53.1,
        "floodway_pct": 0.0,
        "flood_zones": [
          "AE",
          "X"
        ],
        "flood_confidence": "SCREENED",
        "future_land_use_score": 100,
        "future_land_use": [
          "Neighborhood Commercial / I-10 East Corridor",
          "Parks Open Space / I-10 East Corridor"
        ],
        "aadt": 14472,
        "aadt_5yr_growth_pct": 3.7,
        "aadt_station_miles": 0.96,
        "aadt_route": "FM 1516",
        "nearest_retail_catalyst": "I-10 / Loop 1604 East H-E-B",
        "retail_catalyst_miles": 1.93,
        "future_residential_lots_nearby": 3928.8,
        "recent_housing_units_180d": 0,
        "utility_confidence": "UNKNOWN",
        "utility_provider": "SAWS",
        "utility_distance_ft": null,
        "utility_snapshot": "2021-07-21",
        "utility_context": "No mapped sewer feature returned near parcel",
        "assessed_value_per_acre": 41752.0,
        "land_value_per_acre": 41712.0,
        "parcel_opportunity_score": 73.5,
        "parcel_execution_score": 68.0,
        "parcel_fit_score": 91.6,
        "acquisition_complexity_score": 97.1,
        "utility_score": 20,
        "confidence_score": 45,
        "node_confidence_score": 94,
        "node_class": "PRIORITY NODE",
        "node_evidence_model": "Bexar detailed growth + statewide road/traffic evidence",
        "node_component_scores": {
          "residential_growth": 58.3,
          "intersection_network": 100,
          "retail_catalyst": 90,
          "traffic": 78.1,
          "timing": 55.6
        },
        "parcel_component_scores": {
          "frontage_access": 84,
          "size_shape": 91.6,
          "utilities": 20,
          "flood": 30,
          "acquisition": 97.1
        },
        "acquisition_category": "REVIEW",
        "decision_summary": "Does not currently clear the acquisition-mode highlight standard.",
        "main_risks": [
          "limited frontage proxy",
          "mapped sewer path is unverified",
          "53.1% mapped SFHA overlap",
          "important diligence data is incomplete"
        ],
        "usable_acres_proxy": 18.79,
        "eligible": false,
        "why_this_tract": "major-road frontage \u00b7 within \u00bd mile of the node \u00b7 3928 weighted future residential lots \u00b7 1.9 mi from I-10 / Loop 1604 East H-E-B \u00b7 mostly raw / low-improvement land",
        "verification_notes": "Frontage is a GIS proximity proxy, not legal access. Sewer distance is a mapped-line proxy, not a capacity commitment. Confirm current title/CAD, survey, curb access, median/turn movements, ROW, flood and provider capacity."
      }
    },
    {
      "type": "Feature",
      "geometry": {
        "type": "Polygon",
        "coordinates": [
          [
            [
              -98.1775924795176,
              29.7136270348259
            ],
            [
              -98.1786910498342,
              29.714005970951
            ],
            [
              -98.1789504886018,
              29.7140953831911
            ],
            [
              -98.1804117953613,
              29.7145989924369
            ],
            [
              -98.183388256092,
              29.7156250405133
            ],
            [
              -98.1854175863835,
              29.7163246950481
            ],
            [
              -98.1855990693957,
              29.7163860547293
            ],
            [
              -98.1855238164383,
              29.7164253665632
            ],
            [
              -98.181281121116,
              29.7163454902709
            ],
            [
              -98.1798085860986,
              29.7160089893584
            ],
            [
              -98.1789278672206,
              29.717104715088
            ],
            [
              -98.1783812856175,
              29.7177847190994
            ],
            [
              -98.1762423262738,
              29.7204456920281
            ],
            [
              -98.17581367679,
              29.7209789316111
            ],
            [
              -98.1756425150783,
              29.7211918543661
            ],
            [
              -98.1756374878079,
              29.7211981086377
            ],
            [
              -98.1752867773108,
              29.7211976760407
            ],
            [
              -98.1749361448671,
              29.7211912426009
            ],
            [
              -98.1745857238907,
              29.7211788109565
            ],
            [
              -98.1742356498333,
              29.7211603873695
            ],
            [
              -98.17388605712,
              29.7211359771945
            ],
            [
              -98.1735370791046,
              29.721105590293
            ],
            [
              -98.173188851193,
              29.7210692383458
            ],
            [
              -98.1728415056671,
              29.7210269357225
            ],
            [
              -98.1724951778943,
              29.7209786986188
            ],
            [
              -98.1721500001252,
              29.7209245450167
            ],
            [
              -98.1718061045794,
              29.7208644965093
            ],
            [
              -98.1719607156872,
              29.7206045008985
            ],
            [
              -98.171388297652,
              29.7190171888336
            ],
            [
              -98.171943698822,
              29.7185346953873
            ],
            [
              -98.1719801983441,
              29.7185029868062
            ],
            [
              -98.1720725581045,
              29.7184227507653
            ],
            [
              -98.1723731727851,
              29.7181615927091
            ],
            [
              -98.172940120643,
              29.7176690560065
            ],
            [
              -98.1736587537466,
              29.7170447318316
            ],
            [
              -98.1741266197361,
              29.7166382582159
            ],
            [
              -98.1743166541382,
              29.7164731585278
            ],
            [
              -98.1747594312067,
              29.7160884755542
            ],
            [
              -98.1753749377258,
              29.7155537205957
            ],
            [
              -98.1759891674393,
              29.7150200647187
            ],
            [
              -98.1766150699287,
              29.7144762599825
            ],
            [
              -98.1770976399194,
              29.7140569807157
            ],
            [
              -98.1775924795176,
              29.7136270348259
            ]
          ]
        ]
      },
      "properties": {
        "candidate_id": "Comal:72903",
        "county": "Comal",
        "prop_id": "72903",
        "owner": "SINGLETON SANDRA D & DWAYNE G DISCHINGER",
        "verified_owner": "SINGLETON SANDRA D & DWAYNE G DISCHINGER",
        "owner_verification_match": true,
        "situs": "2241 STATE HWY 46 W NEW BRAUNFELS TX 78132",
        "acres": 105.18,
        "reported_acres": 1051060.0,
        "geometry_acres": 105.18,
        "acres_source": "GEOMETRY",
        "land_value": 30190.0,
        "assessed_value": 12846380.0,
        "improvement_value": 155000.0,
        "improvement_ratio": 0.012,
        "gba": 0.0,
        "prop_use": "R",
        "legal": "A-531 SUR-458  L SALINAS, ACRES 105.106, A-586 SUR-276  S A & M G RR, A-595 SUR-281  S A & M G RR, A-708 SUR-279  J M STEINER, A-709 SUR-458 1/2 J M STEINER",
        "cad_record_url": "https://gis.bisclient.com/comalcad/index.html?find=72903",
        "parcel_source": "Comal CAD public ArcGIS parcel layer",
        "parcel_snapshot": "2024-11-22",
        "parcel_freshness": "AGING",
        "cad_geometry_verified": true,
        "cad_verification_source": "Comal CAD public ArcGIS service",
        "node_id": "INT-022",
        "node_name": "SH 46 / FM 1863",
        "node_score": 60.6,
        "node_edge_miles": 0.131,
        "dist_score": 97,
        "acre_score": 80,
        "raw_score": 98.6,
        "shape_score": 68.3,
        "compactness": 0.427,
        "aspect_ratio": 2.19,
        "road_score": 100,
        "frontage_roads": [
          "SH 46",
          "FM 1863"
        ],
        "frontage_ft_proxy": 2611.0,
        "corner_signal": "STRONG",
        "major_road_signal": true,
        "mtp_row_flag": false,
        "flood_score": 100,
        "flood_pct": 0.0,
        "floodway_pct": 0.0,
        "flood_zones": [
          "X"
        ],
        "flood_confidence": "SCREENED",
        "future_land_use_score": 55,
        "future_land_use": [],
        "aadt": 9924,
        "aadt_5yr_growth_pct": 43.3,
        "aadt_station_miles": 0.15,
        "aadt_route": "FM 1863",
        "nearest_retail_catalyst": "Veramendi mixed-use / future Market Center",
        "retail_catalyst_miles": 1.29,
        "future_residential_lots_nearby": 0.0,
        "recent_housing_units_180d": 0,
        "utility_confidence": "PROXY",
        "utility_provider": "NBU",
        "utility_distance_ft": 26.0,
        "utility_snapshot": "2024-01-17",
        "utility_context": "NBU feature approximately 26 ft from parcel; capacity NOT verified",
        "assessed_value_per_acre": 122137.0,
        "land_value_per_acre": 287.0,
        "parcel_opportunity_score": 73.4,
        "parcel_execution_score": 92.5,
        "parcel_fit_score": 75.6,
        "acquisition_complexity_score": 89.2,
        "utility_score": 100,
        "confidence_score": 72,
        "node_confidence_score": 68,
        "node_class": "WATCH NODE",
        "node_evidence_model": "Regional corridor prior + statewide road/traffic; county housing feed incomplete",
        "node_component_scores": {
          "residential_growth": 0.0,
          "intersection_network": 100,
          "retail_catalyst": 90,
          "traffic": 58.2,
          "timing": 27.8
        },
        "parcel_component_scores": {
          "frontage_access": 100,
          "size_shape": 75.6,
          "utilities": 100,
          "flood": 100,
          "acquisition": 89.2
        },
        "acquisition_category": "WATCH",
        "decision_summary": "Strong enough to track closely; verify title, access and utility feasibility before elevating.",
        "main_risks": [
          "utility capacity is unverified",
          "county parcel snapshot is aging"
        ],
        "usable_acres_proxy": 105.18,
        "eligible": true,
        "why_this_tract": "corner exposure on a major road \u00b7 within \u00bc mile of the node \u00b7 regional growth node; county housing feed incomplete \u00b7 1.3 mi from Veramendi mixed-use / future Market Center \u00b7 mapped NBU feature ~26 ft from parcel",
        "verification_notes": "Frontage is a GIS proximity proxy, not legal access. Sewer distance is a mapped-line proxy, not a capacity commitment. Confirm current title/CAD, survey, curb access, median/turn movements, ROW, flood and provider capacity.",
        "geometry_source": "Comal CAD public ArcGIS parcel layer"
      }
    },
    {
      "type": "Feature",
      "geometry": {
        "type": "Polygon",
        "coordinates": [
          [
            [
              -98.29498953265926,
              29.463175674178636
            ],
            [
              -98.29527049466638,
              29.463984506059763
            ],
            [
              -98.29527484717629,
              29.463997036845754
            ],
            [
              -98.29533965024856,
              29.46397970228947
            ],
            [
              -98.29597307117923,
              29.463883737816097
            ],
            [
              -98.29603798228659,
              29.463873903498936
            ],
            [
              -98.29605485558434,
              29.463820729871617
            ],
            [
              -98.29663711258287,
              29.461985821509654
            ],
            [
              -98.29682201861077,
              29.461403098492198
            ],
            [
              -98.29683765385268,
              29.461353823434123
            ],
            [
              -98.29730828599621,
              29.45988799475253
            ],
            [
              -98.29705120860487,
              29.459823520596483
            ],
            [
              -98.29113897084078,
              29.458340595295603
            ],
            [
              -98.29090031317443,
              29.458280727538657
            ],
            [
              -98.29080235814236,
              29.458630203728333
            ],
            [
              -98.29073033604794,
              29.45885557813692
            ],
            [
              -98.29077886403437,
              29.458867095648124
            ],
            [
              -98.29062376593158,
              29.459367451651204
            ],
            [
              -98.29083116456358,
              29.45990845975921
            ],
            [
              -98.29083436379503,
              29.459916804172494
            ],
            [
              -98.2908353617392,
              29.459917265135797
            ],
            [
              -98.29235479627305,
              29.460619227266385
            ],
            [
              -98.29248593163305,
              29.460679809839327
            ],
            [
              -98.29253852487899,
              29.460704083747412
            ],
            [
              -98.29259244131532,
              29.460725256607983
            ],
            [
              -98.29264749827853,
              29.4607432566895
            ],
            [
              -98.2926566160571,
              29.46074590812021
            ],
            [
              -98.29271276762358,
              29.460760244198607
            ],
            [
              -98.29276963122462,
              29.460771426883422
            ],
            [
              -98.29282702991482,
              29.46077942137692
            ],
            [
              -98.29289902592353,
              29.46078494544423
            ],
            [
              -98.29297123113733,
              29.460785535096875
            ],
            [
              -98.29297126311108,
              29.460785533461483
            ],
            [
              -98.29305222558345,
              29.46078034518233
            ],
            [
              -98.29313253719634,
              29.46076886106247
            ],
            [
              -98.29321170912263,
              29.460751151001496
            ],
            [
              -98.29328925947209,
              29.460727322794003
            ],
            [
              -98.29304292710952,
              29.461135703582748
            ],
            [
              -98.29227176199308,
              29.461358342836288
            ],
            [
              -98.29164753204599,
              29.461285151449257
            ],
            [
              -98.2916507006897,
              29.46129986780206
            ],
            [
              -98.29182149310483,
              29.46209308906813
            ],
            [
              -98.29202015156378,
              29.463015712793936
            ],
            [
              -98.29254418391258,
              29.463451623483987
            ],
            [
              -98.29316166614304,
              29.46368989510583
            ],
            [
              -98.2936771774176,
              29.462668448918382
            ],
            [
              -98.29498953265926,
              29.463175674178636
            ]
          ]
        ]
      },
      "properties": {
        "candidate_id": "Bexar:619277",
        "county": "Bexar",
        "prop_id": "619277",
        "owner": "CORNER OF THE MARKET",
        "situs": "E IH 10",
        "acres": 57.9,
        "reported_acres": 57.9,
        "geometry_acres": 57.86,
        "acres_source": "REPORTED",
        "land_value": 3758100.0,
        "assessed_value": 3758100.0,
        "improvement_value": 0.0,
        "improvement_ratio": 0.0,
        "gba": 0.0,
        "prop_use": "99",
        "legal": "NCB 16567  P-14  (12.936AC) CB 5089  P-14    (44.964AC) 2016-REMAINS PER DEED 17267/1590 EXE 05-01-2015",
        "cad_record_url": "",
        "parcel_source": "SARA / Bexar CAD",
        "parcel_snapshot": "2025-12",
        "parcel_freshness": "RECENT",
        "node_id": "INT-009",
        "node_name": "Schuwirth Rd / Loop 1604 East",
        "node_score": 74.8,
        "node_edge_miles": 0.24,
        "dist_score": 97,
        "acre_score": 92,
        "raw_score": 100,
        "shape_score": 74.5,
        "compactness": 0.465,
        "aspect_ratio": 1.26,
        "road_score": 100,
        "frontage_roads": [
          "IH 10 E ACCESS RD",
          "IH 10",
          "SPEEDWAY LOOP"
        ],
        "frontage_ft_proxy": 1146.0,
        "corner_signal": "STRONG",
        "major_road_signal": true,
        "mtp_row_flag": false,
        "flood_score": 30,
        "flood_pct": 52.4,
        "floodway_pct": 0.0,
        "flood_zones": [
          "A",
          "AE",
          "X"
        ],
        "flood_confidence": "SCREENED",
        "future_land_use_score": 100,
        "future_land_use": [
          "Parks Open Space / I-10 East Corridor",
          "Regional Commercial / I-10 East Corridor",
          "Parks Open Space / I-10 East Corridor"
        ],
        "aadt": 10498,
        "aadt_5yr_growth_pct": 897.9,
        "aadt_station_miles": 0.34,
        "aadt_route": "IH 10",
        "nearest_retail_catalyst": "I-10 / Loop 1604 East H-E-B",
        "retail_catalyst_miles": 3.82,
        "future_residential_lots_nearby": 5845.3,
        "recent_housing_units_180d": 0,
        "utility_confidence": "UNKNOWN",
        "utility_provider": "SAWS",
        "utility_distance_ft": null,
        "utility_snapshot": "2021-07-21",
        "utility_context": "No mapped sewer feature returned near parcel",
        "assessed_value_per_acre": 64907.0,
        "land_value_per_acre": 64907.0,
        "parcel_opportunity_score": 73.2,
        "parcel_execution_score": 70.9,
        "parcel_fit_score": 85.3,
        "acquisition_complexity_score": 94.4,
        "utility_score": 20,
        "confidence_score": 45,
        "node_confidence_score": 94,
        "node_class": "EMERGING NODE",
        "node_evidence_model": "Bexar detailed growth + statewide road/traffic evidence",
        "node_component_scores": {
          "residential_growth": 72.6,
          "intersection_network": 88,
          "retail_catalyst": 50,
          "traffic": 89.1,
          "timing": 65.3
        },
        "parcel_component_scores": {
          "frontage_access": 100,
          "size_shape": 85.3,
          "utilities": 20,
          "flood": 30,
          "acquisition": 94.4
        },
        "acquisition_category": "REVIEW",
        "decision_summary": "Does not currently clear the acquisition-mode highlight standard.",
        "main_risks": [
          "mapped sewer path is unverified",
          "52.4% mapped SFHA overlap",
          "important diligence data is incomplete"
        ],
        "usable_acres_proxy": 27.56,
        "eligible": false,
        "why_this_tract": "corner exposure on a major road \u00b7 within \u00bc mile of the node \u00b7 5845 weighted future residential lots \u00b7 mostly raw / low-improvement land",
        "verification_notes": "Frontage is a GIS proximity proxy, not legal access. Sewer distance is a mapped-line proxy, not a capacity commitment. Confirm current title/CAD, survey, curb access, median/turn movements, ROW, flood and provider capacity."
      }
    },
    {
      "type": "Feature",
      "geometry": {
        "type": "Polygon",
        "coordinates": [
          [
            [
              -97.97670727979155,
              29.593450258251963
            ],
            [
              -97.97679823373116,
              29.593448296490735
            ],
            [
              -97.97780912446389,
              29.593426479366148
            ],
            [
              -97.97779625910816,
              29.59415854069076
            ],
            [
              -97.97779561434167,
              29.594195241507038
            ],
            [
              -97.98198910938123,
              29.59135742068334
            ],
            [
              -97.98198963373628,
              29.59129015785906
            ],
            [
              -97.9820044509289,
              29.589392360704288
            ],
            [
              -97.97674268681128,
              29.58932203151354
            ],
            [
              -97.97667626204789,
              29.589321142747316
            ],
            [
              -97.97670727979155,
              29.593450258251963
            ]
          ]
        ]
      },
      "properties": {
        "candidate_id": "Guadalupe:114374",
        "county": "Guadalupe",
        "prop_id": "114374",
        "owner": "CSP OF TEXAS LLC",
        "verified_owner": "CSP OF TEXAS LLC",
        "owner_verification_match": true,
        "situs": "IH 10 FRONTAGE RD TX",
        "acres": 50.0,
        "reported_acres": 50.0,
        "geometry_acres": 50.02,
        "acres_source": "REPORTED",
        "land_value": 896450.0,
        "assessed_value": 896450.0,
        "improvement_value": 0.0,
        "improvement_ratio": 0.0,
        "gba": 0.0,
        "prop_use": "",
        "legal": "RIO NOGALES UNIT #1   LOT 1   50.0000AC Abated account. Land abated by CSG only. On 11/29/2021, CSP notified CSG that it is triggering the extended abatement option.  Abatement commences 01/01/2021 and Expires at the end of 2030 on 01/01/2031 for CSG.",
        "cad_record_url": "",
        "parcel_source": "Guadalupe CAD via TxGIO public extract",
        "parcel_snapshot": "2022-02",
        "parcel_freshness": "STALE",
        "cad_geometry_verified": true,
        "cad_verification_source": "Guadalupe public parcel extract (2022 vintage)",
        "node_id": "INT-025",
        "node_name": "I-10 / SH 46 (Seguin Exchange)",
        "node_score": 67.9,
        "node_edge_miles": 0.76,
        "dist_score": 66,
        "acre_score": 100,
        "raw_score": 100,
        "shape_score": 100,
        "compactness": 0.707,
        "aspect_ratio": 1.05,
        "road_score": 90,
        "frontage_roads": [
          "IH 10"
        ],
        "frontage_ft_proxy": 2544.0,
        "corner_signal": "NO",
        "major_road_signal": true,
        "mtp_row_flag": false,
        "flood_score": 100,
        "flood_pct": 0.0,
        "floodway_pct": 0.0,
        "flood_zones": [
          "X"
        ],
        "flood_confidence": "SCREENED",
        "future_land_use_score": 55,
        "future_land_use": [],
        "aadt": 8740,
        "aadt_5yr_growth_pct": 86.4,
        "aadt_station_miles": 0.7,
        "aadt_route": "IH 10",
        "nearest_retail_catalyst": "Seguin Exchange / planned Target",
        "retail_catalyst_miles": 0.98,
        "future_residential_lots_nearby": 0.0,
        "recent_housing_units_180d": 0,
        "utility_confidence": "UNKNOWN",
        "utility_provider": "GBRA",
        "utility_distance_ft": null,
        "utility_snapshot": "Not published",
        "utility_context": "No mapped sewer feature returned near parcel",
        "assessed_value_per_acre": 17929.0,
        "land_value_per_acre": 17929.0,
        "parcel_opportunity_score": 73.0,
        "parcel_execution_score": 80.6,
        "parcel_fit_score": 100.0,
        "acquisition_complexity_score": 97.2,
        "utility_score": 20,
        "confidence_score": 48,
        "node_confidence_score": 62,
        "node_class": "EMERGING NODE",
        "node_evidence_model": "Regional corridor prior + statewide road/traffic; county housing feed incomplete",
        "node_component_scores": {
          "residential_growth": 0.0,
          "intersection_network": 100,
          "retail_catalyst": 100,
          "traffic": 83.7,
          "timing": 27.8
        },
        "parcel_component_scores": {
          "frontage_access": 90,
          "size_shape": 100.0,
          "utilities": 20,
          "flood": 100,
          "acquisition": 97.2
        },
        "acquisition_category": "EARLY SPECULATION",
        "decision_summary": "Interesting node/parcel thesis, but data freshness or execution certainty is not strong enough for active pursuit.",
        "main_risks": [
          "not on the immediate intersection",
          "mapped sewer path is unverified",
          "county parcel snapshot is stale",
          "important diligence data is incomplete"
        ],
        "usable_acres_proxy": 50.0,
        "eligible": true,
        "why_this_tract": "major-road frontage \u00b7 within 1 mile of the node \u00b7 regional growth node; county housing feed incomplete \u00b7 1.0 mi from Seguin Exchange / planned Target \u00b7 mostly raw / low-improvement land",
        "verification_notes": "Frontage is a GIS proximity proxy, not legal access. Sewer distance is a mapped-line proxy, not a capacity commitment. Confirm current title/CAD, survey, curb access, median/turn movements, ROW, flood and provider capacity.",
        "geometry_source": "Guadalupe CAD / TxGIO public parcel extract"
      }
    },
    {
      "type": "Feature",
      "geometry": {
        "type": "Polygon",
        "coordinates": [
          [
            [
              -97.99633183404725,
              29.589988981082517
            ],
            [
              -97.99640544639374,
              29.590114599773948
            ],
            [
              -97.99657269762766,
              29.59040001218101
            ],
            [
              -97.99778182120943,
              29.591507482651867
            ],
            [
              -97.9980854774669,
              29.59157246949486
            ],
            [
              -98.00094215098116,
              29.592183808098042
            ],
            [
              -98.00146335118257,
              29.5903232979015
            ],
            [
              -97.99901166892819,
              29.5897984352627
            ],
            [
              -97.99633933762428,
              29.5892249139439
            ],
            [
              -97.99581861190195,
              29.589113151867625
            ],
            [
              -97.99633183404725,
              29.589988981082517
            ]
          ]
        ]
      },
      "properties": {
        "candidate_id": "Guadalupe:53413",
        "county": "Guadalupe",
        "prop_id": "53413",
        "owner": "TEXAS HWY DEPT",
        "verified_owner": "TEXAS HWY DEPT",
        "owner_verification_match": true,
        "situs": "16                      16791 TX",
        "acres": 23.88,
        "reported_acres": 23.88,
        "geometry_acres": 23.99,
        "acres_source": "REPORTED",
        "land_value": 314175.0,
        "assessed_value": 314175.0,
        "improvement_value": 0.0,
        "improvement_ratio": 0.0,
        "gba": 0.0,
        "prop_use": "",
        "legal": "ABS:  11  SUR:  J D CLEMENTS  23.8800 AC.",
        "cad_record_url": "",
        "parcel_source": "Guadalupe CAD via TxGIO public extract",
        "parcel_snapshot": "2022-02",
        "parcel_freshness": "STALE",
        "cad_geometry_verified": true,
        "cad_verification_source": "Guadalupe public parcel extract (2022 vintage)",
        "node_id": "INT-025",
        "node_name": "I-10 / SH 46 (Seguin Exchange)",
        "node_score": 67.9,
        "node_edge_miles": 0.362,
        "dist_score": 90,
        "acre_score": 100,
        "raw_score": 100,
        "shape_score": 96.8,
        "compactness": 0.605,
        "aspect_ratio": 2.65,
        "road_score": 90,
        "frontage_roads": [
          "SH 46"
        ],
        "frontage_ft_proxy": 1077.0,
        "corner_signal": "NO",
        "major_road_signal": true,
        "mtp_row_flag": false,
        "flood_score": 100,
        "flood_pct": 0.0,
        "floodway_pct": 0.0,
        "flood_zones": [
          "X"
        ],
        "flood_confidence": "SCREENED",
        "future_land_use_score": 55,
        "future_land_use": [],
        "aadt": 22949,
        "aadt_5yr_growth_pct": 15.3,
        "aadt_station_miles": 0.02,
        "aadt_route": "SH 46",
        "nearest_retail_catalyst": "Seguin Exchange / planned Target",
        "retail_catalyst_miles": 0.55,
        "future_residential_lots_nearby": 0.0,
        "recent_housing_units_180d": 0,
        "utility_confidence": "UNKNOWN",
        "utility_provider": "GBRA",
        "utility_distance_ft": null,
        "utility_snapshot": "Not published",
        "utility_context": "No mapped sewer feature returned near parcel",
        "assessed_value_per_acre": 13156.0,
        "land_value_per_acre": 13156.0,
        "parcel_opportunity_score": 72.9,
        "parcel_execution_score": 80.3,
        "parcel_fit_score": 98.8,
        "acquisition_complexity_score": 97.2,
        "utility_score": 20,
        "confidence_score": 48,
        "node_confidence_score": 62,
        "node_class": "EMERGING NODE",
        "node_evidence_model": "Regional corridor prior + statewide road/traffic; county housing feed incomplete",
        "node_component_scores": {
          "residential_growth": 0.0,
          "intersection_network": 100,
          "retail_catalyst": 100,
          "traffic": 83.7,
          "timing": 27.8
        },
        "parcel_component_scores": {
          "frontage_access": 90,
          "size_shape": 98.8,
          "utilities": 20,
          "flood": 100,
          "acquisition": 97.2
        },
        "acquisition_category": "EARLY SPECULATION",
        "decision_summary": "Interesting node/parcel thesis, but data freshness or execution certainty is not strong enough for active pursuit.",
        "main_risks": [
          "mapped sewer path is unverified",
          "county parcel snapshot is stale",
          "important diligence data is incomplete"
        ],
        "usable_acres_proxy": 23.88,
        "eligible": true,
        "why_this_tract": "major-road frontage \u00b7 within \u00bd mile of the node \u00b7 regional growth node; county housing feed incomplete \u00b7 0.6 mi from Seguin Exchange / planned Target \u00b7 mostly raw / low-improvement land",
        "verification_notes": "Frontage is a GIS proximity proxy, not legal access. Sewer distance is a mapped-line proxy, not a capacity commitment. Confirm current title/CAD, survey, curb access, median/turn movements, ROW, flood and provider capacity.",
        "geometry_source": "Guadalupe CAD / TxGIO public parcel extract"
      }
    },
    {
      "type": "Feature",
      "geometry": {
        "type": "Polygon",
        "coordinates": [
          [
            [
              -97.991242429855,
              29.569422384891844
            ],
            [
              -97.99111351795729,
              29.56942322369846
            ],
            [
              -97.98963567558002,
              29.56943470209521
            ],
            [
              -97.98957725060919,
              29.56943850799197
            ],
            [
              -97.98951989540076,
              29.56944895210733
            ],
            [
              -97.98946459227132,
              29.569465855084996
            ],
            [
              -97.98941228642201,
              29.569488929013005
            ],
            [
              -97.98936387768295,
              29.569517777360605
            ],
            [
              -97.98932019357241,
              29.5695519056025
            ],
            [
              -97.98928198302433,
              29.569590729291658
            ],
            [
              -97.98924989977708,
              29.56963358385907
            ],
            [
              -97.98922449505056,
              29.56967973448295
            ],
            [
              -97.98920620398582,
              29.56972839042321
            ],
            [
              -97.98919533726304,
              29.56977871759012
            ],
            [
              -97.98919208506842,
              29.569829854815204
            ],
            [
              -97.989199496315,
              29.570481461463
            ],
            [
              -97.98920856770923,
              29.570799699284663
            ],
            [
              -97.98922529716997,
              29.571117700790843
            ],
            [
              -97.98924967689804,
              29.571435322452228
            ],
            [
              -97.989281696976,
              29.571752426136204
            ],
            [
              -97.98932134442522,
              29.572068870076336
            ],
            [
              -97.98936860107922,
              29.57238451517283
            ],
            [
              -97.98942344466887,
              29.572699219586642
            ],
            [
              -97.98948585287057,
              29.573012846890997
            ],
            [
              -97.98955579720266,
              29.57332525700221
            ],
            [
              -97.98963324608575,
              29.57363630981204
            ],
            [
              -97.98971816685344,
              29.573945870616605
            ],
            [
              -97.98981052069858,
              29.57425379925087
            ],
            [
              -97.98991026772676,
              29.574559960954208
            ],
            [
              -97.98991810778682,
              29.57458091939499
            ],
            [
              -97.98993186031933,
              29.57460940531069
            ],
            [
              -97.98995082850998,
              29.5746355015901
            ],
            [
              -97.98997448375955,
              29.57465848780804
            ],
            [
              -97.99000217383143,
              29.574677724715936
            ],
            [
              -97.99003313085866,
              29.574692679566947
            ],
            [
              -97.99006649702314,
              29.57470293894258
            ],
            [
              -97.99010134715579,
              29.574708219751248
            ],
            [
              -97.99013671656941,
              29.574708373047685
            ],
            [
              -97.99017162571474,
              29.574703395949186
            ],
            [
              -97.99020510602914,
              29.574693427319556
            ],
            [
              -97.99023623095496,
              29.574678742588635
            ],
            [
              -97.99137289781443,
              29.5740302205129
            ],
            [
              -97.99136772686724,
              29.573847616730355
            ],
            [
              -97.991242429855,
              29.569422384891844
            ]
          ]
        ]
      },
      "properties": {
        "candidate_id": "Guadalupe:53256",
        "county": "Guadalupe",
        "prop_id": "53256",
        "owner": "RUSH LIVING TRUST",
        "verified_owner": "RUSH LIVING TRUST",
        "owner_verification_match": true,
        "situs": "11 HWY 46 TX",
        "acres": 23.87,
        "reported_acres": 23.87,
        "geometry_acres": 25.52,
        "acres_source": "REPORTED",
        "land_value": 0.0,
        "assessed_value": 1565777.0,
        "improvement_value": 0.0,
        "improvement_ratio": 0.0,
        "gba": 0.0,
        "prop_use": "",
        "legal": "ABS:  11  SUR:  J D CLEMENTS  23.8740 AC.",
        "cad_record_url": "",
        "parcel_source": "Guadalupe CAD via TxGIO public extract",
        "parcel_snapshot": "2022-02",
        "parcel_freshness": "STALE",
        "cad_geometry_verified": true,
        "cad_verification_source": "Guadalupe public parcel extract (2022 vintage)",
        "node_id": "INT-025",
        "node_name": "I-10 / SH 46 (Seguin Exchange)",
        "node_score": 67.9,
        "node_edge_miles": 0.69,
        "dist_score": 78,
        "acre_score": 100,
        "raw_score": 100,
        "shape_score": 100,
        "compactness": 0.628,
        "aspect_ratio": 2.92,
        "road_score": 90,
        "frontage_roads": [
          "SH 46",
          "US 90"
        ],
        "frontage_ft_proxy": 1396.0,
        "corner_signal": "NO",
        "major_road_signal": true,
        "mtp_row_flag": false,
        "flood_score": 100,
        "flood_pct": 0.0,
        "floodway_pct": 0.0,
        "flood_zones": [
          "X"
        ],
        "flood_confidence": "SCREENED",
        "future_land_use_score": 55,
        "future_land_use": [],
        "aadt": 14159,
        "aadt_5yr_growth_pct": 9.6,
        "aadt_station_miles": 0.02,
        "aadt_route": "SH 46",
        "nearest_retail_catalyst": "Seguin Exchange / planned Target",
        "retail_catalyst_miles": 0.88,
        "future_residential_lots_nearby": 0.0,
        "recent_housing_units_180d": 0,
        "utility_confidence": "UNKNOWN",
        "utility_provider": "GBRA",
        "utility_distance_ft": null,
        "utility_snapshot": "Not published",
        "utility_context": "No mapped sewer feature returned near parcel",
        "assessed_value_per_acre": 65596.0,
        "land_value_per_acre": 0.0,
        "parcel_opportunity_score": 72.9,
        "parcel_execution_score": 80.3,
        "parcel_fit_score": 100.0,
        "acquisition_complexity_score": 94.4,
        "utility_score": 20,
        "confidence_score": 48,
        "node_confidence_score": 62,
        "node_class": "EMERGING NODE",
        "node_evidence_model": "Regional corridor prior + statewide road/traffic; county housing feed incomplete",
        "node_component_scores": {
          "residential_growth": 0.0,
          "intersection_network": 100,
          "retail_catalyst": 100,
          "traffic": 83.7,
          "timing": 27.8
        },
        "parcel_component_scores": {
          "frontage_access": 90,
          "size_shape": 100.0,
          "utilities": 20,
          "flood": 100,
          "acquisition": 94.4
        },
        "acquisition_category": "EARLY SPECULATION",
        "decision_summary": "Interesting node/parcel thesis, but data freshness or execution certainty is not strong enough for active pursuit.",
        "main_risks": [
          "not on the immediate intersection",
          "mapped sewer path is unverified",
          "county parcel snapshot is stale",
          "important diligence data is incomplete"
        ],
        "usable_acres_proxy": 23.87,
        "eligible": true,
        "why_this_tract": "major-road frontage \u00b7 within 1 mile of the node \u00b7 regional growth node; county housing feed incomplete \u00b7 0.9 mi from Seguin Exchange / planned Target \u00b7 mostly raw / low-improvement land",
        "verification_notes": "Frontage is a GIS proximity proxy, not legal access. Sewer distance is a mapped-line proxy, not a capacity commitment. Confirm current title/CAD, survey, curb access, median/turn movements, ROW, flood and provider capacity.",
        "geometry_source": "Guadalupe CAD / TxGIO public parcel extract"
      }
    },
    {
      "type": "Feature",
      "geometry": {
        "type": "Polygon",
        "coordinates": [
          [
            [
              -97.98789992919555,
              29.585816144724873
            ],
            [
              -97.98843989150022,
              29.586462162345455
            ],
            [
              -97.98845007363971,
              29.586474344651133
            ],
            [
              -97.98872753306273,
              29.58628517132428
            ],
            [
              -97.98960989033367,
              29.585681313218767
            ],
            [
              -97.98961158756565,
              29.58566981622869
            ],
            [
              -97.9896192462157,
              29.58561792834473
            ],
            [
              -97.98962135279201,
              29.585603660758863
            ],
            [
              -97.98890871460965,
              29.584785031306605
            ],
            [
              -97.98890574588016,
              29.58456093842579
            ],
            [
              -97.98889098848336,
              29.584561088574045
            ],
            [
              -97.98870084798924,
              29.58456301173965
            ],
            [
              -97.98689162830178,
              29.584581303339736
            ],
            [
              -97.98691163531025,
              29.58581322559561
            ],
            [
              -97.98787272372047,
              29.58580045627367
            ],
            [
              -97.98788666196786,
              29.585800272068592
            ],
            [
              -97.98789992919555,
              29.585816144724873
            ]
          ]
        ]
      },
      "properties": {
        "candidate_id": "Guadalupe:151751",
        "county": "Guadalupe",
        "prop_id": "151751",
        "owner": "AT HOLDING-TROTTER LLC",
        "verified_owner": "AT HOLDING-TROTTER LLC",
        "owner_verification_match": true,
        "situs": "I H 10 ACCESS RD SEGUIN TX",
        "acres": 9.06,
        "reported_acres": 9.06,
        "geometry_acres": 9.06,
        "acres_source": "REPORTED",
        "land_value": 0.0,
        "assessed_value": 1049698.0,
        "improvement_value": 0.0,
        "improvement_ratio": 0.0,
        "gba": 0.0,
        "prop_use": "",
        "legal": "ABS:  11  SUR:  J D CLEMENTS  9.0624 ACS.",
        "cad_record_url": "",
        "parcel_source": "Guadalupe CAD via TxGIO public extract",
        "parcel_snapshot": "2022-02",
        "parcel_freshness": "STALE",
        "cad_geometry_verified": true,
        "cad_verification_source": "Guadalupe public parcel extract (2022 vintage)",
        "node_id": "INT-025",
        "node_name": "I-10 / SH 46 (Seguin Exchange)",
        "node_score": 67.9,
        "node_edge_miles": 0.235,
        "dist_score": 97,
        "acre_score": 100,
        "raw_score": 100,
        "shape_score": 100,
        "compactness": 0.704,
        "aspect_ratio": 1.24,
        "road_score": 90,
        "frontage_roads": [
          "IH 10"
        ],
        "frontage_ft_proxy": 989.0,
        "corner_signal": "NO",
        "major_road_signal": true,
        "mtp_row_flag": false,
        "flood_score": 100,
        "flood_pct": 0.0,
        "floodway_pct": 0.0,
        "flood_zones": [
          "X"
        ],
        "flood_confidence": "SCREENED",
        "future_land_use_score": 55,
        "future_land_use": [],
        "aadt": 50706,
        "aadt_5yr_growth_pct": 0,
        "aadt_station_miles": 1.01,
        "aadt_route": "IH 10",
        "nearest_retail_catalyst": "Seguin Exchange / planned Target",
        "retail_catalyst_miles": 0.31,
        "future_residential_lots_nearby": 0.0,
        "recent_housing_units_180d": 0,
        "utility_confidence": "UNKNOWN",
        "utility_provider": "GBRA",
        "utility_distance_ft": null,
        "utility_snapshot": "Not published",
        "utility_context": "No mapped sewer feature returned near parcel",
        "assessed_value_per_acre": 115861.0,
        "land_value_per_acre": 0.0,
        "parcel_opportunity_score": 72.7,
        "parcel_execution_score": 79.8,
        "parcel_fit_score": 100.0,
        "acquisition_complexity_score": 90.2,
        "utility_score": 20,
        "confidence_score": 48,
        "node_confidence_score": 62,
        "node_class": "EMERGING NODE",
        "node_evidence_model": "Regional corridor prior + statewide road/traffic; county housing feed incomplete",
        "node_component_scores": {
          "residential_growth": 0.0,
          "intersection_network": 100,
          "retail_catalyst": 100,
          "traffic": 83.7,
          "timing": 27.8
        },
        "parcel_component_scores": {
          "frontage_access": 90,
          "size_shape": 100.0,
          "utilities": 20,
          "flood": 100,
          "acquisition": 90.2
        },
        "acquisition_category": "EARLY SPECULATION",
        "decision_summary": "Interesting node/parcel thesis, but data freshness or execution certainty is not strong enough for active pursuit.",
        "main_risks": [
          "mapped sewer path is unverified",
          "county parcel snapshot is stale",
          "important diligence data is incomplete"
        ],
        "usable_acres_proxy": 9.06,
        "eligible": true,
        "why_this_tract": "major-road frontage \u00b7 within \u00bc mile of the node \u00b7 regional growth node; county housing feed incomplete \u00b7 0.3 mi from Seguin Exchange / planned Target \u00b7 mostly raw / low-improvement land",
        "verification_notes": "Frontage is a GIS proximity proxy, not legal access. Sewer distance is a mapped-line proxy, not a capacity commitment. Confirm current title/CAD, survey, curb access, median/turn movements, ROW, flood and provider capacity.",
        "geometry_source": "Guadalupe CAD / TxGIO public parcel extract"
      }
    },
    {
      "type": "Feature",
      "geometry": {
        "type": "Polygon",
        "coordinates": [
          [
            [
              -97.98802788840364,
              29.579530063322004
            ],
            [
              -97.98883583363985,
              29.5795240919361
            ],
            [
              -97.98883897657704,
              29.57976383329069
            ],
            [
              -97.99033246006915,
              29.579751374402505
            ],
            [
              -97.99118363795965,
              29.579744265973584
            ],
            [
              -97.99061328597683,
              29.578199884685873
            ],
            [
              -97.99047349057713,
              29.578136829709067
            ],
            [
              -97.9893614205615,
              29.578447154770334
            ],
            [
              -97.98884280173189,
              29.57702707706597
            ],
            [
              -97.98871038128078,
              29.576990418806336
            ],
            [
              -97.98864984964729,
              29.577011716768556
            ],
            [
              -97.98858691668296,
              29.577026786872047
            ],
            [
              -97.98852241842945,
              29.57703542880583
            ],
            [
              -97.98845721278913,
              29.577037528144817
            ],
            [
              -97.98839216197784,
              29.57703305621731
            ],
            [
              -97.98832813145614,
              29.57702207370634
            ],
            [
              -97.98826597242618,
              29.577004726005423
            ],
            [
              -97.98820650842204,
              29.576981242215066
            ],
            [
              -97.98815053013911,
              29.57695193600549
            ],
            [
              -97.9880987790262,
              29.576917194664794
            ],
            [
              -97.9880519431386,
              29.576877480871794
            ],
            [
              -97.98801064485914,
              29.57683332177527
            ],
            [
              -97.98802788840364,
              29.579530063322004
            ]
          ]
        ]
      },
      "properties": {
        "candidate_id": "Guadalupe:53251",
        "county": "Guadalupe",
        "prop_id": "53251",
        "owner": "GUADALUPE VALLEY ELECTRIC CO",
        "verified_owner": "GUADALUPE VALLEY ELECTRIC CO",
        "owner_verification_match": true,
        "situs": "HWY 46 TX",
        "acres": 14.4,
        "reported_acres": 14.4,
        "geometry_acres": 14.39,
        "acres_source": "REPORTED",
        "land_value": 1278238.0,
        "assessed_value": 1278238.0,
        "improvement_value": 0.0,
        "improvement_ratio": 0.0,
        "gba": 0.0,
        "prop_use": "",
        "legal": "ABS:  11  SUR:  J D CLEMENTS   14.4020 AC",
        "cad_record_url": "",
        "parcel_source": "Guadalupe CAD via TxGIO public extract",
        "parcel_snapshot": "2022-02",
        "parcel_freshness": "STALE",
        "cad_geometry_verified": true,
        "cad_verification_source": "Guadalupe public parcel extract (2022 vintage)",
        "node_id": "INT-025",
        "node_name": "I-10 / SH 46 (Seguin Exchange)",
        "node_score": 67.9,
        "node_edge_miles": 0.341,
        "dist_score": 90,
        "acre_score": 100,
        "raw_score": 100,
        "shape_score": 82.2,
        "compactness": 0.514,
        "aspect_ratio": 1.06,
        "road_score": 90,
        "frontage_roads": [
          "SH 46"
        ],
        "frontage_ft_proxy": 601.0,
        "corner_signal": "NO",
        "major_road_signal": true,
        "mtp_row_flag": false,
        "flood_score": 100,
        "flood_pct": 0.0,
        "floodway_pct": 0.0,
        "flood_zones": [
          "X"
        ],
        "flood_confidence": "SCREENED",
        "future_land_use_score": 55,
        "future_land_use": [],
        "aadt": 20088,
        "aadt_5yr_growth_pct": 40.2,
        "aadt_station_miles": 0.09,
        "aadt_route": "SH 46",
        "nearest_retail_catalyst": "Seguin Exchange / planned Target",
        "retail_catalyst_miles": 0.46,
        "future_residential_lots_nearby": 0.0,
        "recent_housing_units_180d": 0,
        "utility_confidence": "UNKNOWN",
        "utility_provider": "GBRA",
        "utility_distance_ft": null,
        "utility_snapshot": "Not published",
        "utility_context": "No mapped sewer feature returned near parcel",
        "assessed_value_per_acre": 88767.0,
        "land_value_per_acre": 88767.0,
        "parcel_opportunity_score": 72.2,
        "parcel_execution_score": 78.6,
        "parcel_fit_score": 93.2,
        "acquisition_complexity_score": 94.4,
        "utility_score": 20,
        "confidence_score": 48,
        "node_confidence_score": 62,
        "node_class": "EMERGING NODE",
        "node_evidence_model": "Regional corridor prior + statewide road/traffic; county housing feed incomplete",
        "node_component_scores": {
          "residential_growth": 0.0,
          "intersection_network": 100,
          "retail_catalyst": 100,
          "traffic": 83.7,
          "timing": 27.8
        },
        "parcel_component_scores": {
          "frontage_access": 90,
          "size_shape": 93.2,
          "utilities": 20,
          "flood": 100,
          "acquisition": 94.4
        },
        "acquisition_category": "EARLY SPECULATION",
        "decision_summary": "Interesting node/parcel thesis, but data freshness or execution certainty is not strong enough for active pursuit.",
        "main_risks": [
          "mapped sewer path is unverified",
          "county parcel snapshot is stale",
          "important diligence data is incomplete"
        ],
        "usable_acres_proxy": 14.4,
        "eligible": true,
        "why_this_tract": "major-road frontage \u00b7 within \u00bd mile of the node \u00b7 regional growth node; county housing feed incomplete \u00b7 0.5 mi from Seguin Exchange / planned Target \u00b7 mostly raw / low-improvement land",
        "verification_notes": "Frontage is a GIS proximity proxy, not legal access. Sewer distance is a mapped-line proxy, not a capacity commitment. Confirm current title/CAD, survey, curb access, median/turn movements, ROW, flood and provider capacity.",
        "geometry_source": "Guadalupe CAD / TxGIO public parcel extract"
      }
    },
    {
      "type": "Feature",
      "geometry": {
        "type": "Polygon",
        "coordinates": [
          [
            [
              -97.98744901512684,
              29.578955118015628
            ],
            [
              -97.98745284524446,
              29.579522212527706
            ],
            [
              -97.98745294631686,
              29.579534310518838
            ],
            [
              -97.98802788840364,
              29.579530063322004
            ],
            [
              -97.98801064485914,
              29.57683332177527
            ],
            [
              -97.98799600719158,
              29.57681481661793
            ],
            [
              -97.98781596234774,
              29.576575767007323
            ],
            [
              -97.98766725068361,
              29.5765483224288
            ],
            [
              -97.98676012722218,
              29.577057179981967
            ],
            [
              -97.98676830447769,
              29.57709864428073
            ],
            [
              -97.98678775783466,
              29.57821293430638
            ],
            [
              -97.98678797879421,
              29.578248234230816
            ],
            [
              -97.98745447376618,
              29.578244051250188
            ],
            [
              -97.98744901512684,
              29.578955118015628
            ]
          ]
        ]
      },
      "properties": {
        "candidate_id": "Guadalupe:52932",
        "county": "Guadalupe",
        "prop_id": "52932",
        "owner": "GUADALUPE VALLEY ELEC COOP",
        "verified_owner": "GUADALUPE VALLEY ELEC COOP",
        "owner_verification_match": true,
        "situs": "1400 W KINGSBURY ST TX",
        "acres": 6.56,
        "reported_acres": 6.56,
        "geometry_acres": 6.85,
        "acres_source": "REPORTED",
        "land_value": 355324.0,
        "assessed_value": 355324.0,
        "improvement_value": 0.0,
        "improvement_ratio": 0.0,
        "gba": 0.0,
        "prop_use": "",
        "legal": "G_A0011 CLEMENTS J D; ACRES 6.558",
        "cad_record_url": "",
        "parcel_source": "Guadalupe CAD via TxGIO public extract",
        "parcel_snapshot": "2022-02",
        "parcel_freshness": "STALE",
        "cad_geometry_verified": true,
        "cad_verification_source": "Guadalupe public parcel extract (2022 vintage)",
        "node_id": "INT-025",
        "node_name": "I-10 / SH 46 (Seguin Exchange)",
        "node_score": 67.9,
        "node_edge_miles": 0.458,
        "dist_score": 90,
        "acre_score": 100,
        "raw_score": 100,
        "shape_score": 77.6,
        "compactness": 0.485,
        "aspect_ratio": 2.73,
        "road_score": 90,
        "frontage_roads": [
          "US 90"
        ],
        "frontage_ft_proxy": 480.0,
        "corner_signal": "NO",
        "major_road_signal": true,
        "mtp_row_flag": false,
        "flood_score": 100,
        "flood_pct": 0.0,
        "floodway_pct": 0.0,
        "flood_zones": [
          "X"
        ],
        "flood_confidence": "SCREENED",
        "future_land_use_score": 55,
        "future_land_use": [],
        "aadt": 9344,
        "aadt_5yr_growth_pct": 29.6,
        "aadt_station_miles": 0.04,
        "aadt_route": "US 90",
        "nearest_retail_catalyst": "Seguin Exchange / planned Target",
        "retail_catalyst_miles": 0.56,
        "future_residential_lots_nearby": 0.0,
        "recent_housing_units_180d": 0,
        "utility_confidence": "UNKNOWN",
        "utility_provider": "GBRA",
        "utility_distance_ft": null,
        "utility_snapshot": "Not published",
        "utility_context": "No mapped sewer feature returned near parcel",
        "assessed_value_per_acre": 54165.0,
        "land_value_per_acre": 54165.0,
        "parcel_opportunity_score": 72.0,
        "parcel_execution_score": 78.1,
        "parcel_fit_score": 91.5,
        "acquisition_complexity_score": 94.4,
        "utility_score": 20,
        "confidence_score": 48,
        "node_confidence_score": 62,
        "node_class": "EMERGING NODE",
        "node_evidence_model": "Regional corridor prior + statewide road/traffic; county housing feed incomplete",
        "node_component_scores": {
          "residential_growth": 0.0,
          "intersection_network": 100,
          "retail_catalyst": 100,
          "traffic": 83.7,
          "timing": 27.8
        },
        "parcel_component_scores": {
          "frontage_access": 90,
          "size_shape": 91.5,
          "utilities": 20,
          "flood": 100,
          "acquisition": 94.4
        },
        "acquisition_category": "EARLY SPECULATION",
        "decision_summary": "Interesting node/parcel thesis, but data freshness or execution certainty is not strong enough for active pursuit.",
        "main_risks": [
          "mapped sewer path is unverified",
          "county parcel snapshot is stale",
          "important diligence data is incomplete"
        ],
        "usable_acres_proxy": 6.56,
        "eligible": true,
        "why_this_tract": "major-road frontage \u00b7 within \u00bd mile of the node \u00b7 regional growth node; county housing feed incomplete \u00b7 0.6 mi from Seguin Exchange / planned Target \u00b7 mostly raw / low-improvement land",
        "verification_notes": "Frontage is a GIS proximity proxy, not legal access. Sewer distance is a mapped-line proxy, not a capacity commitment. Confirm current title/CAD, survey, curb access, median/turn movements, ROW, flood and provider capacity.",
        "geometry_source": "Guadalupe CAD / TxGIO public parcel extract"
      }
    },
    {
      "type": "Feature",
      "geometry": {
        "type": "Polygon",
        "coordinates": [
          [
            [
              -98.0010793917478,
              29.57358121195241
            ],
            [
              -98.00110631208594,
              29.575646313220716
            ],
            [
              -98.0018924000272,
              29.57522513914686
            ],
            [
              -98.00336009292377,
              29.574438751240173
            ],
            [
              -98.00404039313051,
              29.57407423714893
            ],
            [
              -98.00401281690857,
              29.571118262616572
            ],
            [
              -98.00399003865414,
              29.571118383574735
            ],
            [
              -98.00282348469666,
              29.571124579628755
            ],
            [
              -98.0027635665963,
              29.569412396873354
            ],
            [
              -98.0022651703911,
              29.569389308147564
            ],
            [
              -98.00206910551779,
              29.569390760179488
            ],
            [
              -98.00187319029601,
              29.569397604329822
            ],
            [
              -98.00167761779178,
              29.56940983211479
            ],
            [
              -98.00148258315316,
              29.569427433262714
            ],
            [
              -98.00128827643866,
              29.569450390246516
            ],
            [
              -98.0010948939615,
              29.569478679270663
            ],
            [
              -98.00103833241215,
              29.569485134310924
            ],
            [
              -98.00105267312986,
              29.572067374116465
            ],
            [
              -98.00105629323517,
              29.572395663248578
            ],
            [
              -98.0010793917478,
              29.57358121195241
            ]
          ]
        ]
      },
      "properties": {
        "candidate_id": "Guadalupe:52786",
        "county": "Guadalupe",
        "prop_id": "52786",
        "owner": "121.08 GREEN VALLEY JV",
        "verified_owner": "121.08 GREEN VALLEY JV",
        "owner_verification_match": true,
        "situs": "FM 464 TX",
        "acres": 38.67,
        "reported_acres": 38.67,
        "geometry_acres": 37.31,
        "acres_source": "REPORTED",
        "land_value": 0.0,
        "assessed_value": 827943.0,
        "improvement_value": 0.0,
        "improvement_ratio": 0.0,
        "gba": 0.0,
        "prop_use": "",
        "legal": "ABS:  11  SUR:  J D CLEMENTS  38.671 AC.",
        "cad_record_url": "",
        "parcel_source": "Guadalupe CAD via TxGIO public extract",
        "parcel_snapshot": "2022-02",
        "parcel_freshness": "STALE",
        "cad_geometry_verified": true,
        "cad_verification_source": "Guadalupe public parcel extract (2022 vintage)",
        "node_id": "INT-025",
        "node_name": "I-10 / SH 46 (Seguin Exchange)",
        "node_score": 67.9,
        "node_edge_miles": 0.764,
        "dist_score": 66,
        "acre_score": 100,
        "raw_score": 100,
        "shape_score": 92.0,
        "compactness": 0.575,
        "aspect_ratio": 2.41,
        "road_score": 84,
        "frontage_roads": [
          "FM 464"
        ],
        "frontage_ft_proxy": 0.0,
        "corner_signal": "NO",
        "major_road_signal": true,
        "mtp_row_flag": false,
        "flood_score": 100,
        "flood_pct": 0.0,
        "floodway_pct": 0.0,
        "flood_zones": [
          "X"
        ],
        "flood_confidence": "SCREENED",
        "future_land_use_score": 55,
        "future_land_use": [],
        "aadt": 4118,
        "aadt_5yr_growth_pct": 38.0,
        "aadt_station_miles": 0.01,
        "aadt_route": "FM 464",
        "nearest_retail_catalyst": "Seguin Exchange / planned Target",
        "retail_catalyst_miles": 0.99,
        "future_residential_lots_nearby": 0.0,
        "recent_housing_units_180d": 0,
        "utility_confidence": "UNKNOWN",
        "utility_provider": "GBRA",
        "utility_distance_ft": null,
        "utility_snapshot": "Not published",
        "utility_context": "No mapped sewer feature returned near parcel",
        "assessed_value_per_acre": 21410.0,
        "land_value_per_acre": 0.0,
        "parcel_opportunity_score": 72.0,
        "parcel_execution_score": 78.1,
        "parcel_fit_score": 97.0,
        "acquisition_complexity_score": 97.2,
        "utility_score": 20,
        "confidence_score": 48,
        "node_confidence_score": 62,
        "node_class": "EMERGING NODE",
        "node_evidence_model": "Regional corridor prior + statewide road/traffic; county housing feed incomplete",
        "node_component_scores": {
          "residential_growth": 0.0,
          "intersection_network": 100,
          "retail_catalyst": 100,
          "traffic": 83.7,
          "timing": 27.8
        },
        "parcel_component_scores": {
          "frontage_access": 84,
          "size_shape": 97.0,
          "utilities": 20,
          "flood": 100,
          "acquisition": 97.2
        },
        "acquisition_category": "EARLY SPECULATION",
        "decision_summary": "Interesting node/parcel thesis, but data freshness or execution certainty is not strong enough for active pursuit.",
        "main_risks": [
          "not on the immediate intersection",
          "limited frontage proxy",
          "mapped sewer path is unverified",
          "county parcel snapshot is stale",
          "important diligence data is incomplete"
        ],
        "usable_acres_proxy": 38.67,
        "eligible": true,
        "why_this_tract": "major-road frontage \u00b7 within 1 mile of the node \u00b7 regional growth node; county housing feed incomplete \u00b7 1.0 mi from Seguin Exchange / planned Target \u00b7 mostly raw / low-improvement land",
        "verification_notes": "Frontage is a GIS proximity proxy, not legal access. Sewer distance is a mapped-line proxy, not a capacity commitment. Confirm current title/CAD, survey, curb access, median/turn movements, ROW, flood and provider capacity.",
        "geometry_source": "Guadalupe CAD / TxGIO public parcel extract"
      }
    },
    {
      "type": "Feature",
      "geometry": {
        "type": "Polygon",
        "coordinates": [
          [
            [
              -98.1942480528318,
              29.7344227261388
            ],
            [
              -98.1927874105446,
              29.7329309784107
            ],
            [
              -98.1927283325037,
              29.7329306226122
            ],
            [
              -98.1926529363258,
              29.7329301681553
            ],
            [
              -98.1935755287179,
              29.7323175297536
            ],
            [
              -98.1940142556378,
              29.7320261930297
            ],
            [
              -98.1940248323451,
              29.7320202687609
            ],
            [
              -98.1940363531665,
              29.7320158889211
            ],
            [
              -98.194048526672,
              29.7320131627372
            ],
            [
              -98.1940610410551,
              29.7320121614091
            ],
            [
              -98.1940619830811,
              29.7320121563156
            ],
            [
              -98.1940733524671,
              29.7320128798203
            ],
            [
              -98.1940844840114,
              29.7320150286529
            ],
            [
              -98.1940951433656,
              29.7320185562639
            ],
            [
              -98.1941051077571,
              29.7320233909058
            ],
            [
              -98.1941141691407,
              29.7320294293349
            ],
            [
              -98.1945263775209,
              29.7323479122432
            ],
            [
              -98.19473902703,
              29.7325140092654
            ],
            [
              -98.1947417482664,
              29.7325518493994
            ],
            [
              -98.1947533095841,
              29.7327126473806
            ],
            [
              -98.195013265202,
              29.7329127329363
            ],
            [
              -98.1950946424988,
              29.732832199357
            ],
            [
              -98.1951174720611,
              29.7328096063172
            ],
            [
              -98.1955253133499,
              29.7331281588704
            ],
            [
              -98.1957467328115,
              29.7333011012599
            ],
            [
              -98.1956425542041,
              29.7334042005645
            ],
            [
              -98.1959025133795,
              29.7336042844193
            ],
            [
              -98.1960773944182,
              29.7335947050271
            ],
            [
              -98.1961263119081,
              29.7335920249477
            ],
            [
              -98.1974093678525,
              29.734555799013
            ],
            [
              -98.1974107653432,
              29.7345752183332
            ],
            [
              -98.1974232797088,
              29.734749212111
            ],
            [
              -98.1977068060169,
              29.7349675530075
            ],
            [
              -98.197785281273,
              29.7348898898525
            ],
            [
              -98.1978100378462,
              29.7348653885172
            ],
            [
              -98.1982945763751,
              29.735245992566
            ],
            [
              -98.1987427403209,
              29.73559802051
            ],
            [
              -98.1983352763957,
              29.7358762527356
            ],
            [
              -98.1966467300006,
              29.7370292215389
            ],
            [
              -98.1966217043911,
              29.7369994078431
            ],
            [
              -98.1964609232262,
              29.7368086867571
            ],
            [
              -98.1962684427935,
              29.7366001643368
            ],
            [
              -98.1962306148177,
              29.7365591843946
            ],
            [
              -98.1955887127508,
              29.7358637744561
            ],
            [
              -98.1949199763045,
              29.7351392818533
            ],
            [
              -98.1944316010371,
              29.7346101798917
            ],
            [
              -98.1942480528318,
              29.7344227261388
            ]
          ]
        ]
      },
      "properties": {
        "candidate_id": "Comal:72864",
        "county": "Comal",
        "prop_id": "72864",
        "owner": "QUENT TANA K & PENNY M PENCE",
        "verified_owner": "QUENT TANA K & PENNY M PENCE",
        "owner_verification_match": true,
        "situs": "0 STATE HWY 46 W NEW BRAUNFELS TX 78132",
        "acres": 29.92,
        "reported_acres": 331240.0,
        "geometry_acres": 29.92,
        "acres_source": "GEOMETRY",
        "land_value": 0.0,
        "assessed_value": 5090480.0,
        "improvement_value": 0.0,
        "improvement_ratio": 0.0,
        "gba": 0.0,
        "prop_use": "R",
        "legal": "A-530 SUR-277  J STARK, ACRES 33.124",
        "cad_record_url": "https://gis.bisclient.com/comalcad/index.html?find=72864",
        "parcel_source": "Comal CAD public ArcGIS parcel layer",
        "parcel_snapshot": "2024-11-22",
        "parcel_freshness": "AGING",
        "cad_geometry_verified": true,
        "cad_verification_source": "Comal CAD public ArcGIS service",
        "node_id": "INT-007",
        "node_name": "Loop 337 / Word Pkwy (Veramendi)",
        "node_score": 61.6,
        "node_edge_miles": 0.847,
        "dist_score": 66,
        "acre_score": 100,
        "raw_score": 100,
        "shape_score": 84.6,
        "compactness": 0.529,
        "aspect_ratio": 2.36,
        "road_score": 90,
        "frontage_roads": [
          "SH 46"
        ],
        "frontage_ft_proxy": 1162.0,
        "corner_signal": "NO",
        "major_road_signal": true,
        "mtp_row_flag": false,
        "flood_score": 100,
        "flood_pct": 0.0,
        "floodway_pct": 0.0,
        "flood_zones": [
          "X"
        ],
        "flood_confidence": "SCREENED",
        "future_land_use_score": 55,
        "future_land_use": [],
        "aadt": 29278,
        "aadt_5yr_growth_pct": 38.5,
        "aadt_station_miles": 0.59,
        "aadt_route": "SH 46",
        "nearest_retail_catalyst": "Veramendi mixed-use / future Market Center",
        "retail_catalyst_miles": 1.01,
        "future_residential_lots_nearby": 0.0,
        "recent_housing_units_180d": 0,
        "utility_confidence": "NEARBY",
        "utility_provider": "NBU",
        "utility_distance_ft": 1043.0,
        "utility_snapshot": "2024-01-17",
        "utility_context": "NBU feature approximately 1043 ft from parcel; capacity NOT verified",
        "assessed_value_per_acre": 170136.0,
        "land_value_per_acre": 0.0,
        "parcel_opportunity_score": 71.9,
        "parcel_execution_score": 87.3,
        "parcel_fit_score": 94.1,
        "acquisition_complexity_score": 90.2,
        "utility_score": 65,
        "confidence_score": 72,
        "node_confidence_score": 68,
        "node_class": "WATCH NODE",
        "node_evidence_model": "Regional corridor prior + statewide road/traffic; county housing feed incomplete",
        "node_component_scores": {
          "residential_growth": 0.0,
          "intersection_network": 68,
          "retail_catalyst": 100,
          "traffic": 58.2,
          "timing": 27.8
        },
        "parcel_component_scores": {
          "frontage_access": 90,
          "size_shape": 94.1,
          "utilities": 65,
          "flood": 100,
          "acquisition": 90.2
        },
        "acquisition_category": "WATCH",
        "decision_summary": "Strong enough to track closely; verify title, access and utility feasibility before elevating.",
        "main_risks": [
          "not on the immediate intersection",
          "mapped sewer is nearby but not close to parcel",
          "county parcel snapshot is aging"
        ],
        "usable_acres_proxy": 29.92,
        "eligible": true,
        "why_this_tract": "major-road frontage \u00b7 within 1 mile of the node \u00b7 regional growth node; county housing feed incomplete \u00b7 1.0 mi from Veramendi mixed-use / future Market Center \u00b7 mostly raw / low-improvement land",
        "verification_notes": "Frontage is a GIS proximity proxy, not legal access. Sewer distance is a mapped-line proxy, not a capacity commitment. Confirm current title/CAD, survey, curb access, median/turn movements, ROW, flood and provider capacity.",
        "geometry_source": "Comal CAD public ArcGIS parcel layer"
      }
    },
    {
      "type": "Feature",
      "geometry": {
        "type": "Polygon",
        "coordinates": [
          [
            [
              -98.30508401398671,
              29.49796731956857
            ],
            [
              -98.30525524778062,
              29.498171402209735
            ],
            [
              -98.30526804757497,
              29.498186615712786
            ],
            [
              -98.3054261153589,
              29.498374226709295
            ],
            [
              -98.30542645505412,
              29.498374629999677
            ],
            [
              -98.30543895257442,
              29.498389101123077
            ],
            [
              -98.30544232392032,
              29.49839310772651
            ],
            [
              -98.30575203584424,
              29.498469002288832
            ],
            [
              -98.30604077188649,
              29.498539757801492
            ],
            [
              -98.30613027878434,
              29.49858405905299
            ],
            [
              -98.3062135047498,
              29.49862526161772
            ],
            [
              -98.30661291982845,
              29.49882296335931
            ],
            [
              -98.30669224297388,
              29.49886222798263
            ],
            [
              -98.30674057678587,
              29.498896327679592
            ],
            [
              -98.3068513971759,
              29.498974514920135
            ],
            [
              -98.30696235215129,
              29.499052805627212
            ],
            [
              -98.30707304149097,
              29.499130899063125
            ],
            [
              -98.30710088809622,
              29.499150546700843
            ],
            [
              -98.3071369911741,
              29.499184534133654
            ],
            [
              -98.30717300301202,
              29.499218595072406
            ],
            [
              -98.30726428389788,
              29.499305110022462
            ],
            [
              -98.30726907202511,
              29.49930964906111
            ],
            [
              -98.30736034892338,
              29.499396167531668
            ],
            [
              -98.30736514117865,
              29.49940070749043
            ],
            [
              -98.30745641927079,
              29.49948722589922
            ],
            [
              -98.30746121050933,
              29.49949176494688
            ],
            [
              -98.30748823299811,
              29.499517380583036
            ],
            [
              -98.30749302423945,
              29.49952191962948
            ],
            [
              -98.30768380279471,
              29.499720687378268
            ],
            [
              -98.3078116967744,
              29.4998532060287
            ],
            [
              -98.3078127558593,
              29.499854303300143
            ],
            [
              -98.30801392290361,
              29.50000966938719
            ],
            [
              -98.30804493452099,
              29.500033567717683
            ],
            [
              -98.30804774804393,
              29.500035739689036
            ],
            [
              -98.30829281543134,
              29.50028487170366
            ],
            [
              -98.308298121703,
              29.50029120175133
            ],
            [
              -98.30830309028822,
              29.500296981450866
            ],
            [
              -98.30842313310002,
              29.500327311755722
            ],
            [
              -98.30884047344797,
              29.500432762182164
            ],
            [
              -98.30886639172805,
              29.50043931065435
            ],
            [
              -98.30886674079079,
              29.50043939908006
            ],
            [
              -98.30917226900698,
              29.49950601182305
            ],
            [
              -98.30915768060333,
              29.499119529242847
            ],
            [
              -98.30915766836328,
              29.499119203447805
            ],
            [
              -98.3091574951463,
              29.499114611629498
            ],
            [
              -98.30908626339364,
              29.499094298979433
            ],
            [
              -98.30506814273578,
              29.49794845289131
            ],
            [
              -98.3050674746421,
              29.49794826173899
            ],
            [
              -98.30508401398671,
              29.49796731956857
            ]
          ]
        ]
      },
      "properties": {
        "candidate_id": "Bexar:1062995",
        "county": "Bexar",
        "prop_id": "1062995",
        "owner": "GREATER RANDOLPH AREA",
        "situs": "N FM 1516",
        "acres": 7.88,
        "reported_acres": 7.88,
        "geometry_acres": 8.04,
        "acres_source": "REPORTED",
        "land_value": 2600.0,
        "assessed_value": 2600.0,
        "improvement_value": 0.0,
        "improvement_ratio": 0.0,
        "gba": 0.0,
        "prop_use": "2",
        "legal": "CB 5070  P-19D (OUT OF P-19)  ABS 1177 2020-RMS PER SPLIT PER DEED 20190257830 EXE 09-30-19////NEW ACCT FOR 2007 - SPLIT (DEED 12027/2205)",
        "cad_record_url": "",
        "parcel_source": "SARA / Bexar CAD",
        "parcel_snapshot": "2025-12",
        "parcel_freshness": "RECENT",
        "node_id": "INT-016",
        "node_name": "Loop 1604 / Green Rd",
        "node_score": 77.1,
        "node_edge_miles": 0.739,
        "dist_score": 78,
        "acre_score": 100,
        "raw_score": 100,
        "shape_score": 60.2,
        "compactness": 0.376,
        "aspect_ratio": 2.9,
        "road_score": 84,
        "frontage_roads": [
          "FM 1516 N",
          "FM 1516"
        ],
        "frontage_ft_proxy": 0.0,
        "corner_signal": "NO",
        "major_road_signal": true,
        "mtp_row_flag": false,
        "flood_score": 10,
        "flood_pct": 87.5,
        "floodway_pct": 14.4,
        "flood_zones": [
          "AE",
          "X"
        ],
        "flood_confidence": "SCREENED",
        "future_land_use_score": 55,
        "future_land_use": [],
        "aadt": 14472,
        "aadt_5yr_growth_pct": 3.7,
        "aadt_station_miles": 0.14,
        "aadt_route": "FM 1516",
        "nearest_retail_catalyst": "I-10 / Loop 1604 East H-E-B",
        "retail_catalyst_miles": 1.05,
        "future_residential_lots_nearby": 3928.8,
        "recent_housing_units_180d": 0,
        "utility_confidence": "UNKNOWN",
        "utility_provider": "SAWS",
        "utility_distance_ft": null,
        "utility_snapshot": "2021-07-21",
        "utility_context": "No mapped sewer feature returned near parcel",
        "assessed_value_per_acre": 330.0,
        "land_value_per_acre": 330.0,
        "parcel_opportunity_score": 71.8,
        "parcel_execution_score": 63.8,
        "parcel_fit_score": 84.9,
        "acquisition_complexity_score": 97.2,
        "utility_score": 20,
        "confidence_score": 45,
        "node_confidence_score": 94,
        "node_class": "PRIORITY NODE",
        "node_evidence_model": "Bexar detailed growth + statewide road/traffic evidence",
        "node_component_scores": {
          "residential_growth": 58.3,
          "intersection_network": 100,
          "retail_catalyst": 90,
          "traffic": 78.1,
          "timing": 55.6
        },
        "parcel_component_scores": {
          "frontage_access": 84,
          "size_shape": 84.9,
          "utilities": 20,
          "flood": 10,
          "acquisition": 97.2
        },
        "acquisition_category": "REVIEW",
        "decision_summary": "Does not currently clear the acquisition-mode highlight standard.",
        "main_risks": [
          "not on the immediate intersection",
          "limited frontage proxy",
          "mapped sewer path is unverified",
          "87.5% mapped SFHA overlap",
          "important diligence data is incomplete"
        ],
        "usable_acres_proxy": 0.98,
        "eligible": false,
        "why_this_tract": "major-road frontage \u00b7 within 1 mile of the node \u00b7 3928 weighted future residential lots \u00b7 1.1 mi from I-10 / Loop 1604 East H-E-B \u00b7 mostly raw / low-improvement land",
        "verification_notes": "Frontage is a GIS proximity proxy, not legal access. Sewer distance is a mapped-line proxy, not a capacity commitment. Confirm current title/CAD, survey, curb access, median/turn movements, ROW, flood and provider capacity."
      }
    },
    {
      "type": "Feature",
      "geometry": {
        "type": "Polygon",
        "coordinates": [
          [
            [
              -97.99978282209081,
              29.58091181215507
            ],
            [
              -97.99941767732255,
              29.58113616695751
            ],
            [
              -97.99946538319216,
              29.581327156526193
            ],
            [
              -97.99947346513768,
              29.58135951318689
            ],
            [
              -98.00118796148742,
              29.581683532136267
            ],
            [
              -98.00116424060136,
              29.57996425544706
            ],
            [
              -97.99978282209081,
              29.58091181215507
            ]
          ]
        ]
      },
      "properties": {
        "candidate_id": "Guadalupe:52990",
        "county": "Guadalupe",
        "prop_id": "52990",
        "owner": "TXLOTS L L P",
        "verified_owner": "TXLOTS L L P",
        "owner_verification_match": true,
        "situs": "1819 FRIESENHAHN RD TX",
        "acres": 4.63,
        "reported_acres": 4.63,
        "geometry_acres": 4.46,
        "acres_source": "REPORTED",
        "land_value": 801653.0,
        "assessed_value": 801653.0,
        "improvement_value": 0.0,
        "improvement_ratio": 0.0,
        "gba": 0.0,
        "prop_use": "",
        "legal": "ABS:  11  SUR:  J D CLEMENTS  4.6300 AC.",
        "cad_record_url": "",
        "parcel_source": "Guadalupe CAD via TxGIO public extract",
        "parcel_snapshot": "2022-02",
        "parcel_freshness": "STALE",
        "cad_geometry_verified": true,
        "cad_verification_source": "Guadalupe public parcel extract (2022 vintage)",
        "node_id": "INT-025",
        "node_name": "I-10 / SH 46 (Seguin Exchange)",
        "node_score": 67.9,
        "node_edge_miles": 0.428,
        "dist_score": 90,
        "acre_score": 86,
        "raw_score": 100,
        "shape_score": 100,
        "compactness": 0.631,
        "aspect_ratio": 1.12,
        "road_score": 90,
        "frontage_roads": [
          "IH 10"
        ],
        "frontage_ft_proxy": 704.0,
        "corner_signal": "NO",
        "major_road_signal": true,
        "mtp_row_flag": false,
        "flood_score": 100,
        "flood_pct": 0.0,
        "floodway_pct": 0.0,
        "flood_zones": [
          "X"
        ],
        "flood_confidence": "SCREENED",
        "future_land_use_score": 55,
        "future_land_use": [],
        "aadt": 50706,
        "aadt_5yr_growth_pct": 0,
        "aadt_station_miles": 0.22,
        "aadt_route": "IH 10",
        "nearest_retail_catalyst": "Seguin Exchange / planned Target",
        "retail_catalyst_miles": 0.5,
        "future_residential_lots_nearby": 0.0,
        "recent_housing_units_180d": 0,
        "utility_confidence": "UNKNOWN",
        "utility_provider": "GBRA",
        "utility_distance_ft": null,
        "utility_snapshot": "Not published",
        "utility_context": "No mapped sewer feature returned near parcel",
        "assessed_value_per_acre": 173143.0,
        "land_value_per_acre": 173143.0,
        "parcel_opportunity_score": 71.8,
        "parcel_execution_score": 77.6,
        "parcel_fit_score": 91.3,
        "acquisition_complexity_score": 90.2,
        "utility_score": 20,
        "confidence_score": 48,
        "node_confidence_score": 62,
        "node_class": "EMERGING NODE",
        "node_evidence_model": "Regional corridor prior + statewide road/traffic; county housing feed incomplete",
        "node_component_scores": {
          "residential_growth": 0.0,
          "intersection_network": 100,
          "retail_catalyst": 100,
          "traffic": 83.7,
          "timing": 27.8
        },
        "parcel_component_scores": {
          "frontage_access": 90,
          "size_shape": 91.3,
          "utilities": 20,
          "flood": 100,
          "acquisition": 90.2
        },
        "acquisition_category": "EARLY SPECULATION",
        "decision_summary": "Interesting node/parcel thesis, but data freshness or execution certainty is not strong enough for active pursuit.",
        "main_risks": [
          "mapped sewer path is unverified",
          "county parcel snapshot is stale",
          "important diligence data is incomplete"
        ],
        "usable_acres_proxy": 4.63,
        "eligible": true,
        "why_this_tract": "major-road frontage \u00b7 within \u00bd mile of the node \u00b7 regional growth node; county housing feed incomplete \u00b7 0.5 mi from Seguin Exchange / planned Target \u00b7 mostly raw / low-improvement land",
        "verification_notes": "Frontage is a GIS proximity proxy, not legal access. Sewer distance is a mapped-line proxy, not a capacity commitment. Confirm current title/CAD, survey, curb access, median/turn movements, ROW, flood and provider capacity.",
        "geometry_source": "Guadalupe CAD / TxGIO public parcel extract"
      }
    },
    {
      "type": "Feature",
      "geometry": {
        "type": "Polygon",
        "coordinates": [
          [
            [
              -97.97667626204789,
              29.589321142747316
            ],
            [
              -97.97674268681128,
              29.58932203151354
            ],
            [
              -97.9820044509289,
              29.589392360704288
            ],
            [
              -97.98198963373628,
              29.59129015785906
            ],
            [
              -97.98198910938123,
              29.59135742068334
            ],
            [
              -97.98247487611198,
              29.591028674008758
            ],
            [
              -97.98247486794335,
              29.591028664923584
            ],
            [
              -97.98243601112424,
              29.590984806162492
            ],
            [
              -97.9821775004543,
              29.590693016111203
            ],
            [
              -97.98221713306006,
              29.58742032753944
            ],
            [
              -97.9767160831968,
              29.587346801911494
            ],
            [
              -97.97666142687085,
              29.58734606989989
            ],
            [
              -97.97667626204789,
              29.589321142747316
            ]
          ]
        ]
      },
      "properties": {
        "candidate_id": "Guadalupe:158720",
        "county": "Guadalupe",
        "prop_id": "158720",
        "owner": "8TH STREET PROPERTIES",
        "verified_owner": "8TH STREET PROPERTIES",
        "owner_verification_match": true,
        "situs": "1730 EIGHTH ST TX",
        "acres": 30.18,
        "reported_acres": 30.18,
        "geometry_acres": 30.15,
        "acres_source": "REPORTED",
        "land_value": 699566.0,
        "assessed_value": 699566.0,
        "improvement_value": 0.0,
        "improvement_ratio": 0.0,
        "gba": 0.0,
        "prop_use": "",
        "legal": "RIO NOGALES UNIT #1  LOT 2-A   30.177 ACS.",
        "cad_record_url": "",
        "parcel_source": "Guadalupe CAD via TxGIO public extract",
        "parcel_snapshot": "2022-02",
        "parcel_freshness": "STALE",
        "cad_geometry_verified": true,
        "cad_verification_source": "Guadalupe public parcel extract (2022 vintage)",
        "node_id": "INT-025",
        "node_name": "I-10 / SH 46 (Seguin Exchange)",
        "node_score": 67.9,
        "node_edge_miles": 0.697,
        "dist_score": 78,
        "acre_score": 100,
        "raw_score": 100,
        "shape_score": 63.8,
        "compactness": 0.399,
        "aspect_ratio": 1.3,
        "road_score": 90,
        "frontage_roads": [
          "IH 10"
        ],
        "frontage_ft_proxy": 235.0,
        "corner_signal": "NO",
        "major_road_signal": true,
        "mtp_row_flag": false,
        "flood_score": 100,
        "flood_pct": 0.0,
        "floodway_pct": 0.0,
        "flood_zones": [
          "X"
        ],
        "flood_confidence": "SCREENED",
        "future_land_use_score": 55,
        "future_land_use": [],
        "aadt": 8740,
        "aadt_5yr_growth_pct": 86.4,
        "aadt_station_miles": 0.9,
        "aadt_route": "IH 10",
        "nearest_retail_catalyst": "Seguin Exchange / planned Target",
        "retail_catalyst_miles": 0.87,
        "future_residential_lots_nearby": 0.0,
        "recent_housing_units_180d": 0,
        "utility_confidence": "UNKNOWN",
        "utility_provider": "GBRA",
        "utility_distance_ft": null,
        "utility_snapshot": "Not published",
        "utility_context": "No mapped sewer feature returned near parcel",
        "assessed_value_per_acre": 23180.0,
        "land_value_per_acre": 23180.0,
        "parcel_opportunity_score": 71.6,
        "parcel_execution_score": 77.2,
        "parcel_fit_score": 86.2,
        "acquisition_complexity_score": 97.2,
        "utility_score": 20,
        "confidence_score": 48,
        "node_confidence_score": 62,
        "node_class": "EMERGING NODE",
        "node_evidence_model": "Regional corridor prior + statewide road/traffic; county housing feed incomplete",
        "node_component_scores": {
          "residential_growth": 0.0,
          "intersection_network": 100,
          "retail_catalyst": 100,
          "traffic": 83.7,
          "timing": 27.8
        },
        "parcel_component_scores": {
          "frontage_access": 90,
          "size_shape": 86.2,
          "utilities": 20,
          "flood": 100,
          "acquisition": 97.2
        },
        "acquisition_category": "EARLY SPECULATION",
        "decision_summary": "Interesting node/parcel thesis, but data freshness or execution certainty is not strong enough for active pursuit.",
        "main_risks": [
          "not on the immediate intersection",
          "mapped sewer path is unverified",
          "county parcel snapshot is stale",
          "important diligence data is incomplete"
        ],
        "usable_acres_proxy": 30.18,
        "eligible": true,
        "why_this_tract": "major-road frontage \u00b7 within 1 mile of the node \u00b7 regional growth node; county housing feed incomplete \u00b7 0.9 mi from Seguin Exchange / planned Target \u00b7 mostly raw / low-improvement land",
        "verification_notes": "Frontage is a GIS proximity proxy, not legal access. Sewer distance is a mapped-line proxy, not a capacity commitment. Confirm current title/CAD, survey, curb access, median/turn movements, ROW, flood and provider capacity.",
        "geometry_source": "Guadalupe CAD / TxGIO public parcel extract"
      }
    },
    {
      "type": "Feature",
      "geometry": {
        "type": "Polygon",
        "coordinates": [
          [
            [
              -97.9917519830933,
              29.574223894366575
            ],
            [
              -97.9917519585697,
              29.574225857602908
            ],
            [
              -97.9917212623823,
              29.576722467450942
            ],
            [
              -97.99173480738698,
              29.57672236200025
            ],
            [
              -97.9926721857485,
              29.576715029482422
            ],
            [
              -97.9925576771025,
              29.573767309379953
            ],
            [
              -97.9917519830933,
              29.574223894366575
            ]
          ]
        ]
      },
      "properties": {
        "candidate_id": "Guadalupe:167362",
        "county": "Guadalupe",
        "prop_id": "167362",
        "owner": "YAKLIN EDWARD LEE",
        "verified_owner": "YAKLIN EDWARD LEE",
        "owner_verification_match": true,
        "situs": "W KINGSBURY SEGUIN TX",
        "acres": 6.38,
        "reported_acres": 6.38,
        "geometry_acres": 6.37,
        "acres_source": "REPORTED",
        "land_value": 348161.0,
        "assessed_value": 348161.0,
        "improvement_value": 0.0,
        "improvement_ratio": 0.0,
        "gba": 0.0,
        "prop_use": "",
        "legal": "WYATT ARP CHRYSLER DODGE INC   LOT 1-R   6.38 AC",
        "cad_record_url": "",
        "parcel_source": "Guadalupe CAD via TxGIO public extract",
        "parcel_snapshot": "2022-02",
        "parcel_freshness": "STALE",
        "cad_geometry_verified": true,
        "cad_verification_source": "Guadalupe public parcel extract (2022 vintage)",
        "node_id": "INT-025",
        "node_name": "I-10 / SH 46 (Seguin Exchange)",
        "node_score": 67.9,
        "node_edge_miles": 0.528,
        "dist_score": 78,
        "acre_score": 100,
        "raw_score": 100,
        "shape_score": 83.3,
        "compactness": 0.521,
        "aspect_ratio": 3.55,
        "road_score": 84,
        "frontage_roads": [
          "US 90"
        ],
        "frontage_ft_proxy": 0.0,
        "corner_signal": "NO",
        "major_road_signal": true,
        "mtp_row_flag": false,
        "flood_score": 100,
        "flood_pct": 0.0,
        "floodway_pct": 0.0,
        "flood_zones": [
          "X"
        ],
        "flood_confidence": "SCREENED",
        "future_land_use_score": 55,
        "future_land_use": [],
        "aadt": 5467,
        "aadt_5yr_growth_pct": 21.4,
        "aadt_station_miles": 0.2,
        "aadt_route": "US 90",
        "nearest_retail_catalyst": "Seguin Exchange / planned Target",
        "retail_catalyst_miles": 0.62,
        "future_residential_lots_nearby": 0.0,
        "recent_housing_units_180d": 0,
        "utility_confidence": "UNKNOWN",
        "utility_provider": "GBRA",
        "utility_distance_ft": null,
        "utility_snapshot": "Not published",
        "utility_context": "No mapped sewer feature returned near parcel",
        "assessed_value_per_acre": 54571.0,
        "land_value_per_acre": 54571.0,
        "parcel_opportunity_score": 71.5,
        "parcel_execution_score": 76.9,
        "parcel_fit_score": 93.7,
        "acquisition_complexity_score": 94.4,
        "utility_score": 20,
        "confidence_score": 48,
        "node_confidence_score": 62,
        "node_class": "EMERGING NODE",
        "node_evidence_model": "Regional corridor prior + statewide road/traffic; county housing feed incomplete",
        "node_component_scores": {
          "residential_growth": 0.0,
          "intersection_network": 100,
          "retail_catalyst": 100,
          "traffic": 83.7,
          "timing": 27.8
        },
        "parcel_component_scores": {
          "frontage_access": 84,
          "size_shape": 93.7,
          "utilities": 20,
          "flood": 100,
          "acquisition": 94.4
        },
        "acquisition_category": "EARLY SPECULATION",
        "decision_summary": "Interesting node/parcel thesis, but data freshness or execution certainty is not strong enough for active pursuit.",
        "main_risks": [
          "not on the immediate intersection",
          "limited frontage proxy",
          "mapped sewer path is unverified",
          "county parcel snapshot is stale",
          "important diligence data is incomplete"
        ],
        "usable_acres_proxy": 6.38,
        "eligible": true,
        "why_this_tract": "major-road frontage \u00b7 within 1 mile of the node \u00b7 regional growth node; county housing feed incomplete \u00b7 0.6 mi from Seguin Exchange / planned Target \u00b7 mostly raw / low-improvement land",
        "verification_notes": "Frontage is a GIS proximity proxy, not legal access. Sewer distance is a mapped-line proxy, not a capacity commitment. Confirm current title/CAD, survey, curb access, median/turn movements, ROW, flood and provider capacity.",
        "geometry_source": "Guadalupe CAD / TxGIO public parcel extract"
      }
    },
    {
      "type": "Feature",
      "geometry": {
        "type": "Polygon",
        "coordinates": [
          [
            [
              -98.1817840506751,
              29.7099849394706
            ],
            [
              -98.1820050415426,
              29.7097929089162
            ],
            [
              -98.1827037944951,
              29.710602361159
            ],
            [
              -98.1831307391947,
              29.7110969367003
            ],
            [
              -98.1832137377652,
              29.7111930808072
            ],
            [
              -98.1834784773705,
              29.7114997528328
            ],
            [
              -98.1835023689026,
              29.7115274277003
            ],
            [
              -98.183563909085,
              29.7115987138454
            ],
            [
              -98.1839395486097,
              29.7120179368558
            ],
            [
              -98.1841163478093,
              29.7122152468512
            ],
            [
              -98.1841164604499,
              29.712215380206
            ],
            [
              -98.1844656925415,
              29.7126280983888
            ],
            [
              -98.1855967875302,
              29.713936619397
            ],
            [
              -98.1859905304233,
              29.7143962687367
            ],
            [
              -98.1860476236391,
              29.7144629166699
            ],
            [
              -98.1864988956071,
              29.7149897159663
            ],
            [
              -98.1869244139711,
              29.7154899723671
            ],
            [
              -98.1869237265035,
              29.7154903525908
            ],
            [
              -98.1854175863835,
              29.7163246950481
            ],
            [
              -98.183388256092,
              29.7156250405133
            ],
            [
              -98.1804117953613,
              29.7145989924369
            ],
            [
              -98.1789504886018,
              29.7140953831911
            ],
            [
              -98.1786910498342,
              29.714005970951
            ],
            [
              -98.1775924795176,
              29.7136270348259
            ],
            [
              -98.1778653387083,
              29.713389956501
            ],
            [
              -98.1779881511686,
              29.7132832476695
            ],
            [
              -98.1786570774695,
              29.7127020324534
            ],
            [
              -98.179398249701,
              29.7120580319674
            ],
            [
              -98.1795099039059,
              29.7119610161526
            ],
            [
              -98.1799663772849,
              29.711564381887
            ],
            [
              -98.1804303422813,
              29.7111612324114
            ],
            [
              -98.1808943025222,
              29.7107580830134
            ],
            [
              -98.1811120640737,
              29.7105688614269
            ],
            [
              -98.1815874441576,
              29.7101557818291
            ],
            [
              -98.1817840506751,
              29.7099849394706
            ]
          ]
        ]
      },
      "properties": {
        "candidate_id": "Comal:72888",
        "county": "Comal",
        "prop_id": "72888",
        "owner": "SINGLETON SANDRA D & DWAYNE G DISCHINGER",
        "verified_owner": "SINGLETON SANDRA D & DWAYNE G DISCHINGER",
        "owner_verification_match": true,
        "situs": "FM 1863 NEW BRAUNFELS TX 78132",
        "acres": 72.45,
        "reported_acres": 730720.0,
        "geometry_acres": 72.45,
        "acres_source": "GEOMETRY",
        "land_value": 0.0,
        "assessed_value": 11267880.0,
        "improvement_value": 0.0,
        "improvement_ratio": 0.0,
        "gba": 0.0,
        "prop_use": "R",
        "legal": "A-531 SUR-458  L SALINAS, ACRES 73.072, A-709 SUR-458 1/2 J M STEINER",
        "cad_record_url": "https://gis.bisclient.com/comalcad/index.html?find=72888",
        "parcel_source": "Comal CAD public ArcGIS parcel layer",
        "parcel_snapshot": "2024-11-22",
        "parcel_freshness": "AGING",
        "cad_geometry_verified": true,
        "cad_verification_source": "Comal CAD public ArcGIS service",
        "node_id": "INT-022",
        "node_name": "SH 46 / FM 1863",
        "node_score": 60.6,
        "node_edge_miles": 0.486,
        "dist_score": 90,
        "acre_score": 92,
        "raw_score": 100,
        "shape_score": 100,
        "compactness": 0.651,
        "aspect_ratio": 1.3,
        "road_score": 90,
        "frontage_roads": [
          "FM 1863"
        ],
        "frontage_ft_proxy": 216.0,
        "corner_signal": "NO",
        "major_road_signal": true,
        "mtp_row_flag": false,
        "flood_score": 100,
        "flood_pct": 0.0,
        "floodway_pct": 0.0,
        "flood_zones": [
          "X"
        ],
        "flood_confidence": "SCREENED",
        "future_land_use_score": 55,
        "future_land_use": [],
        "aadt": 9924,
        "aadt_5yr_growth_pct": 43.3,
        "aadt_station_miles": 0.39,
        "aadt_route": "FM 1863",
        "nearest_retail_catalyst": "Veramendi mixed-use / future Market Center",
        "retail_catalyst_miles": 1.58,
        "future_residential_lots_nearby": 0.0,
        "recent_housing_units_180d": 0,
        "utility_confidence": "NEARBY",
        "utility_provider": "NBU",
        "utility_distance_ft": 1830.0,
        "utility_snapshot": "2024-01-17",
        "utility_context": "NBU feature approximately 1830 ft from parcel; capacity NOT verified",
        "assessed_value_per_acre": 155526.0,
        "land_value_per_acre": 0.0,
        "parcel_opportunity_score": 71.4,
        "parcel_execution_score": 87.5,
        "parcel_fit_score": 95.0,
        "acquisition_complexity_score": 90.2,
        "utility_score": 65,
        "confidence_score": 72,
        "node_confidence_score": 68,
        "node_class": "WATCH NODE",
        "node_evidence_model": "Regional corridor prior + statewide road/traffic; county housing feed incomplete",
        "node_component_scores": {
          "residential_growth": 0.0,
          "intersection_network": 100,
          "retail_catalyst": 90,
          "traffic": 58.2,
          "timing": 27.8
        },
        "parcel_component_scores": {
          "frontage_access": 90,
          "size_shape": 95.0,
          "utilities": 65,
          "flood": 100,
          "acquisition": 90.2
        },
        "acquisition_category": "WATCH",
        "decision_summary": "Strong enough to track closely; verify title, access and utility feasibility before elevating.",
        "main_risks": [
          "mapped sewer is nearby but not close to parcel",
          "county parcel snapshot is aging"
        ],
        "usable_acres_proxy": 72.45,
        "eligible": true,
        "why_this_tract": "major-road frontage \u00b7 within \u00bd mile of the node \u00b7 regional growth node; county housing feed incomplete \u00b7 1.6 mi from Veramendi mixed-use / future Market Center \u00b7 mostly raw / low-improvement land",
        "verification_notes": "Frontage is a GIS proximity proxy, not legal access. Sewer distance is a mapped-line proxy, not a capacity commitment. Confirm current title/CAD, survey, curb access, median/turn movements, ROW, flood and provider capacity.",
        "geometry_source": "Comal CAD public ArcGIS parcel layer"
      }
    },
    {
      "type": "Feature",
      "geometry": {
        "type": "Polygon",
        "coordinates": [
          [
            [
              -97.98479081269423,
              29.578192298442787
            ],
            [
              -97.98461549789565,
              29.578290440169887
            ],
            [
              -97.98431566647444,
              29.578453799015747
            ],
            [
              -97.98401228110453,
              29.578612064650493
            ],
            [
              -97.98370545185354,
              29.57876517472487
            ],
            [
              -97.98375963807476,
              29.578859358588467
            ],
            [
              -97.98379896711442,
              29.57895997852592
            ],
            [
              -97.98383189544212,
              29.5790623382071
            ],
            [
              -97.98385832494472,
              29.57916612920472
            ],
            [
              -97.9838781741122,
              29.579271034193994
            ],
            [
              -97.98389138206848,
              29.579376736908063
            ],
            [
              -97.98389790866088,
              29.57948291311588
            ],
            [
              -97.98390031946553,
              29.579907615715115
            ],
            [
              -97.98389252553515,
              29.580691713470532
            ],
            [
              -97.98389250273769,
              29.580694006961025
            ],
            [
              -97.98389396273507,
              29.580711936958387
            ],
            [
              -97.98389866215513,
              29.58072943769744
            ],
            [
              -97.98390647949256,
              29.580746063417802
            ],
            [
              -97.98391721970447,
              29.580761393065167
            ],
            [
              -97.98393060794508,
              29.58077503746196
            ],
            [
              -97.98394630493253,
              29.580786651154217
            ],
            [
              -97.98396391308758,
              29.58079593787227
            ],
            [
              -97.98398298466637,
              29.580802663224805
            ],
            [
              -97.98400303621078,
              29.580806654808367
            ],
            [
              -97.98402355772205,
              29.580807814007834
            ],
            [
              -97.9840622608744,
              29.580807297628358
            ],
            [
              -97.98439673829749,
              29.58080284052617
            ],
            [
              -97.9843909304528,
              29.579668059938477
            ],
            [
              -97.98555496946409,
              29.579652543215662
            ],
            [
              -97.98556078960532,
              29.58078749067873
            ],
            [
              -97.98661713566001,
              29.580774547927653
            ],
            [
              -97.98661690415001,
              29.580747919108468
            ],
            [
              -97.98661664780785,
              29.579541304886376
            ],
            [
              -97.98661783262962,
              29.578667682307373
            ],
            [
              -97.98661785231899,
              29.578652888231634
            ],
            [
              -97.98657066078485,
              29.57865350346246
            ],
            [
              -97.98611763302151,
              29.57865940368118
            ],
            [
              -97.98578190526703,
              29.578663774347866
            ],
            [
              -97.98567624773489,
              29.57866501888316
            ],
            [
              -97.98565877547277,
              29.578665257265225
            ],
            [
              -97.98528272324018,
              29.578670394695944
            ],
            [
              -97.98526708967958,
              29.578670607270798
            ],
            [
              -97.98479424513212,
              29.578677064628103
            ],
            [
              -97.98479081269423,
              29.578192298442787
            ]
          ]
        ]
      },
      "properties": {
        "candidate_id": "Guadalupe:51319",
        "county": "Guadalupe",
        "prop_id": "51319",
        "owner": "US 90 WEST VENTURE GROUP LLC",
        "verified_owner": "US 90 WEST VENTURE GROUP LLC",
        "owner_verification_match": true,
        "situs": "W KINGSBURY ST TX",
        "acres": 12.4,
        "reported_acres": 12.4,
        "geometry_acres": 12.53,
        "acres_source": "REPORTED",
        "land_value": 0.0,
        "assessed_value": 572110.0,
        "improvement_value": 0.0,
        "improvement_ratio": 0.0,
        "gba": 0.0,
        "prop_use": "",
        "legal": "ABS:  6  SUR:  H BRANCH  12.3960 AC.",
        "cad_record_url": "",
        "parcel_source": "Guadalupe CAD via TxGIO public extract",
        "parcel_snapshot": "2022-02",
        "parcel_freshness": "STALE",
        "cad_geometry_verified": true,
        "cad_verification_source": "Guadalupe public parcel extract (2022 vintage)",
        "node_id": "INT-025",
        "node_name": "I-10 / SH 46 (Seguin Exchange)",
        "node_score": 67.9,
        "node_edge_miles": 0.469,
        "dist_score": 90,
        "acre_score": 100,
        "raw_score": 100,
        "shape_score": 57.8,
        "compactness": 0.361,
        "aspect_ratio": 1.02,
        "road_score": 90,
        "frontage_roads": [
          "US 90"
        ],
        "frontage_ft_proxy": 2224.0,
        "corner_signal": "NO",
        "major_road_signal": true,
        "mtp_row_flag": false,
        "flood_score": 100,
        "flood_pct": 0.0,
        "floodway_pct": 0.0,
        "flood_zones": [
          "X"
        ],
        "flood_confidence": "SCREENED",
        "future_land_use_score": 55,
        "future_land_use": [],
        "aadt": 10598,
        "aadt_5yr_growth_pct": 30.3,
        "aadt_station_miles": 0.17,
        "aadt_route": "US 90",
        "nearest_retail_catalyst": "Seguin Exchange / planned Target",
        "retail_catalyst_miles": 0.58,
        "future_residential_lots_nearby": 0.0,
        "recent_housing_units_180d": 0,
        "utility_confidence": "UNKNOWN",
        "utility_provider": "GBRA",
        "utility_distance_ft": null,
        "utility_snapshot": "Not published",
        "utility_context": "No mapped sewer feature returned near parcel",
        "assessed_value_per_acre": 46138.0,
        "land_value_per_acre": 0.0,
        "parcel_opportunity_score": 71.4,
        "parcel_execution_score": 76.6,
        "parcel_fit_score": 84.0,
        "acquisition_complexity_score": 97.2,
        "utility_score": 20,
        "confidence_score": 48,
        "node_confidence_score": 62,
        "node_class": "EMERGING NODE",
        "node_evidence_model": "Regional corridor prior + statewide road/traffic; county housing feed incomplete",
        "node_component_scores": {
          "residential_growth": 0.0,
          "intersection_network": 100,
          "retail_catalyst": 100,
          "traffic": 83.7,
          "timing": 27.8
        },
        "parcel_component_scores": {
          "frontage_access": 90,
          "size_shape": 84.0,
          "utilities": 20,
          "flood": 100,
          "acquisition": 97.2
        },
        "acquisition_category": "EARLY SPECULATION",
        "decision_summary": "Interesting node/parcel thesis, but data freshness or execution certainty is not strong enough for active pursuit.",
        "main_risks": [
          "mapped sewer path is unverified",
          "county parcel snapshot is stale",
          "important diligence data is incomplete"
        ],
        "usable_acres_proxy": 12.4,
        "eligible": true,
        "why_this_tract": "major-road frontage \u00b7 within \u00bd mile of the node \u00b7 regional growth node; county housing feed incomplete \u00b7 0.6 mi from Seguin Exchange / planned Target \u00b7 mostly raw / low-improvement land",
        "verification_notes": "Frontage is a GIS proximity proxy, not legal access. Sewer distance is a mapped-line proxy, not a capacity commitment. Confirm current title/CAD, survey, curb access, median/turn movements, ROW, flood and provider capacity.",
        "geometry_source": "Guadalupe CAD / TxGIO public parcel extract"
      }
    },
    {
      "type": "Feature",
      "geometry": {
        "type": "Polygon",
        "coordinates": [
          [
            [
              -97.99867168643244,
              29.58161655602013
            ],
            [
              -97.99822583877783,
              29.581920640334015
            ],
            [
              -97.99823542066832,
              29.583407764561507
            ],
            [
              -97.99891477343127,
              29.58309759648759
            ],
            [
              -97.99938651155512,
              29.582835326905915
            ],
            [
              -97.99975433064952,
              29.582538104000616
            ],
            [
              -97.99974834805879,
              29.581611788654588
            ],
            [
              -97.99925591038405,
              29.581509907453448
            ],
            [
              -97.99867168643244,
              29.58161655602013
            ]
          ]
        ]
      },
      "properties": {
        "candidate_id": "Guadalupe:52814",
        "county": "Guadalupe",
        "prop_id": "52814",
        "owner": "BLACKLAND PROPERTIES LLC",
        "verified_owner": "BLACKLAND PROPERTIES LLC",
        "owner_verification_match": true,
        "situs": "2010 W IH 10 SEGUIN TX 78155",
        "acres": 5.37,
        "reported_acres": 5.37,
        "geometry_acres": 5.68,
        "acres_source": "REPORTED",
        "land_value": 850083.0,
        "assessed_value": 1140728.0,
        "improvement_value": 290645.0,
        "improvement_ratio": 0.255,
        "gba": 0.0,
        "prop_use": "",
        "legal": "ABS:  11  SUR:  J D CLEMENTS  5.3670 AC.",
        "cad_record_url": "",
        "parcel_source": "Guadalupe CAD via TxGIO public extract",
        "parcel_snapshot": "2022-02",
        "parcel_freshness": "STALE",
        "cad_geometry_verified": true,
        "cad_verification_source": "Guadalupe public parcel extract (2022 vintage)",
        "node_id": "INT-025",
        "node_name": "I-10 / SH 46 (Seguin Exchange)",
        "node_score": 67.9,
        "node_edge_miles": 0.307,
        "dist_score": 90,
        "acre_score": 100,
        "raw_score": 69.4,
        "shape_score": 100,
        "compactness": 0.786,
        "aspect_ratio": 1.42,
        "road_score": 90,
        "frontage_roads": [
          "IH 10"
        ],
        "frontage_ft_proxy": 323.0,
        "corner_signal": "NO",
        "major_road_signal": true,
        "mtp_row_flag": false,
        "flood_score": 100,
        "flood_pct": 0.0,
        "floodway_pct": 0.0,
        "flood_zones": [
          "X"
        ],
        "flood_confidence": "SCREENED",
        "future_land_use_score": 55,
        "future_land_use": [],
        "aadt": 50706,
        "aadt_5yr_growth_pct": 0,
        "aadt_station_miles": 0.36,
        "aadt_route": "IH 10",
        "nearest_retail_catalyst": "Seguin Exchange / planned Target",
        "retail_catalyst_miles": 0.37,
        "future_residential_lots_nearby": 0.0,
        "recent_housing_units_180d": 0,
        "utility_confidence": "UNKNOWN",
        "utility_provider": "GBRA",
        "utility_distance_ft": null,
        "utility_snapshot": "Not published",
        "utility_context": "No mapped sewer feature returned near parcel",
        "assessed_value_per_acre": 212426.0,
        "land_value_per_acre": 158302.0,
        "parcel_opportunity_score": 71.3,
        "parcel_execution_score": 76.5,
        "parcel_fit_score": 100.0,
        "acquisition_complexity_score": 64.0,
        "utility_score": 20,
        "confidence_score": 48,
        "node_confidence_score": 62,
        "node_class": "EMERGING NODE",
        "node_evidence_model": "Regional corridor prior + statewide road/traffic; county housing feed incomplete",
        "node_component_scores": {
          "residential_growth": 0.0,
          "intersection_network": 100,
          "retail_catalyst": 100,
          "traffic": 83.7,
          "timing": 27.8
        },
        "parcel_component_scores": {
          "frontage_access": 90,
          "size_shape": 100.0,
          "utilities": 20,
          "flood": 100,
          "acquisition": 64.0
        },
        "acquisition_category": "EARLY SPECULATION",
        "decision_summary": "Interesting node/parcel thesis, but data freshness or execution certainty is not strong enough for active pursuit.",
        "main_risks": [
          "mapped sewer path is unverified",
          "county parcel snapshot is stale",
          "important diligence data is incomplete"
        ],
        "usable_acres_proxy": 5.37,
        "eligible": true,
        "why_this_tract": "major-road frontage \u00b7 within \u00bd mile of the node \u00b7 regional growth node; county housing feed incomplete \u00b7 0.4 mi from Seguin Exchange / planned Target \u00b7 no mapped FEMA SFHA overlap returned",
        "verification_notes": "Frontage is a GIS proximity proxy, not legal access. Sewer distance is a mapped-line proxy, not a capacity commitment. Confirm current title/CAD, survey, curb access, median/turn movements, ROW, flood and provider capacity.",
        "geometry_source": "Guadalupe CAD / TxGIO public parcel extract"
      }
    },
    {
      "type": "Feature",
      "geometry": {
        "type": "Polygon",
        "coordinates": [
          [
            [
              -97.9958968658018,
              29.571837589971135
            ],
            [
              -97.99601515894439,
              29.572258166334432
            ],
            [
              -97.99630907579318,
              29.573303138751513
            ],
            [
              -97.99770874696445,
              29.57330169565226
            ],
            [
              -97.99769084000587,
              29.573038952164442
            ],
            [
              -97.997728393272,
              29.57180072717027
            ],
            [
              -97.99802971186024,
              29.57190152528039
            ],
            [
              -97.99905676875154,
              29.572069217973155
            ],
            [
              -98.00105629323517,
              29.572395663248578
            ],
            [
              -98.00105267312986,
              29.572067374116465
            ],
            [
              -98.00103833241215,
              29.569485134310924
            ],
            [
              -98.00076537723557,
              29.569516282677274
            ],
            [
              -98.00067690039428,
              29.569523135302134
            ],
            [
              -98.00058809408634,
              29.569524728561525
            ],
            [
              -98.00049937019868,
              29.569521058313676
            ],
            [
              -98.00041113319962,
              29.569512140213078
            ],
            [
              -98.00032379143832,
              29.569498015208985
            ],
            [
              -98.00025579974553,
              29.56948841816673
            ],
            [
              -98.00018700155644,
              29.569485615757007
            ],
            [
              -98.00011828208778,
              29.56948964527339
            ],
            [
              -98.00005052847058,
              29.569500453794863
            ],
            [
              -97.9999846101065,
              29.569517901647888
            ],
            [
              -97.99992137864189,
              29.569541765113378
            ],
            [
              -97.9998616452539,
              29.569571737158686
            ],
            [
              -97.9988496353043,
              29.57014860131365
            ],
            [
              -97.99803990454167,
              29.570610151180446
            ],
            [
              -97.99738249910914,
              29.570986691813605
            ],
            [
              -97.99707900686109,
              29.571160518548393
            ],
            [
              -97.99682687037934,
              29.571304931892797
            ],
            [
              -97.996821656441,
              29.571307917330845
            ],
            [
              -97.99685141757647,
              29.57164660695193
            ],
            [
              -97.99654150796543,
              29.571668633333317
            ],
            [
              -97.99652211919646,
              29.571479477892844
            ],
            [
              -97.99651350364147,
              29.571484412955268
            ],
            [
              -97.99650703575323,
              29.571488117137548
            ],
            [
              -97.99643178666565,
              29.57153121624532
            ],
            [
              -97.9958968658018,
              29.571837589971135
            ]
          ]
        ]
      },
      "properties": {
        "candidate_id": "Guadalupe:138857",
        "county": "Guadalupe",
        "prop_id": "138857",
        "owner": "CATERPILLAR INC",
        "verified_owner": "CATERPILLAR INC",
        "owner_verification_match": true,
        "situs": "1720 W KINGSBURY ST SEGUIN TX 78155",
        "acres": 37.64,
        "reported_acres": 37.64,
        "geometry_acres": 27.76,
        "acres_source": "REPORTED",
        "land_value": 735528.0,
        "assessed_value": 735528.0,
        "improvement_value": 0.0,
        "improvement_ratio": 0.0,
        "gba": 0.0,
        "prop_use": "",
        "legal": "CATERPILLAR POWER SYSTEMS PT OF LOT #1-A  37.6392 ACS  POLLUTION CONTROL- FORMERLY:  ABS: 11  SUR: CLEMENTS J D",
        "cad_record_url": "",
        "parcel_source": "Guadalupe CAD via TxGIO public extract",
        "parcel_snapshot": "2022-02",
        "parcel_freshness": "STALE",
        "cad_geometry_verified": true,
        "cad_verification_source": "Guadalupe public parcel extract (2022 vintage)",
        "node_id": "INT-025",
        "node_name": "I-10 / SH 46 (Seguin Exchange)",
        "node_score": 67.9,
        "node_edge_miles": 0.783,
        "dist_score": 66,
        "acre_score": 100,
        "raw_score": 100,
        "shape_score": 73.7,
        "compactness": 0.461,
        "aspect_ratio": 1.68,
        "road_score": 84,
        "frontage_roads": [
          "FM 464",
          "US 90"
        ],
        "frontage_ft_proxy": 0.0,
        "corner_signal": "NO",
        "major_road_signal": true,
        "mtp_row_flag": false,
        "flood_score": 100,
        "flood_pct": 0.0,
        "floodway_pct": 0.0,
        "flood_zones": [
          "X"
        ],
        "flood_confidence": "SCREENED",
        "future_land_use_score": 55,
        "future_land_use": [],
        "aadt": 4118,
        "aadt_5yr_growth_pct": 38.0,
        "aadt_station_miles": 0.02,
        "aadt_route": "FM 464",
        "nearest_retail_catalyst": "Seguin Exchange / planned Target",
        "retail_catalyst_miles": 0.96,
        "future_residential_lots_nearby": 0.0,
        "recent_housing_units_180d": 0,
        "utility_confidence": "UNKNOWN",
        "utility_provider": "GBRA",
        "utility_distance_ft": null,
        "utility_snapshot": "Not published",
        "utility_context": "No mapped sewer feature returned near parcel",
        "assessed_value_per_acre": 19541.0,
        "land_value_per_acre": 19541.0,
        "parcel_opportunity_score": 71.3,
        "parcel_execution_score": 76.3,
        "parcel_fit_score": 90.0,
        "acquisition_complexity_score": 97.2,
        "utility_score": 20,
        "confidence_score": 48,
        "node_confidence_score": 62,
        "node_class": "EMERGING NODE",
        "node_evidence_model": "Regional corridor prior + statewide road/traffic; county housing feed incomplete",
        "node_component_scores": {
          "residential_growth": 0.0,
          "intersection_network": 100,
          "retail_catalyst": 100,
          "traffic": 83.7,
          "timing": 27.8
        },
        "parcel_component_scores": {
          "frontage_access": 84,
          "size_shape": 90.0,
          "utilities": 20,
          "flood": 100,
          "acquisition": 97.2
        },
        "acquisition_category": "EARLY SPECULATION",
        "decision_summary": "Interesting node/parcel thesis, but data freshness or execution certainty is not strong enough for active pursuit.",
        "main_risks": [
          "not on the immediate intersection",
          "limited frontage proxy",
          "mapped sewer path is unverified",
          "county parcel snapshot is stale",
          "important diligence data is incomplete"
        ],
        "usable_acres_proxy": 37.64,
        "eligible": true,
        "why_this_tract": "major-road frontage \u00b7 within 1 mile of the node \u00b7 regional growth node; county housing feed incomplete \u00b7 1.0 mi from Seguin Exchange / planned Target \u00b7 mostly raw / low-improvement land",
        "verification_notes": "Frontage is a GIS proximity proxy, not legal access. Sewer distance is a mapped-line proxy, not a capacity commitment. Confirm current title/CAD, survey, curb access, median/turn movements, ROW, flood and provider capacity.",
        "geometry_source": "Guadalupe CAD / TxGIO public parcel extract"
      }
    },
    {
      "type": "Feature",
      "geometry": {
        "type": "Polygon",
        "coordinates": [
          [
            [
              -98.1807062425478,
              29.7195710413596
            ],
            [
              -98.1807071095563,
              29.719570456521
            ],
            [
              -98.1809306342488,
              29.7194196707436
            ],
            [
              -98.1809378322712,
              29.7194148149577
            ],
            [
              -98.1809491698844,
              29.7194071664217
            ],
            [
              -98.1809712203085,
              29.7193922923417
            ],
            [
              -98.1809796658167,
              29.719386595063
            ],
            [
              -98.181160974746,
              29.7192642872231
            ],
            [
              -98.1815518664924,
              29.7190005953462
            ],
            [
              -98.1816044052435,
              29.7190621208417
            ],
            [
              -98.1816091449924,
              29.7190676722471
            ],
            [
              -98.1826021639797,
              29.7202305379746
            ],
            [
              -98.1826318403713,
              29.7202652905396
            ],
            [
              -98.1827085038181,
              29.7203550642049
            ],
            [
              -98.1822861871654,
              29.7206239105507
            ],
            [
              -98.1821242727968,
              29.7207269848125
            ],
            [
              -98.1821156500653,
              29.7207324735036
            ],
            [
              -98.1820931365785,
              29.7207468061449
            ],
            [
              -98.1820742106167,
              29.7207588542781
            ],
            [
              -98.1818451012662,
              29.7209047026001
            ],
            [
              -98.1812632257054,
              29.7202233023848
            ],
            [
              -98.1807062425478,
              29.7195710413596
            ]
          ]
        ]
      },
      "properties": {
        "candidate_id": "Comal:130319",
        "county": "Comal",
        "prop_id": "130319",
        "owner": "CENTER FOR CHRISTIAN GROWTH INC",
        "verified_owner": "CENTER FOR CHRISTIAN GROWTH INC",
        "owner_verification_match": true,
        "situs": "FM 1863 TX",
        "acres": 4.75,
        "reported_acres": 47210.0,
        "geometry_acres": 4.75,
        "acres_source": "GEOMETRY",
        "land_value": 451030.0,
        "assessed_value": 451030.0,
        "improvement_value": 0.0,
        "improvement_ratio": 0.0,
        "gba": 0.0,
        "prop_use": "R",
        "legal": "A-531 SUR-458  L SALINAS, ACRES 4.721",
        "cad_record_url": "https://gis.bisclient.com/comalcad/index.html?find=130319",
        "parcel_source": "Comal CAD public ArcGIS parcel layer",
        "parcel_snapshot": "2024-11-22",
        "parcel_freshness": "AGING",
        "cad_geometry_verified": true,
        "cad_verification_source": "Comal CAD public ArcGIS service",
        "node_id": "INT-022",
        "node_name": "SH 46 / FM 1863",
        "node_score": 60.6,
        "node_edge_miles": 0.199,
        "dist_score": 97,
        "acre_score": 86,
        "raw_score": 100,
        "shape_score": 100,
        "compactness": 0.722,
        "aspect_ratio": 1.81,
        "road_score": 90,
        "frontage_roads": [
          "FM 1863"
        ],
        "frontage_ft_proxy": 349.0,
        "corner_signal": "NO",
        "major_road_signal": true,
        "mtp_row_flag": false,
        "flood_score": 100,
        "flood_pct": 0.0,
        "floodway_pct": 0.0,
        "flood_zones": [
          "X"
        ],
        "flood_confidence": "SCREENED",
        "future_land_use_score": 55,
        "future_land_use": [],
        "aadt": 9924,
        "aadt_5yr_growth_pct": 43.3,
        "aadt_station_miles": 0.1,
        "aadt_route": "FM 1863",
        "nearest_retail_catalyst": "Veramendi mixed-use / future Market Center",
        "retail_catalyst_miles": 1.12,
        "future_residential_lots_nearby": 0.0,
        "recent_housing_units_180d": 0,
        "utility_confidence": "NEARBY",
        "utility_provider": "NBU",
        "utility_distance_ft": 1191.0,
        "utility_snapshot": "2024-01-17",
        "utility_context": "NBU feature approximately 1191 ft from parcel; capacity NOT verified",
        "assessed_value_per_acre": 94954.0,
        "land_value_per_acre": 94954.0,
        "parcel_opportunity_score": 71.2,
        "parcel_execution_score": 87.1,
        "parcel_fit_score": 91.3,
        "acquisition_complexity_score": 94.4,
        "utility_score": 65,
        "confidence_score": 72,
        "node_confidence_score": 68,
        "node_class": "WATCH NODE",
        "node_evidence_model": "Regional corridor prior + statewide road/traffic; county housing feed incomplete",
        "node_component_scores": {
          "residential_growth": 0.0,
          "intersection_network": 100,
          "retail_catalyst": 90,
          "traffic": 58.2,
          "timing": 27.8
        },
        "parcel_component_scores": {
          "frontage_access": 90,
          "size_shape": 91.3,
          "utilities": 65,
          "flood": 100,
          "acquisition": 94.4
        },
        "acquisition_category": "WATCH",
        "decision_summary": "Strong enough to track closely; verify title, access and utility feasibility before elevating.",
        "main_risks": [
          "mapped sewer is nearby but not close to parcel",
          "county parcel snapshot is aging"
        ],
        "usable_acres_proxy": 4.75,
        "eligible": true,
        "why_this_tract": "major-road frontage \u00b7 within \u00bc mile of the node \u00b7 regional growth node; county housing feed incomplete \u00b7 1.1 mi from Veramendi mixed-use / future Market Center \u00b7 mostly raw / low-improvement land",
        "verification_notes": "Frontage is a GIS proximity proxy, not legal access. Sewer distance is a mapped-line proxy, not a capacity commitment. Confirm current title/CAD, survey, curb access, median/turn movements, ROW, flood and provider capacity.",
        "geometry_source": "Comal CAD public ArcGIS parcel layer"
      }
    },
    {
      "type": "Feature",
      "geometry": {
        "type": "Polygon",
        "coordinates": [
          [
            [
              -97.99259624452256,
              29.57920316031292
            ],
            [
              -97.99295907690853,
              29.579099948423746
            ],
            [
              -97.99295914730145,
              29.579099928200588
            ],
            [
              -97.99294100465724,
              29.578657184139992
            ],
            [
              -97.99290399692222,
              29.57775402327211
            ],
            [
              -97.99203226414058,
              29.57777935321615
            ],
            [
              -97.99216782425376,
              29.578143891279876
            ],
            [
              -97.99141819001785,
              29.57835688737545
            ],
            [
              -97.991343390802,
              29.578378140350935
            ],
            [
              -97.99154615413796,
              29.578923404239266
            ],
            [
              -97.99162095267839,
              29.578902151145215
            ],
            [
              -97.99233319656284,
              29.578699778485216
            ],
            [
              -97.99259624452256,
              29.57920316031292
            ]
          ]
        ]
      },
      "properties": {
        "candidate_id": "Guadalupe:174242",
        "county": "Guadalupe",
        "prop_id": "174242",
        "owner": "DEZAVALA MARKETPLACE LLC",
        "verified_owner": "DEZAVALA MARKETPLACE LLC",
        "owner_verification_match": true,
        "situs": "1100 STATE HWY 46 N SEGUIN TX 78155",
        "acres": 3.71,
        "reported_acres": 3.71,
        "geometry_acres": 3.71,
        "acres_source": "REPORTED",
        "land_value": 734020.0,
        "assessed_value": 734020.0,
        "improvement_value": 0.0,
        "improvement_ratio": 0.0,
        "gba": 0.0,
        "prop_use": "",
        "legal": "SCHAEFER COMMERCIAL  LOT#6  3.71 ACS",
        "cad_record_url": "",
        "parcel_source": "Guadalupe CAD via TxGIO public extract",
        "parcel_snapshot": "2022-02",
        "parcel_freshness": "STALE",
        "cad_geometry_verified": true,
        "cad_verification_source": "Guadalupe public parcel extract (2022 vintage)",
        "node_id": "INT-025",
        "node_name": "I-10 / SH 46 (Seguin Exchange)",
        "node_score": 67.9,
        "node_edge_miles": 0.357,
        "dist_score": 90,
        "acre_score": 86,
        "raw_score": 100,
        "shape_score": 83.2,
        "compactness": 0.52,
        "aspect_ratio": 1.04,
        "road_score": 90,
        "frontage_roads": [
          "SH 46"
        ],
        "frontage_ft_proxy": 540.0,
        "corner_signal": "NO",
        "major_road_signal": true,
        "mtp_row_flag": false,
        "flood_score": 100,
        "flood_pct": 0.0,
        "floodway_pct": 0.0,
        "flood_zones": [
          "X"
        ],
        "flood_confidence": "SCREENED",
        "future_land_use_score": 55,
        "future_land_use": [],
        "aadt": 20088,
        "aadt_5yr_growth_pct": 40.2,
        "aadt_station_miles": 0.12,
        "aadt_route": "SH 46",
        "nearest_retail_catalyst": "Seguin Exchange / planned Target",
        "retail_catalyst_miles": 0.41,
        "future_residential_lots_nearby": 0.0,
        "recent_housing_units_180d": 0,
        "utility_confidence": "UNKNOWN",
        "utility_provider": "GBRA",
        "utility_distance_ft": null,
        "utility_snapshot": "Not published",
        "utility_context": "No mapped sewer feature returned near parcel",
        "assessed_value_per_acre": 197849.0,
        "land_value_per_acre": 197849.0,
        "parcel_opportunity_score": 71.1,
        "parcel_execution_score": 76.0,
        "parcel_fit_score": 84.9,
        "acquisition_complexity_score": 90.2,
        "utility_score": 20,
        "confidence_score": 48,
        "node_confidence_score": 62,
        "node_class": "EMERGING NODE",
        "node_evidence_model": "Regional corridor prior + statewide road/traffic; county housing feed incomplete",
        "node_component_scores": {
          "residential_growth": 0.0,
          "intersection_network": 100,
          "retail_catalyst": 100,
          "traffic": 83.7,
          "timing": 27.8
        },
        "parcel_component_scores": {
          "frontage_access": 90,
          "size_shape": 84.9,
          "utilities": 20,
          "flood": 100,
          "acquisition": 90.2
        },
        "acquisition_category": "EARLY SPECULATION",
        "decision_summary": "Interesting node/parcel thesis, but data freshness or execution certainty is not strong enough for active pursuit.",
        "main_risks": [
          "mapped sewer path is unverified",
          "county parcel snapshot is stale",
          "important diligence data is incomplete"
        ],
        "usable_acres_proxy": 3.71,
        "eligible": true,
        "why_this_tract": "major-road frontage \u00b7 within \u00bd mile of the node \u00b7 regional growth node; county housing feed incomplete \u00b7 0.4 mi from Seguin Exchange / planned Target \u00b7 mostly raw / low-improvement land",
        "verification_notes": "Frontage is a GIS proximity proxy, not legal access. Sewer distance is a mapped-line proxy, not a capacity commitment. Confirm current title/CAD, survey, curb access, median/turn movements, ROW, flood and provider capacity.",
        "geometry_source": "Guadalupe CAD / TxGIO public parcel extract"
      }
    },
    {
      "type": "Feature",
      "geometry": {
        "type": "Polygon",
        "coordinates": [
          [
            [
              -98.1882353706995,
              29.7259286491949
            ],
            [
              -98.1885446977937,
              29.7255551642741
            ],
            [
              -98.1886807643974,
              29.7257101082698
            ],
            [
              -98.1899869541401,
              29.7271974966959
            ],
            [
              -98.190112539438,
              29.7273405015351
            ],
            [
              -98.1903347784904,
              29.7275935622464
            ],
            [
              -98.1903837461479,
              29.7276493210596
            ],
            [
              -98.1903302338257,
              29.7277500720353
            ],
            [
              -98.1903843846635,
              29.727771982684
            ],
            [
              -98.1903631477037,
              29.7277879868368
            ],
            [
              -98.1897672774728,
              29.7282370191335
            ],
            [
              -98.189322871335,
              29.7278952144324
            ],
            [
              -98.188395681083,
              29.7271820717221
            ],
            [
              -98.1875861514032,
              29.7265594143928
            ],
            [
              -98.1875298961142,
              29.7265161448951
            ],
            [
              -98.1876435490397,
              29.7264019656454
            ],
            [
              -98.1876060102673,
              29.7263730923432
            ],
            [
              -98.1879349834647,
              29.7261840652998
            ],
            [
              -98.1882353706995,
              29.7259286491949
            ]
          ]
        ]
      },
      "properties": {
        "candidate_id": "Comal:81740",
        "county": "Comal",
        "prop_id": "81740",
        "owner": "JGC TENNIS INC",
        "verified_owner": "JGC TENNIS INC",
        "owner_verification_match": true,
        "situs": "0 STATE HWY 46 W NEW BRAUNFELS TX 78130",
        "acres": 8.32,
        "reported_acres": 148850.0,
        "geometry_acres": 8.32,
        "acres_source": "GEOMETRY",
        "land_value": 1968510.0,
        "assessed_value": 1968510.0,
        "improvement_value": 0.0,
        "improvement_ratio": 0.0,
        "gba": 0.0,
        "prop_use": "R",
        "legal": "A-777 SUR-831  C PAPE, ACRES 14.885",
        "cad_record_url": "https://gis.bisclient.com/comalcad/index.html?find=81740",
        "parcel_source": "Comal CAD public ArcGIS parcel layer",
        "parcel_snapshot": "2024-11-22",
        "parcel_freshness": "AGING",
        "cad_geometry_verified": true,
        "cad_verification_source": "Comal CAD public ArcGIS service",
        "node_id": "INT-022",
        "node_name": "SH 46 / FM 1863",
        "node_score": 60.6,
        "node_edge_miles": 0.664,
        "dist_score": 78,
        "acre_score": 100,
        "raw_score": 100,
        "shape_score": 98.4,
        "compactness": 0.615,
        "aspect_ratio": 2.07,
        "road_score": 84,
        "frontage_roads": [
          "SH 46"
        ],
        "frontage_ft_proxy": 0.0,
        "corner_signal": "NO",
        "major_road_signal": true,
        "mtp_row_flag": false,
        "flood_score": 45,
        "flood_pct": 12.5,
        "floodway_pct": 4.1,
        "flood_zones": [
          "AE",
          "X"
        ],
        "flood_confidence": "SCREENED",
        "future_land_use_score": 55,
        "future_land_use": [],
        "aadt": 29278,
        "aadt_5yr_growth_pct": 38.5,
        "aadt_station_miles": 0.06,
        "aadt_route": "SH 46",
        "nearest_retail_catalyst": "Veramendi mixed-use / future Market Center",
        "retail_catalyst_miles": 0.87,
        "future_residential_lots_nearby": 0.0,
        "recent_housing_units_180d": 0,
        "utility_confidence": "PROXY",
        "utility_provider": "NBU",
        "utility_distance_ft": 0.0,
        "utility_snapshot": "2024-01-17",
        "utility_context": "NBU feature approximately 0 ft from parcel; capacity NOT verified",
        "assessed_value_per_acre": 236600.0,
        "land_value_per_acre": 236600.0,
        "parcel_opportunity_score": 71.0,
        "parcel_execution_score": 86.5,
        "parcel_fit_score": 99.4,
        "acquisition_complexity_score": 86.0,
        "utility_score": 100,
        "confidence_score": 72,
        "node_confidence_score": 68,
        "node_class": "WATCH NODE",
        "node_evidence_model": "Regional corridor prior + statewide road/traffic; county housing feed incomplete",
        "node_component_scores": {
          "residential_growth": 0.0,
          "intersection_network": 100,
          "retail_catalyst": 90,
          "traffic": 58.2,
          "timing": 27.8
        },
        "parcel_component_scores": {
          "frontage_access": 84,
          "size_shape": 99.4,
          "utilities": 100,
          "flood": 45,
          "acquisition": 86.0
        },
        "acquisition_category": "WATCH",
        "decision_summary": "Strong enough to track closely; verify title, access and utility feasibility before elevating.",
        "main_risks": [
          "not on the immediate intersection",
          "limited frontage proxy",
          "utility capacity is unverified",
          "12.5% mapped SFHA overlap",
          "county parcel snapshot is aging"
        ],
        "usable_acres_proxy": 7.28,
        "eligible": true,
        "why_this_tract": "major-road frontage \u00b7 within 1 mile of the node \u00b7 regional growth node; county housing feed incomplete \u00b7 0.9 mi from Veramendi mixed-use / future Market Center \u00b7 mapped NBU feature ~0 ft from parcel",
        "verification_notes": "Frontage is a GIS proximity proxy, not legal access. Sewer distance is a mapped-line proxy, not a capacity commitment. Confirm current title/CAD, survey, curb access, median/turn movements, ROW, flood and provider capacity.",
        "geometry_source": "Comal CAD public ArcGIS parcel layer"
      }
    },
    {
      "type": "Feature",
      "geometry": {
        "type": "Polygon",
        "coordinates": [
          [
            [
              -98.00069827302346,
              29.594178340617546
            ],
            [
              -98.00178238380462,
              29.59517017415883
            ],
            [
              -98.00409636259685,
              29.59359430156867
            ],
            [
              -98.00474111876467,
              29.593155191924293
            ],
            [
              -98.00341751377151,
              29.592866145514332
            ],
            [
              -98.0025612734502,
              29.59267915350282
            ],
            [
              -98.00069827302346,
              29.594178340617546
            ]
          ]
        ]
      },
      "properties": {
        "candidate_id": "Guadalupe:52769",
        "county": "Guadalupe",
        "prop_id": "52769",
        "owner": "ACCO FEEDS INC",
        "verified_owner": "ACCO FEEDS INC",
        "owner_verification_match": true,
        "situs": "2464 N HWY 46 TX",
        "acres": 12.37,
        "reported_acres": 12.37,
        "geometry_acres": 12.3,
        "acres_source": "REPORTED",
        "land_value": 428417.0,
        "assessed_value": 428417.0,
        "improvement_value": 0.0,
        "improvement_ratio": 0.0,
        "gba": 0.0,
        "prop_use": "",
        "legal": "ABS:  11  SUR:  J D CLEMENTS  12.3700 AC.",
        "cad_record_url": "",
        "parcel_source": "Guadalupe CAD via TxGIO public extract",
        "parcel_snapshot": "2022-02",
        "parcel_freshness": "STALE",
        "cad_geometry_verified": true,
        "cad_verification_source": "Guadalupe public parcel extract (2022 vintage)",
        "node_id": "INT-025",
        "node_name": "I-10 / SH 46 (Seguin Exchange)",
        "node_score": 67.9,
        "node_edge_miles": 0.801,
        "dist_score": 66,
        "acre_score": 100,
        "raw_score": 100,
        "shape_score": 100,
        "compactness": 0.654,
        "aspect_ratio": 2.21,
        "road_score": 84,
        "frontage_roads": [
          "SH 46"
        ],
        "frontage_ft_proxy": 0.0,
        "corner_signal": "NO",
        "major_road_signal": true,
        "mtp_row_flag": false,
        "flood_score": 75,
        "flood_pct": 9.2,
        "floodway_pct": 0.0,
        "flood_zones": [
          "AE",
          "X"
        ],
        "flood_confidence": "SCREENED",
        "future_land_use_score": 55,
        "future_land_use": [],
        "aadt": 22949,
        "aadt_5yr_growth_pct": 15.3,
        "aadt_station_miles": 0.29,
        "aadt_route": "SH 46",
        "nearest_retail_catalyst": "Seguin Exchange / planned Target",
        "retail_catalyst_miles": 0.86,
        "future_residential_lots_nearby": 0.0,
        "recent_housing_units_180d": 0,
        "utility_confidence": "UNKNOWN",
        "utility_provider": "GBRA",
        "utility_distance_ft": null,
        "utility_snapshot": "Not published",
        "utility_context": "No mapped sewer feature returned near parcel",
        "assessed_value_per_acre": 34634.0,
        "land_value_per_acre": 34634.0,
        "parcel_opportunity_score": 71.0,
        "parcel_execution_score": 75.7,
        "parcel_fit_score": 100.0,
        "acquisition_complexity_score": 97.2,
        "utility_score": 20,
        "confidence_score": 48,
        "node_confidence_score": 62,
        "node_class": "EMERGING NODE",
        "node_evidence_model": "Regional corridor prior + statewide road/traffic; county housing feed incomplete",
        "node_component_scores": {
          "residential_growth": 0.0,
          "intersection_network": 100,
          "retail_catalyst": 100,
          "traffic": 83.7,
          "timing": 27.8
        },
        "parcel_component_scores": {
          "frontage_access": 84,
          "size_shape": 100.0,
          "utilities": 20,
          "flood": 75,
          "acquisition": 97.2
        },
        "acquisition_category": "EARLY SPECULATION",
        "decision_summary": "Interesting node/parcel thesis, but data freshness or execution certainty is not strong enough for active pursuit.",
        "main_risks": [
          "not on the immediate intersection",
          "limited frontage proxy",
          "mapped sewer path is unverified",
          "9.2% mapped SFHA overlap",
          "county parcel snapshot is stale"
        ],
        "usable_acres_proxy": 11.23,
        "eligible": true,
        "why_this_tract": "major-road frontage \u00b7 within 1 mile of the node \u00b7 regional growth node; county housing feed incomplete \u00b7 0.9 mi from Seguin Exchange / planned Target \u00b7 mostly raw / low-improvement land",
        "verification_notes": "Frontage is a GIS proximity proxy, not legal access. Sewer distance is a mapped-line proxy, not a capacity commitment. Confirm current title/CAD, survey, curb access, median/turn movements, ROW, flood and provider capacity.",
        "geometry_source": "Guadalupe CAD / TxGIO public parcel extract"
      }
    },
    {
      "type": "Feature",
      "geometry": {
        "type": "Polygon",
        "coordinates": [
          [
            [
              -98.01161114609425,
              29.574145076666
            ],
            [
              -98.00902953782756,
              29.575190289001462
            ],
            [
              -98.008065171525,
              29.575651263293327
            ],
            [
              -98.00583081422673,
              29.57682706067618
            ],
            [
              -98.004581065994,
              29.57753761248798
            ],
            [
              -98.0031923633483,
              29.578411101604296
            ],
            [
              -98.00304158020732,
              29.57850594284937
            ],
            [
              -98.0027379472651,
              29.578696923182548
            ],
            [
              -98.00237578420776,
              29.578924714492334
            ],
            [
              -98.00216066316813,
              29.579074531607695
            ],
            [
              -98.00241202052042,
              29.579077356171698
            ],
            [
              -98.0053282969138,
              29.57911009433507
            ],
            [
              -98.0060478479344,
              29.57872454778079
            ],
            [
              -98.0065622731546,
              29.578448907338263
            ],
            [
              -98.01294148569679,
              29.575030491764068
            ],
            [
              -98.01333496028695,
              29.57481962348963
            ],
            [
              -98.01331009500035,
              29.573534691564802
            ],
            [
              -98.01161114609425,
              29.574145076666
            ]
          ]
        ]
      },
      "properties": {
        "candidate_id": "Guadalupe:129007",
        "county": "Guadalupe",
        "prop_id": "129007",
        "owner": "A-L 97 IH 10-SH 46 LP",
        "verified_owner": "A-L 97 IH 10-SH 46 LP",
        "owner_verification_match": true,
        "situs": "I H 10 TX",
        "acres": 43.0,
        "reported_acres": 43.0,
        "geometry_acres": 46.85,
        "acres_source": "REPORTED",
        "land_value": 0.0,
        "assessed_value": 339703.0,
        "improvement_value": 0.0,
        "improvement_ratio": 0.0,
        "gba": 0.0,
        "prop_use": "",
        "legal": "PROJECT GREEN SUBD,PT OF  BLOCK 1, PT OF LOT 3, ACRES 43.00",
        "cad_record_url": "",
        "parcel_source": "Guadalupe CAD via TxGIO public extract",
        "parcel_snapshot": "2022-02",
        "parcel_freshness": "STALE",
        "cad_geometry_verified": true,
        "cad_verification_source": "Guadalupe public parcel extract (2022 vintage)",
        "node_id": "INT-025",
        "node_name": "I-10 / SH 46 (Seguin Exchange)",
        "node_score": 67.9,
        "node_edge_miles": 0.648,
        "dist_score": 78,
        "acre_score": 100,
        "raw_score": 100,
        "shape_score": 45.4,
        "compactness": 0.351,
        "aspect_ratio": 6.53,
        "road_score": 90,
        "frontage_roads": [
          "IH 10"
        ],
        "frontage_ft_proxy": 4789.0,
        "corner_signal": "NO",
        "major_road_signal": true,
        "mtp_row_flag": false,
        "flood_score": 100,
        "flood_pct": 0.0,
        "floodway_pct": 0.0,
        "flood_zones": [
          "X"
        ],
        "flood_confidence": "SCREENED",
        "future_land_use_score": 55,
        "future_land_use": [],
        "aadt": 4942,
        "aadt_5yr_growth_pct": 0,
        "aadt_station_miles": 0.0,
        "aadt_route": "IH 10",
        "nearest_retail_catalyst": "Seguin Exchange / planned Target",
        "retail_catalyst_miles": 1.04,
        "future_residential_lots_nearby": 0.0,
        "recent_housing_units_180d": 0,
        "utility_confidence": "UNKNOWN",
        "utility_provider": "GBRA",
        "utility_distance_ft": null,
        "utility_snapshot": "Not published",
        "utility_context": "No mapped sewer feature returned near parcel",
        "assessed_value_per_acre": 7900.0,
        "land_value_per_acre": 0.0,
        "parcel_opportunity_score": 70.9,
        "parcel_execution_score": 75.4,
        "parcel_fit_score": 79.3,
        "acquisition_complexity_score": 97.2,
        "utility_score": 20,
        "confidence_score": 48,
        "node_confidence_score": 62,
        "node_class": "EMERGING NODE",
        "node_evidence_model": "Regional corridor prior + statewide road/traffic; county housing feed incomplete",
        "node_component_scores": {
          "residential_growth": 0.0,
          "intersection_network": 100,
          "retail_catalyst": 100,
          "traffic": 83.7,
          "timing": 27.8
        },
        "parcel_component_scores": {
          "frontage_access": 90,
          "size_shape": 79.3,
          "utilities": 20,
          "flood": 100,
          "acquisition": 97.2
        },
        "acquisition_category": "EARLY SPECULATION",
        "decision_summary": "Interesting node/parcel thesis, but data freshness or execution certainty is not strong enough for active pursuit.",
        "main_risks": [
          "not on the immediate intersection",
          "mapped sewer path is unverified",
          "parcel geometry is less efficient",
          "county parcel snapshot is stale",
          "important diligence data is incomplete"
        ],
        "usable_acres_proxy": 43.0,
        "eligible": true,
        "why_this_tract": "major-road frontage \u00b7 within 1 mile of the node \u00b7 regional growth node; county housing feed incomplete \u00b7 1.0 mi from Seguin Exchange / planned Target \u00b7 mostly raw / low-improvement land",
        "verification_notes": "Frontage is a GIS proximity proxy, not legal access. Sewer distance is a mapped-line proxy, not a capacity commitment. Confirm current title/CAD, survey, curb access, median/turn movements, ROW, flood and provider capacity.",
        "geometry_source": "Guadalupe CAD / TxGIO public parcel extract"
      }
    },
    {
      "type": "Feature",
      "geometry": {
        "type": "Polygon",
        "coordinates": [
          [
            [
              -98.1851513637339,
              29.7245172928343
            ],
            [
              -98.1848648967715,
              29.724296746842
            ],
            [
              -98.1847711082178,
              29.724389554162
            ],
            [
              -98.1844210689895,
              29.7241200610832
            ],
            [
              -98.1831865246663,
              29.7231695757319
            ],
            [
              -98.1830109469818,
              29.723037781133
            ],
            [
              -98.1828316305913,
              29.7229098789668
            ],
            [
              -98.1826486896045,
              29.7227859493386
            ],
            [
              -98.1824622381362,
              29.7226660714516
            ],
            [
              -98.1822723954981,
              29.7225503209314
            ],
            [
              -98.1820965345556,
              29.7224332098932
            ],
            [
              -98.181916678988,
              29.7223208154235
            ],
            [
              -98.1817204043232,
              29.7222061235622
            ],
            [
              -98.1815199706021,
              29.7220970487338
            ],
            [
              -98.1813155888158,
              29.7219937068355
            ],
            [
              -98.1811074751876,
              29.7218962056758
            ],
            [
              -98.1808958480418,
              29.721804648565
            ],
            [
              -98.1806809288675,
              29.7217191307118
            ],
            [
              -98.1806808618723,
              29.7217191050286
            ],
            [
              -98.1806782871361,
              29.7217181252754
            ],
            [
              -98.1806757144678,
              29.7217171455349
            ],
            [
              -98.1806602555379,
              29.7217112886083
            ],
            [
              -98.1806227676036,
              29.7216972364435
            ],
            [
              -98.1806274656973,
              29.7216864144369
            ],
            [
              -98.1806314178428,
              29.7216773087895
            ],
            [
              -98.180761811604,
              29.7213769187421
            ],
            [
              -98.1807673378036,
              29.721364189558
            ],
            [
              -98.1809967390915,
              29.7214447557604
            ],
            [
              -98.1820794216578,
              29.7218249930786
            ],
            [
              -98.1823943016414,
              29.722006404255
            ],
            [
              -98.18271892428,
              29.7221934276262
            ],
            [
              -98.1839903281576,
              29.7229259026297
            ],
            [
              -98.1839925798823,
              29.7229271988937
            ],
            [
              -98.1840834353532,
              29.7229700216272
            ],
            [
              -98.1844042084104,
              29.7231666779446
            ],
            [
              -98.1844328404744,
              29.7231842310568
            ],
            [
              -98.1859193634527,
              29.7240955504947
            ],
            [
              -98.1859412242279,
              29.724108951877
            ],
            [
              -98.1857014981554,
              29.7242630115633
            ],
            [
              -98.1852216322592,
              29.7245713932715
            ],
            [
              -98.1851513637339,
              29.7245172928343
            ]
          ]
        ]
      },
      "properties": {
        "candidate_id": "Comal:374852",
        "county": "Comal",
        "prop_id": "374852",
        "owner": "CENTER FOR CHRISTIAN GROWTH INC",
        "verified_owner": "CENTER FOR CHRISTIAN GROWTH INC",
        "owner_verification_match": true,
        "situs": "STATE HWY 46 W NEW BRAUNFELS TX 78132",
        "acres": 9.1,
        "reported_acres": 97520.0,
        "geometry_acres": 9.1,
        "acres_source": "GEOMETRY",
        "land_value": 2375470.0,
        "assessed_value": 2635480.0,
        "improvement_value": 260010.0,
        "improvement_ratio": 0.099,
        "gba": 0.0,
        "prop_use": "R",
        "legal": "A-777 SUR-831  C PAPE, ACRES 9.752",
        "cad_record_url": "https://gis.bisclient.com/comalcad/index.html?find=374852",
        "parcel_source": "Comal CAD public ArcGIS parcel layer",
        "parcel_snapshot": "2024-11-22",
        "parcel_freshness": "AGING",
        "cad_geometry_verified": true,
        "cad_verification_source": "Comal CAD public ArcGIS service",
        "node_id": "INT-022",
        "node_name": "SH 46 / FM 1863",
        "node_score": 60.6,
        "node_edge_miles": 0.151,
        "dist_score": 97,
        "acre_score": 100,
        "raw_score": 88.2,
        "shape_score": 35.3,
        "compactness": 0.284,
        "aspect_ratio": 6.46,
        "road_score": 84,
        "frontage_roads": [
          "SH 46"
        ],
        "frontage_ft_proxy": 0.0,
        "corner_signal": "NO",
        "major_road_signal": true,
        "mtp_row_flag": false,
        "flood_score": 100,
        "flood_pct": 0.0,
        "floodway_pct": 0.0,
        "flood_zones": [
          "X"
        ],
        "flood_confidence": "SCREENED",
        "future_land_use_score": 55,
        "future_land_use": [],
        "aadt": 29278,
        "aadt_5yr_growth_pct": 38.5,
        "aadt_station_miles": 0.13,
        "aadt_route": "SH 46",
        "nearest_retail_catalyst": "Veramendi mixed-use / future Market Center",
        "retail_catalyst_miles": 0.94,
        "future_residential_lots_nearby": 0.0,
        "recent_housing_units_180d": 0,
        "utility_confidence": "PROXY",
        "utility_provider": "NBU",
        "utility_distance_ft": 0.0,
        "utility_snapshot": "2024-01-17",
        "utility_context": "NBU feature approximately 0 ft from parcel; capacity NOT verified",
        "assessed_value_per_acre": 289613.0,
        "land_value_per_acre": 261041.0,
        "parcel_opportunity_score": 70.8,
        "parcel_execution_score": 86.2,
        "parcel_fit_score": 75.4,
        "acquisition_complexity_score": 77.5,
        "utility_score": 100,
        "confidence_score": 72,
        "node_confidence_score": 68,
        "node_class": "WATCH NODE",
        "node_evidence_model": "Regional corridor prior + statewide road/traffic; county housing feed incomplete",
        "node_component_scores": {
          "residential_growth": 0.0,
          "intersection_network": 100,
          "retail_catalyst": 90,
          "traffic": 58.2,
          "timing": 27.8
        },
        "parcel_component_scores": {
          "frontage_access": 84,
          "size_shape": 75.4,
          "utilities": 100,
          "flood": 100,
          "acquisition": 77.5
        },
        "acquisition_category": "WATCH",
        "decision_summary": "Strong enough to track closely; verify title, access and utility feasibility before elevating.",
        "main_risks": [
          "limited frontage proxy",
          "utility capacity is unverified",
          "parcel geometry is less efficient",
          "county parcel snapshot is aging"
        ],
        "usable_acres_proxy": 9.1,
        "eligible": true,
        "why_this_tract": "major-road frontage \u00b7 within \u00bc mile of the node \u00b7 regional growth node; county housing feed incomplete \u00b7 0.9 mi from Veramendi mixed-use / future Market Center \u00b7 mapped NBU feature ~0 ft from parcel",
        "verification_notes": "Frontage is a GIS proximity proxy, not legal access. Sewer distance is a mapped-line proxy, not a capacity commitment. Confirm current title/CAD, survey, curb access, median/turn movements, ROW, flood and provider capacity.",
        "geometry_source": "Comal CAD public ArcGIS parcel layer"
      }
    },
    {
      "type": "Feature",
      "geometry": {
        "type": "Polygon",
        "coordinates": [
          [
            [
              -98.00404039313051,
              29.57407423714893
            ],
            [
              -98.00404066615151,
              29.574090288511186
            ],
            [
              -98.00476866291828,
              29.574255908854962
            ],
            [
              -98.0053306617588,
              29.574383762168207
            ],
            [
              -98.00527108031653,
              29.57088890637956
            ],
            [
              -98.0056177073531,
              29.57089148329471
            ],
            [
              -98.00560173258775,
              29.569547909141125
            ],
            [
              -98.0053750398186,
              29.56953507318358
            ],
            [
              -98.00535166117753,
              29.57045542711987
            ],
            [
              -98.0050615026767,
              29.570453268578927
            ],
            [
              -98.00470381099097,
              29.570450608794957
            ],
            [
              -98.00438312826084,
              29.57044822168399
            ],
            [
              -98.00400658195069,
              29.570449902377348
            ],
            [
              -98.00401281690857,
              29.571118262616572
            ],
            [
              -98.00404039313051,
              29.57407423714893
            ]
          ]
        ]
      },
      "properties": {
        "candidate_id": "Guadalupe:53178",
        "county": "Guadalupe",
        "prop_id": "53178",
        "owner": "121.08 GREEN VALLEY JV",
        "verified_owner": "121.08 GREEN VALLEY JV",
        "owner_verification_match": true,
        "situs": "FM 464 TX",
        "acres": 14.77,
        "reported_acres": 14.77,
        "geometry_acres": 13.77,
        "acres_source": "REPORTED",
        "land_value": 0.0,
        "assessed_value": 316224.0,
        "improvement_value": 0.0,
        "improvement_ratio": 0.0,
        "gba": 0.0,
        "prop_use": "",
        "legal": "ABS:  11  SUR:  J D CLEMENTS  14.7700 AC.",
        "cad_record_url": "",
        "parcel_source": "Guadalupe CAD via TxGIO public extract",
        "parcel_snapshot": "2022-02",
        "parcel_freshness": "STALE",
        "cad_geometry_verified": true,
        "cad_verification_source": "Guadalupe public parcel extract (2022 vintage)",
        "node_id": "INT-025",
        "node_name": "I-10 / SH 46 (Seguin Exchange)",
        "node_score": 67.9,
        "node_edge_miles": 0.96,
        "dist_score": 66,
        "acre_score": 100,
        "raw_score": 100,
        "shape_score": 60.8,
        "compactness": 0.38,
        "aspect_ratio": 3.45,
        "road_score": 84,
        "frontage_roads": [
          "FM 464"
        ],
        "frontage_ft_proxy": 0.0,
        "corner_signal": "NO",
        "major_road_signal": true,
        "mtp_row_flag": false,
        "flood_score": 100,
        "flood_pct": 0.0,
        "floodway_pct": 0.0,
        "flood_zones": [
          "X"
        ],
        "flood_confidence": "SCREENED",
        "future_land_use_score": 55,
        "future_land_use": [],
        "aadt": 4118,
        "aadt_5yr_growth_pct": 38.0,
        "aadt_station_miles": 0.18,
        "aadt_route": "FM 464",
        "nearest_retail_catalyst": "Seguin Exchange / planned Target",
        "retail_catalyst_miles": 1.09,
        "future_residential_lots_nearby": 0.0,
        "recent_housing_units_180d": 0,
        "utility_confidence": "UNKNOWN",
        "utility_provider": "GBRA",
        "utility_distance_ft": null,
        "utility_snapshot": "Not published",
        "utility_context": "No mapped sewer feature returned near parcel",
        "assessed_value_per_acre": 21410.0,
        "land_value_per_acre": 0.0,
        "parcel_opportunity_score": 70.8,
        "parcel_execution_score": 75.1,
        "parcel_fit_score": 85.1,
        "acquisition_complexity_score": 97.2,
        "utility_score": 20,
        "confidence_score": 48,
        "node_confidence_score": 62,
        "node_class": "EMERGING NODE",
        "node_evidence_model": "Regional corridor prior + statewide road/traffic; county housing feed incomplete",
        "node_component_scores": {
          "residential_growth": 0.0,
          "intersection_network": 100,
          "retail_catalyst": 100,
          "traffic": 83.7,
          "timing": 27.8
        },
        "parcel_component_scores": {
          "frontage_access": 84,
          "size_shape": 85.1,
          "utilities": 20,
          "flood": 100,
          "acquisition": 97.2
        },
        "acquisition_category": "EARLY SPECULATION",
        "decision_summary": "Interesting node/parcel thesis, but data freshness or execution certainty is not strong enough for active pursuit.",
        "main_risks": [
          "not on the immediate intersection",
          "limited frontage proxy",
          "mapped sewer path is unverified",
          "county parcel snapshot is stale",
          "important diligence data is incomplete"
        ],
        "usable_acres_proxy": 14.77,
        "eligible": true,
        "why_this_tract": "major-road frontage \u00b7 within 1 mile of the node \u00b7 regional growth node; county housing feed incomplete \u00b7 1.1 mi from Seguin Exchange / planned Target \u00b7 mostly raw / low-improvement land",
        "verification_notes": "Frontage is a GIS proximity proxy, not legal access. Sewer distance is a mapped-line proxy, not a capacity commitment. Confirm current title/CAD, survey, curb access, median/turn movements, ROW, flood and provider capacity.",
        "geometry_source": "Guadalupe CAD / TxGIO public parcel extract"
      }
    },
    {
      "type": "Feature",
      "geometry": {
        "type": "Polygon",
        "coordinates": [
          [
            [
              -97.99438983635126,
              29.579560692015768
            ],
            [
              -97.9944453199267,
              29.579560755328227
            ],
            [
              -97.99461007262444,
              29.579560940488367
            ],
            [
              -97.99599640458837,
              29.57956249038421
            ],
            [
              -97.9961610736845,
              29.579562673007057
            ],
            [
              -97.99616114935348,
              29.579568527737027
            ],
            [
              -97.99616140057483,
              29.57958804108978
            ],
            [
              -97.99617562509455,
              29.580691711387797
            ],
            [
              -97.99617603383395,
              29.58072346208772
            ],
            [
              -97.99624193345105,
              29.58075592971273
            ],
            [
              -97.9963036807933,
              29.580794125573515
            ],
            [
              -97.99636062739538,
              29.580837649601225
            ],
            [
              -97.9964121728366,
              29.580886044340495
            ],
            [
              -97.99642126165313,
              29.580880931475473
            ],
            [
              -97.99815102397257,
              29.579907904077068
            ],
            [
              -98.00114102786354,
              29.57830936773026
            ],
            [
              -98.00111577556825,
              29.576372376102498
            ],
            [
              -98.00110631208594,
              29.575646313220716
            ],
            [
              -98.0010793917478,
              29.57358121195241
            ],
            [
              -98.00105629323517,
              29.572395663248578
            ],
            [
              -97.99905676875154,
              29.572069217973155
            ],
            [
              -97.99802971186024,
              29.57190152528039
            ],
            [
              -97.997728393272,
              29.57180072717027
            ],
            [
              -97.99769084000587,
              29.573038952164442
            ],
            [
              -97.99770874696445,
              29.57330169565226
            ],
            [
              -97.99630907579318,
              29.573303138751513
            ],
            [
              -97.99601515894439,
              29.572258166334432
            ],
            [
              -97.9958968658018,
              29.571837589971135
            ],
            [
              -97.9948308292609,
              29.572448144440866
            ],
            [
              -97.99282845855546,
              29.57361017121505
            ],
            [
              -97.9927644499562,
              29.57364731734977
            ],
            [
              -97.99286022091124,
              29.576713558642837
            ],
            [
              -97.9928962217077,
              29.57759301307287
            ],
            [
              -97.99289642938089,
              29.577600956740167
            ],
            [
              -97.99290399692222,
              29.57775402327211
            ],
            [
              -97.99294100465724,
              29.578657184139992
            ],
            [
              -97.99295914730145,
              29.579099928200588
            ],
            [
              -97.99297796491145,
              29.57955915340771
            ],
            [
              -97.99299423941392,
              29.579559171234013
            ],
            [
              -97.99367054482076,
              29.579559909836544
            ],
            [
              -97.99422501338564,
              29.57956051417697
            ],
            [
              -97.99438983635126,
              29.579560692015768
            ]
          ],
          [
            [
              -97.99606006265968,
              29.579318806731727
            ],
            [
              -97.99767408792415,
              29.578409234100196
            ],
            [
              -97.9982953747626,
              29.579229329238313
            ],
            [
              -97.99669718849626,
              29.580145951423233
            ],
            [
              -97.99606006265968,
              29.579318806731727
            ]
          ]
        ]
      },
      "properties": {
        "candidate_id": "Guadalupe:53143",
        "county": "Guadalupe",
        "prop_id": "53143",
        "owner": "CATERPILLAR INC",
        "verified_owner": "CATERPILLAR INC",
        "owner_verification_match": true,
        "situs": "1720 W KINGSBURY ST SEGUIN TX 78155",
        "acres": 140.6,
        "reported_acres": 140.6,
        "geometry_acres": 149.14,
        "acres_source": "REPORTED",
        "land_value": 2809176.0,
        "assessed_value": 2809176.0,
        "improvement_value": 0.0,
        "improvement_ratio": 0.0,
        "gba": 0.0,
        "prop_use": "",
        "legal": "CAT POWER SYSTEMS PT OF LOT #1-A 140.6007 ( FORMERLY ABS:11 SUR:CLEMENTS J D)",
        "cad_record_url": "",
        "parcel_source": "Guadalupe CAD via TxGIO public extract",
        "parcel_snapshot": "2022-02",
        "parcel_freshness": "STALE",
        "cad_geometry_verified": true,
        "cad_verification_source": "Guadalupe public parcel extract (2022 vintage)",
        "node_id": "INT-025",
        "node_name": "I-10 / SH 46 (Seguin Exchange)",
        "node_score": 67.9,
        "node_edge_miles": 0.306,
        "dist_score": 90,
        "acre_score": 80,
        "raw_score": 100,
        "shape_score": 73.2,
        "compactness": 0.458,
        "aspect_ratio": 1.25,
        "road_score": 90,
        "frontage_roads": [
          "US 90"
        ],
        "frontage_ft_proxy": 357.0,
        "corner_signal": "NO",
        "major_road_signal": true,
        "mtp_row_flag": false,
        "flood_score": 100,
        "flood_pct": 0.0,
        "floodway_pct": 0.0,
        "flood_zones": [
          "X"
        ],
        "flood_confidence": "SCREENED",
        "future_land_use_score": 55,
        "future_land_use": [],
        "aadt": 5467,
        "aadt_5yr_growth_pct": 21.4,
        "aadt_station_miles": 0.01,
        "aadt_route": "US 90",
        "nearest_retail_catalyst": "Seguin Exchange / planned Target",
        "retail_catalyst_miles": 0.62,
        "future_residential_lots_nearby": 0.0,
        "recent_housing_units_180d": 0,
        "utility_confidence": "UNKNOWN",
        "utility_provider": "GBRA",
        "utility_distance_ft": null,
        "utility_snapshot": "Not published",
        "utility_context": "No mapped sewer feature returned near parcel",
        "assessed_value_per_acre": 19980.0,
        "land_value_per_acre": 19980.0,
        "parcel_opportunity_score": 70.7,
        "parcel_execution_score": 75.0,
        "parcel_fit_score": 77.4,
        "acquisition_complexity_score": 97.2,
        "utility_score": 20,
        "confidence_score": 48,
        "node_confidence_score": 62,
        "node_class": "EMERGING NODE",
        "node_evidence_model": "Regional corridor prior + statewide road/traffic; county housing feed incomplete",
        "node_component_scores": {
          "residential_growth": 0.0,
          "intersection_network": 100,
          "retail_catalyst": 100,
          "traffic": 83.7,
          "timing": 27.8
        },
        "parcel_component_scores": {
          "frontage_access": 90,
          "size_shape": 77.4,
          "utilities": 20,
          "flood": 100,
          "acquisition": 97.2
        },
        "acquisition_category": "EARLY SPECULATION",
        "decision_summary": "Interesting node/parcel thesis, but data freshness or execution certainty is not strong enough for active pursuit.",
        "main_risks": [
          "mapped sewer path is unverified",
          "county parcel snapshot is stale",
          "important diligence data is incomplete"
        ],
        "usable_acres_proxy": 140.6,
        "eligible": true,
        "why_this_tract": "major-road frontage \u00b7 within \u00bd mile of the node \u00b7 regional growth node; county housing feed incomplete \u00b7 0.6 mi from Seguin Exchange / planned Target \u00b7 mostly raw / low-improvement land",
        "verification_notes": "Frontage is a GIS proximity proxy, not legal access. Sewer distance is a mapped-line proxy, not a capacity commitment. Confirm current title/CAD, survey, curb access, median/turn movements, ROW, flood and provider capacity.",
        "geometry_source": "Guadalupe CAD / TxGIO public parcel extract"
      }
    },
    {
      "type": "Feature",
      "geometry": {
        "type": "Polygon",
        "coordinates": [
          [
            [
              -98.00110631208594,
              29.575646313220716
            ],
            [
              -98.00111577556825,
              29.576372376102498
            ],
            [
              -98.00114102786354,
              29.57830936773026
            ],
            [
              -98.00114142529385,
              29.578309155046288
            ],
            [
              -98.00171260827263,
              29.57798979170085
            ],
            [
              -98.00345890917737,
              29.577046317387403
            ],
            [
              -98.00654196281518,
              29.57540925218672
            ],
            [
              -98.00797656317665,
              29.574643416864024
            ],
            [
              -98.0078964376025,
              29.56968936016857
            ],
            [
              -98.00771711587909,
              29.569669988559397
            ],
            [
              -98.00753699891534,
              29.56965747736876
            ],
            [
              -98.00595409320113,
              29.569567861165023
            ],
            [
              -98.00601321375822,
              29.574539035748213
            ],
            [
              -98.0053306617588,
              29.574383762168207
            ],
            [
              -98.00476866291828,
              29.574255908854962
            ],
            [
              -98.00404066615151,
              29.574090288511186
            ],
            [
              -98.00404039313051,
              29.57407423714893
            ],
            [
              -98.00336009292377,
              29.574438751240173
            ],
            [
              -98.0018924000272,
              29.57522513914686
            ],
            [
              -98.00110631208594,
              29.575646313220716
            ]
          ]
        ]
      },
      "properties": {
        "candidate_id": "Guadalupe:129005",
        "county": "Guadalupe",
        "prop_id": "129005",
        "owner": "121.08 GREEN VALLEY JV",
        "verified_owner": "121.08 GREEN VALLEY JV",
        "owner_verification_match": true,
        "situs": "FM 464 TX",
        "acres": 46.85,
        "reported_acres": 46.85,
        "geometry_acres": 59.29,
        "acres_source": "REPORTED",
        "land_value": 0.0,
        "assessed_value": 1003119.0,
        "improvement_value": 0.0,
        "improvement_ratio": 0.0,
        "gba": 0.0,
        "prop_use": "",
        "legal": "ABS:  11  SUR:  J D CLEMENTS  46.853 AC.",
        "cad_record_url": "",
        "parcel_source": "Guadalupe CAD via TxGIO public extract",
        "parcel_snapshot": "2022-02",
        "parcel_freshness": "STALE",
        "cad_geometry_verified": true,
        "cad_verification_source": "Guadalupe public parcel extract (2022 vintage)",
        "node_id": "INT-025",
        "node_name": "I-10 / SH 46 (Seguin Exchange)",
        "node_score": 67.9,
        "node_edge_miles": 0.632,
        "dist_score": 78,
        "acre_score": 100,
        "raw_score": 100,
        "shape_score": 57.6,
        "compactness": 0.36,
        "aspect_ratio": 2.4,
        "road_score": 84,
        "frontage_roads": [
          "FM 464"
        ],
        "frontage_ft_proxy": 43.0,
        "corner_signal": "NO",
        "major_road_signal": true,
        "mtp_row_flag": false,
        "flood_score": 100,
        "flood_pct": 0.0,
        "floodway_pct": 0.0,
        "flood_zones": [
          "X"
        ],
        "flood_confidence": "SCREENED",
        "future_land_use_score": 55,
        "future_land_use": [],
        "aadt": 4118,
        "aadt_5yr_growth_pct": 38.0,
        "aadt_station_miles": 0.28,
        "aadt_route": "FM 464",
        "nearest_retail_catalyst": "Seguin Exchange / planned Target",
        "retail_catalyst_miles": 1.0,
        "future_residential_lots_nearby": 0.0,
        "recent_housing_units_180d": 0,
        "utility_confidence": "UNKNOWN",
        "utility_provider": "GBRA",
        "utility_distance_ft": null,
        "utility_snapshot": "Not published",
        "utility_context": "No mapped sewer feature returned near parcel",
        "assessed_value_per_acre": 21411.0,
        "land_value_per_acre": 0.0,
        "parcel_opportunity_score": 70.7,
        "parcel_execution_score": 74.8,
        "parcel_fit_score": 83.9,
        "acquisition_complexity_score": 97.2,
        "utility_score": 20,
        "confidence_score": 48,
        "node_confidence_score": 62,
        "node_class": "EMERGING NODE",
        "node_evidence_model": "Regional corridor prior + statewide road/traffic; county housing feed incomplete",
        "node_component_scores": {
          "residential_growth": 0.0,
          "intersection_network": 100,
          "retail_catalyst": 100,
          "traffic": 83.7,
          "timing": 27.8
        },
        "parcel_component_scores": {
          "frontage_access": 84,
          "size_shape": 83.9,
          "utilities": 20,
          "flood": 100,
          "acquisition": 97.2
        },
        "acquisition_category": "EARLY SPECULATION",
        "decision_summary": "Interesting node/parcel thesis, but data freshness or execution certainty is not strong enough for active pursuit.",
        "main_risks": [
          "not on the immediate intersection",
          "limited frontage proxy",
          "mapped sewer path is unverified",
          "county parcel snapshot is stale",
          "important diligence data is incomplete"
        ],
        "usable_acres_proxy": 46.85,
        "eligible": true,
        "why_this_tract": "major-road frontage \u00b7 within 1 mile of the node \u00b7 regional growth node; county housing feed incomplete \u00b7 1.0 mi from Seguin Exchange / planned Target \u00b7 mostly raw / low-improvement land",
        "verification_notes": "Frontage is a GIS proximity proxy, not legal access. Sewer distance is a mapped-line proxy, not a capacity commitment. Confirm current title/CAD, survey, curb access, median/turn movements, ROW, flood and provider capacity.",
        "geometry_source": "Guadalupe CAD / TxGIO public parcel extract"
      }
    },
    {
      "type": "Feature",
      "geometry": {
        "type": "Polygon",
        "coordinates": [
          [
            [
              -98.00989764141984,
              29.59108628601048
            ],
            [
              -98.01167015704388,
              29.59146607855895
            ],
            [
              -98.01371705064211,
              29.591906536085705
            ],
            [
              -98.01370674871312,
              29.591374346192136
            ],
            [
              -98.01369646568307,
              29.590843097473172
            ],
            [
              -98.01368618733062,
              29.59031212392504
            ],
            [
              -98.01367820325875,
              29.589899663954032
            ],
            [
              -98.01367021926876,
              29.589487202139228
            ],
            [
              -98.01365848374827,
              29.588880886201967
            ],
            [
              -98.01362051849878,
              29.58691955660777
            ],
            [
              -98.0135751700135,
              29.584576701944577
            ],
            [
              -98.01123902188667,
              29.584021114817606
            ],
            [
              -98.0092996642213,
              29.58359600570828
            ],
            [
              -98.00714108206621,
              29.583145126722233
            ],
            [
              -98.004959483175,
              29.58796122894466
            ],
            [
              -98.00625746585703,
              29.588243154416173
            ],
            [
              -98.00807237243355,
              29.588637330151567
            ],
            [
              -98.00988041440853,
              29.58902998845435
            ],
            [
              -98.00989764141984,
              29.59108628601048
            ]
          ]
        ]
      },
      "properties": {
        "candidate_id": "Guadalupe:128174",
        "county": "Guadalupe",
        "prop_id": "128174",
        "owner": "A-L 97 IH 10-SH 46 LP",
        "verified_owner": "A-L 97 IH 10-SH 46 LP",
        "owner_verification_match": true,
        "situs": "FRIESENHAHN RD TX",
        "acres": 127.45,
        "reported_acres": 127.45,
        "geometry_acres": 127.07,
        "acres_source": "REPORTED",
        "land_value": 0.0,
        "assessed_value": 1006863.0,
        "improvement_value": 0.0,
        "improvement_ratio": 0.0,
        "gba": 0.0,
        "prop_use": "",
        "legal": "PROJECT GREEN SUBD, BLOCK 1, LOT 1, ACRES 127.45",
        "cad_record_url": "",
        "parcel_source": "Guadalupe CAD via TxGIO public extract",
        "parcel_snapshot": "2022-02",
        "parcel_freshness": "STALE",
        "cad_geometry_verified": true,
        "cad_verification_source": "Guadalupe public parcel extract (2022 vintage)",
        "node_id": "INT-025",
        "node_name": "I-10 / SH 46 (Seguin Exchange)",
        "node_score": 67.9,
        "node_edge_miles": 0.747,
        "dist_score": 78,
        "acre_score": 80,
        "raw_score": 100,
        "shape_score": 100,
        "compactness": 0.66,
        "aspect_ratio": 1.17,
        "road_score": 90,
        "frontage_roads": [
          "FM 78"
        ],
        "frontage_ft_proxy": 2153.0,
        "corner_signal": "NO",
        "major_road_signal": true,
        "mtp_row_flag": false,
        "flood_score": 75,
        "flood_pct": 7.4,
        "floodway_pct": 0.0,
        "flood_zones": [
          "A",
          "X"
        ],
        "flood_confidence": "SCREENED",
        "future_land_use_score": 55,
        "future_land_use": [],
        "aadt": 5818,
        "aadt_5yr_growth_pct": -6.6,
        "aadt_station_miles": 0.16,
        "aadt_route": "FM 78",
        "nearest_retail_catalyst": "Seguin Exchange / planned Target",
        "retail_catalyst_miles": 1.03,
        "future_residential_lots_nearby": 0.0,
        "recent_housing_units_180d": 0,
        "utility_confidence": "UNKNOWN",
        "utility_provider": "GBRA",
        "utility_distance_ft": null,
        "utility_snapshot": "Not published",
        "utility_context": "No mapped sewer feature returned near parcel",
        "assessed_value_per_acre": 7900.0,
        "land_value_per_acre": 0.0,
        "parcel_opportunity_score": 70.5,
        "parcel_execution_score": 74.4,
        "parcel_fit_score": 87.6,
        "acquisition_complexity_score": 97.2,
        "utility_score": 20,
        "confidence_score": 48,
        "node_confidence_score": 62,
        "node_class": "EMERGING NODE",
        "node_evidence_model": "Regional corridor prior + statewide road/traffic; county housing feed incomplete",
        "node_component_scores": {
          "residential_growth": 0.0,
          "intersection_network": 100,
          "retail_catalyst": 100,
          "traffic": 83.7,
          "timing": 27.8
        },
        "parcel_component_scores": {
          "frontage_access": 90,
          "size_shape": 87.6,
          "utilities": 20,
          "flood": 75,
          "acquisition": 97.2
        },
        "acquisition_category": "EARLY SPECULATION",
        "decision_summary": "Interesting node/parcel thesis, but data freshness or execution certainty is not strong enough for active pursuit.",
        "main_risks": [
          "not on the immediate intersection",
          "mapped sewer path is unverified",
          "7.4% mapped SFHA overlap",
          "county parcel snapshot is stale",
          "important diligence data is incomplete"
        ],
        "usable_acres_proxy": 118.02,
        "eligible": true,
        "why_this_tract": "major-road frontage \u00b7 within 1 mile of the node \u00b7 regional growth node; county housing feed incomplete \u00b7 1.0 mi from Seguin Exchange / planned Target \u00b7 mostly raw / low-improvement land",
        "verification_notes": "Frontage is a GIS proximity proxy, not legal access. Sewer distance is a mapped-line proxy, not a capacity commitment. Confirm current title/CAD, survey, curb access, median/turn movements, ROW, flood and provider capacity.",
        "geometry_source": "Guadalupe CAD / TxGIO public parcel extract"
      }
    },
    {
      "type": "Feature",
      "geometry": {
        "type": "Polygon",
        "coordinates": [
          [
            [
              -97.9859205043848,
              29.58638617955459
            ],
            [
              -97.98670934985444,
              29.58655893893717
            ],
            [
              -97.9867090730076,
              29.586536671553965
            ],
            [
              -97.98669941111909,
              29.585776494490485
            ],
            [
              -97.98668280803473,
              29.584773058154372
            ],
            [
              -97.98621089081381,
              29.58477883838403
            ],
            [
              -97.98619768238396,
              29.583980283372153
            ],
            [
              -97.98619075851326,
              29.583561253264268
            ],
            [
              -97.98587605272306,
              29.583556811942195
            ],
            [
              -97.98591300889532,
              29.58578563934491
            ],
            [
              -97.9859205043848,
              29.58638617955459
            ]
          ]
        ]
      },
      "properties": {
        "candidate_id": "Guadalupe:51426",
        "county": "Guadalupe",
        "prop_id": "51426",
        "owner": "B & B INVESTMENTS",
        "verified_owner": "B & B INVESTMENTS",
        "owner_verification_match": true,
        "situs": "C H MATTHIES JR",
        "acres": 4.29,
        "reported_acres": 4.29,
        "geometry_acres": 4.56,
        "acres_source": "REPORTED",
        "land_value": 0.0,
        "assessed_value": 125714.0,
        "improvement_value": 0.0,
        "improvement_ratio": 0.0,
        "gba": 0.0,
        "prop_use": "",
        "legal": "ABS:  6  SUR:  H BRANCH  4.291 AC.",
        "cad_record_url": "",
        "parcel_source": "Guadalupe CAD via TxGIO public extract",
        "parcel_snapshot": "2022-02",
        "parcel_freshness": "STALE",
        "cad_geometry_verified": true,
        "cad_verification_source": "Guadalupe public parcel extract (2022 vintage)",
        "node_id": "INT-025",
        "node_name": "I-10 / SH 46 (Seguin Exchange)",
        "node_score": 67.9,
        "node_edge_miles": 0.396,
        "dist_score": 90,
        "acre_score": 86,
        "raw_score": 100,
        "shape_score": 57.7,
        "compactness": 0.361,
        "aspect_ratio": 4.37,
        "road_score": 90,
        "frontage_roads": [
          "FM 78"
        ],
        "frontage_ft_proxy": 1021.0,
        "corner_signal": "NO",
        "major_road_signal": true,
        "mtp_row_flag": false,
        "flood_score": 100,
        "flood_pct": 0.0,
        "floodway_pct": 0.0,
        "flood_zones": [
          "X"
        ],
        "flood_confidence": "SCREENED",
        "future_land_use_score": 55,
        "future_land_use": [],
        "aadt": 7000,
        "aadt_5yr_growth_pct": 29.4,
        "aadt_station_miles": 0.17,
        "aadt_route": "FM 78",
        "nearest_retail_catalyst": "Seguin Exchange / planned Target",
        "retail_catalyst_miles": 0.43,
        "future_residential_lots_nearby": 0.0,
        "recent_housing_units_180d": 0,
        "utility_confidence": "UNKNOWN",
        "utility_provider": "GBRA",
        "utility_distance_ft": null,
        "utility_snapshot": "Not published",
        "utility_context": "No mapped sewer feature returned near parcel",
        "assessed_value_per_acre": 29304.0,
        "land_value_per_acre": 0.0,
        "parcel_opportunity_score": 70.5,
        "parcel_execution_score": 74.4,
        "parcel_fit_score": 75.2,
        "acquisition_complexity_score": 97.2,
        "utility_score": 20,
        "confidence_score": 48,
        "node_confidence_score": 62,
        "node_class": "EMERGING NODE",
        "node_evidence_model": "Regional corridor prior + statewide road/traffic; county housing feed incomplete",
        "node_component_scores": {
          "residential_growth": 0.0,
          "intersection_network": 100,
          "retail_catalyst": 100,
          "traffic": 83.7,
          "timing": 27.8
        },
        "parcel_component_scores": {
          "frontage_access": 90,
          "size_shape": 75.2,
          "utilities": 20,
          "flood": 100,
          "acquisition": 97.2
        },
        "acquisition_category": "EARLY SPECULATION",
        "decision_summary": "Interesting node/parcel thesis, but data freshness or execution certainty is not strong enough for active pursuit.",
        "main_risks": [
          "mapped sewer path is unverified",
          "county parcel snapshot is stale",
          "important diligence data is incomplete"
        ],
        "usable_acres_proxy": 4.29,
        "eligible": true,
        "why_this_tract": "major-road frontage \u00b7 within \u00bd mile of the node \u00b7 regional growth node; county housing feed incomplete \u00b7 0.4 mi from Seguin Exchange / planned Target \u00b7 mostly raw / low-improvement land",
        "verification_notes": "Frontage is a GIS proximity proxy, not legal access. Sewer distance is a mapped-line proxy, not a capacity commitment. Confirm current title/CAD, survey, curb access, median/turn movements, ROW, flood and provider capacity.",
        "geometry_source": "Guadalupe CAD / TxGIO public parcel extract"
      }
    },
    {
      "type": "Feature",
      "geometry": {
        "type": "Polygon",
        "coordinates": [
          [
            [
              -97.98133895871337,
              29.593190897448697
            ],
            [
              -97.97993823585304,
              29.594147571889827
            ],
            [
              -97.97784457480932,
              29.59557577192665
            ],
            [
              -97.97785317802916,
              29.5960603613703
            ],
            [
              -97.97785935449346,
              29.596408223257672
            ],
            [
              -97.97788043798491,
              29.59759586930868
            ],
            [
              -97.97788077944216,
              29.597615100007605
            ],
            [
              -97.97986621102552,
              29.597582144211085
            ],
            [
              -97.9806012576553,
              29.597569935197757
            ],
            [
              -97.98142459087846,
              29.597556254834352
            ],
            [
              -97.98133895871337,
              29.593190897448697
            ]
          ]
        ]
      },
      "properties": {
        "candidate_id": "Guadalupe:51493",
        "county": "Guadalupe",
        "prop_id": "51493",
        "owner": "SEGLA LLC",
        "verified_owner": "SEGLA LLC",
        "owner_verification_match": true,
        "situs": "HUBER RD TX",
        "acres": 30.49,
        "reported_acres": 30.49,
        "geometry_acres": 30.09,
        "acres_source": "REPORTED",
        "land_value": 0.0,
        "assessed_value": 704308.0,
        "improvement_value": 0.0,
        "improvement_ratio": 0.0,
        "gba": 0.0,
        "prop_use": "",
        "legal": "ABS:  6  SUR:  H BRANCH  30.491 AC.",
        "cad_record_url": "",
        "parcel_source": "Guadalupe CAD via TxGIO public extract",
        "parcel_snapshot": "2022-02",
        "parcel_freshness": "STALE",
        "cad_geometry_verified": true,
        "cad_verification_source": "Guadalupe public parcel extract (2022 vintage)",
        "node_id": "INT-025",
        "node_name": "I-10 / SH 46 (Seguin Exchange)",
        "node_score": 67.9,
        "node_edge_miles": 0.94,
        "dist_score": 66,
        "acre_score": 100,
        "raw_score": 100,
        "shape_score": 100,
        "compactness": 0.696,
        "aspect_ratio": 1.41,
        "road_score": 90,
        "frontage_roads": [
          "IH 10"
        ],
        "frontage_ft_proxy": 1511.0,
        "corner_signal": "NO",
        "major_road_signal": true,
        "mtp_row_flag": false,
        "flood_score": 45,
        "flood_pct": 0.0,
        "floodway_pct": 0.0,
        "flood_zones": [
          "AE",
          "X"
        ],
        "flood_confidence": "SCREENED",
        "future_land_use_score": 55,
        "future_land_use": [],
        "aadt": 8740,
        "aadt_5yr_growth_pct": 86.4,
        "aadt_station_miles": 0.63,
        "aadt_route": "IH 10",
        "nearest_retail_catalyst": "Seguin Exchange / planned Target",
        "retail_catalyst_miles": 1.13,
        "future_residential_lots_nearby": 0.0,
        "recent_housing_units_180d": 0,
        "utility_confidence": "UNKNOWN",
        "utility_provider": "GBRA",
        "utility_distance_ft": null,
        "utility_snapshot": "Not published",
        "utility_context": "No mapped sewer feature returned near parcel",
        "assessed_value_per_acre": 23100.0,
        "land_value_per_acre": 0.0,
        "parcel_opportunity_score": 70.3,
        "parcel_execution_score": 73.8,
        "parcel_fit_score": 100.0,
        "acquisition_complexity_score": 97.2,
        "utility_score": 20,
        "confidence_score": 48,
        "node_confidence_score": 62,
        "node_class": "EMERGING NODE",
        "node_evidence_model": "Regional corridor prior + statewide road/traffic; county housing feed incomplete",
        "node_component_scores": {
          "residential_growth": 0.0,
          "intersection_network": 100,
          "retail_catalyst": 100,
          "traffic": 83.7,
          "timing": 27.8
        },
        "parcel_component_scores": {
          "frontage_access": 90,
          "size_shape": 100.0,
          "utilities": 20,
          "flood": 45,
          "acquisition": 97.2
        },
        "acquisition_category": "EARLY SPECULATION",
        "decision_summary": "Interesting node/parcel thesis, but data freshness or execution certainty is not strong enough for active pursuit.",
        "main_risks": [
          "not on the immediate intersection",
          "mapped sewer path is unverified",
          "county parcel snapshot is stale",
          "important diligence data is incomplete"
        ],
        "usable_acres_proxy": 30.49,
        "eligible": true,
        "why_this_tract": "major-road frontage \u00b7 within 1 mile of the node \u00b7 regional growth node; county housing feed incomplete \u00b7 1.1 mi from Seguin Exchange / planned Target \u00b7 mostly raw / low-improvement land",
        "verification_notes": "Frontage is a GIS proximity proxy, not legal access. Sewer distance is a mapped-line proxy, not a capacity commitment. Confirm current title/CAD, survey, curb access, median/turn movements, ROW, flood and provider capacity.",
        "geometry_source": "Guadalupe CAD / TxGIO public parcel extract"
      }
    },
    {
      "type": "Feature",
      "geometry": {
        "type": "Polygon",
        "coordinates": [
          [
            [
              -97.99885462778734,
              29.588814248907813
            ],
            [
              -97.99915503212198,
              29.58887848543901
            ],
            [
              -98.00193094927444,
              29.589435032653626
            ],
            [
              -98.00409479815352,
              29.58986955105261
            ],
            [
              -98.00407732553572,
              29.58776961857613
            ],
            [
              -98.004959483175,
              29.58796122894466
            ],
            [
              -98.00714108206621,
              29.583145126722233
            ],
            [
              -98.00723468603071,
              29.582938473477725
            ],
            [
              -98.00813048969562,
              29.580960744107202
            ],
            [
              -98.0081571389274,
              29.579141789618586
            ],
            [
              -98.0053282969138,
              29.57911009433507
            ],
            [
              -98.00241202052042,
              29.579077356171698
            ],
            [
              -98.00216066316813,
              29.579074531607695
            ],
            [
              -98.00134554697998,
              29.579642198139194
            ],
            [
              -98.00124855768348,
              29.5799064190943
            ],
            [
              -98.00116424060136,
              29.57996425544706
            ],
            [
              -98.00118796148742,
              29.581683532136267
            ],
            [
              -98.00119109019717,
              29.58191026873538
            ],
            [
              -98.00101739977715,
              29.58187433518838
            ],
            [
              -98.00102099577774,
              29.58230810380597
            ],
            [
              -98.00104948409346,
              29.58574423674497
            ],
            [
              -97.99880208504834,
              29.58579294790762
            ],
            [
              -97.99885462778734,
              29.588814248907813
            ]
          ]
        ]
      },
      "properties": {
        "candidate_id": "Guadalupe:128175",
        "county": "Guadalupe",
        "prop_id": "128175",
        "owner": "A-L 97 IH 10-SH 46 LP",
        "verified_owner": "A-L 97 IH 10-SH 46 LP",
        "owner_verification_match": true,
        "situs": "",
        "acres": 166.79,
        "reported_acres": 166.79,
        "geometry_acres": 167.22,
        "acres_source": "REPORTED",
        "land_value": 0.0,
        "assessed_value": 1317651.0,
        "improvement_value": 0.0,
        "improvement_ratio": 0.0,
        "gba": 0.0,
        "prop_use": "",
        "legal": "PROJECT GREEN SUBD, BLOCK 1, LOT 2, ACRES 166.79",
        "cad_record_url": "",
        "parcel_source": "Guadalupe CAD via TxGIO public extract",
        "parcel_snapshot": "2022-02",
        "parcel_freshness": "STALE",
        "cad_geometry_verified": true,
        "cad_verification_source": "Guadalupe public parcel extract (2022 vintage)",
        "node_id": "INT-025",
        "node_name": "I-10 / SH 46 (Seguin Exchange)",
        "node_score": 67.9,
        "node_edge_miles": 0.348,
        "dist_score": 90,
        "acre_score": 80,
        "raw_score": 100,
        "shape_score": 93.5,
        "compactness": 0.584,
        "aspect_ratio": 1.95,
        "road_score": 90,
        "frontage_roads": [
          "IH 10",
          "FM 78"
        ],
        "frontage_ft_proxy": 702.0,
        "corner_signal": "NO",
        "major_road_signal": true,
        "mtp_row_flag": false,
        "flood_score": 75,
        "flood_pct": 19.6,
        "floodway_pct": 0.0,
        "flood_zones": [
          "A",
          "X"
        ],
        "flood_confidence": "SCREENED",
        "future_land_use_score": 55,
        "future_land_use": [],
        "aadt": 5818,
        "aadt_5yr_growth_pct": -6.6,
        "aadt_station_miles": 0.04,
        "aadt_route": "FM 78",
        "nearest_retail_catalyst": "Seguin Exchange / planned Target",
        "retail_catalyst_miles": 0.62,
        "future_residential_lots_nearby": 0.0,
        "recent_housing_units_180d": 0,
        "utility_confidence": "UNKNOWN",
        "utility_provider": "GBRA",
        "utility_distance_ft": null,
        "utility_snapshot": "Not published",
        "utility_context": "No mapped sewer feature returned near parcel",
        "assessed_value_per_acre": 7900.0,
        "land_value_per_acre": 0.0,
        "parcel_opportunity_score": 70.3,
        "parcel_execution_score": 73.8,
        "parcel_fit_score": 85.1,
        "acquisition_complexity_score": 97.2,
        "utility_score": 20,
        "confidence_score": 48,
        "node_confidence_score": 62,
        "node_class": "EMERGING NODE",
        "node_evidence_model": "Regional corridor prior + statewide road/traffic; county housing feed incomplete",
        "node_component_scores": {
          "residential_growth": 0.0,
          "intersection_network": 100,
          "retail_catalyst": 100,
          "traffic": 83.7,
          "timing": 27.8
        },
        "parcel_component_scores": {
          "frontage_access": 90,
          "size_shape": 85.1,
          "utilities": 20,
          "flood": 75,
          "acquisition": 97.2
        },
        "acquisition_category": "EARLY SPECULATION",
        "decision_summary": "Interesting node/parcel thesis, but data freshness or execution certainty is not strong enough for active pursuit.",
        "main_risks": [
          "mapped sewer path is unverified",
          "19.6% mapped SFHA overlap",
          "county parcel snapshot is stale",
          "important diligence data is incomplete"
        ],
        "usable_acres_proxy": 134.1,
        "eligible": true,
        "why_this_tract": "major-road frontage \u00b7 within \u00bd mile of the node \u00b7 regional growth node; county housing feed incomplete \u00b7 0.6 mi from Seguin Exchange / planned Target \u00b7 mostly raw / low-improvement land",
        "verification_notes": "Frontage is a GIS proximity proxy, not legal access. Sewer distance is a mapped-line proxy, not a capacity commitment. Confirm current title/CAD, survey, curb access, median/turn movements, ROW, flood and provider capacity.",
        "geometry_source": "Guadalupe CAD / TxGIO public parcel extract"
      }
    },
    {
      "type": "Feature",
      "geometry": {
        "type": "Polygon",
        "coordinates": [
          [
            [
              -97.99624177223201,
              29.57127101243938
            ],
            [
              -97.99626646693697,
              29.57125663086483
            ],
            [
              -97.99628071717086,
              29.57124833007709
            ],
            [
              -97.99629003841434,
              29.571242901347834
            ],
            [
              -97.99729086289858,
              29.570659983149287
            ],
            [
              -97.99723506169346,
              29.570014576240077
            ],
            [
              -97.99750162313015,
              29.569943942755888
            ],
            [
              -97.99745925062614,
              29.569453872268507
            ],
            [
              -97.99737028264376,
              29.56945721536496
            ],
            [
              -97.9970920506179,
              29.569465777941762
            ],
            [
              -97.99708955938863,
              29.569465841375504
            ],
            [
              -97.99713919870145,
              29.570039978560484
            ],
            [
              -97.996853065516,
              29.570115796304645
            ],
            [
              -97.99657164154692,
              29.570190366581233
            ],
            [
              -97.9965097478216,
              29.569474433376726
            ],
            [
              -97.99649811078032,
              29.569474478724278
            ],
            [
              -97.99614922984354,
              29.569473512453186
            ],
            [
              -97.99611475482709,
              29.569473173447996
            ],
            [
              -97.99611022926231,
              29.569473125952968
            ],
            [
              -97.99610488529757,
              29.569473067804847
            ],
            [
              -97.99608979673009,
              29.569472900438168
            ],
            [
              -97.99606364788049,
              29.569472590516142
            ],
            [
              -97.99624177223201,
              29.57127101243938
            ]
          ]
        ]
      },
      "properties": {
        "candidate_id": "Guadalupe:52989",
        "county": "Guadalupe",
        "prop_id": "52989",
        "owner": "CHAN & KIM PROPERTY INC & RATNA CHHEAV",
        "verified_owner": "CHAN & KIM PROPERTY INC & RATNA CHHEAV",
        "owner_verification_match": true,
        "situs": "W COURT ST TX",
        "acres": 3.88,
        "reported_acres": 3.88,
        "geometry_acres": 3.81,
        "acres_source": "REPORTED",
        "land_value": 227009.0,
        "assessed_value": 227009.0,
        "improvement_value": 0.0,
        "improvement_ratio": 0.0,
        "gba": 0.0,
        "prop_use": "",
        "legal": "ABS:  11  SUR:  J D CLEMENTS  3.8790 AC.",
        "cad_record_url": "",
        "parcel_source": "Guadalupe CAD via TxGIO public extract",
        "parcel_snapshot": "2022-02",
        "parcel_freshness": "STALE",
        "cad_geometry_verified": true,
        "cad_verification_source": "Guadalupe public parcel extract (2022 vintage)",
        "node_id": "INT-025",
        "node_name": "I-10 / SH 46 (Seguin Exchange)",
        "node_score": 67.9,
        "node_edge_miles": 0.919,
        "dist_score": 66,
        "acre_score": 86,
        "raw_score": 100,
        "shape_score": 54.3,
        "compactness": 0.339,
        "aspect_ratio": 1.48,
        "road_score": 90,
        "frontage_roads": [
          "US 90"
        ],
        "frontage_ft_proxy": 225.0,
        "corner_signal": "NO",
        "major_road_signal": true,
        "mtp_row_flag": false,
        "flood_score": 100,
        "flood_pct": 0.0,
        "floodway_pct": 0.0,
        "flood_zones": [
          "X"
        ],
        "flood_confidence": "SCREENED",
        "future_land_use_score": 55,
        "future_land_use": [],
        "aadt": 5467,
        "aadt_5yr_growth_pct": 21.4,
        "aadt_station_miles": 0.08,
        "aadt_route": "US 90",
        "nearest_retail_catalyst": "Seguin Exchange / planned Target",
        "retail_catalyst_miles": 0.99,
        "future_residential_lots_nearby": 0.0,
        "recent_housing_units_180d": 0,
        "utility_confidence": "UNKNOWN",
        "utility_provider": "GBRA",
        "utility_distance_ft": null,
        "utility_snapshot": "Not published",
        "utility_context": "No mapped sewer feature returned near parcel",
        "assessed_value_per_acre": 58507.0,
        "land_value_per_acre": 58507.0,
        "parcel_opportunity_score": 70.3,
        "parcel_execution_score": 73.8,
        "parcel_fit_score": 74.0,
        "acquisition_complexity_score": 94.4,
        "utility_score": 20,
        "confidence_score": 48,
        "node_confidence_score": 62,
        "node_class": "EMERGING NODE",
        "node_evidence_model": "Regional corridor prior + statewide road/traffic; county housing feed incomplete",
        "node_component_scores": {
          "residential_growth": 0.0,
          "intersection_network": 100,
          "retail_catalyst": 100,
          "traffic": 83.7,
          "timing": 27.8
        },
        "parcel_component_scores": {
          "frontage_access": 90,
          "size_shape": 74.0,
          "utilities": 20,
          "flood": 100,
          "acquisition": 94.4
        },
        "acquisition_category": "EARLY SPECULATION",
        "decision_summary": "Interesting node/parcel thesis, but data freshness or execution certainty is not strong enough for active pursuit.",
        "main_risks": [
          "not on the immediate intersection",
          "mapped sewer path is unverified",
          "parcel geometry is less efficient",
          "county parcel snapshot is stale",
          "important diligence data is incomplete"
        ],
        "usable_acres_proxy": 3.88,
        "eligible": true,
        "why_this_tract": "major-road frontage \u00b7 within 1 mile of the node \u00b7 regional growth node; county housing feed incomplete \u00b7 1.0 mi from Seguin Exchange / planned Target \u00b7 mostly raw / low-improvement land",
        "verification_notes": "Frontage is a GIS proximity proxy, not legal access. Sewer distance is a mapped-line proxy, not a capacity commitment. Confirm current title/CAD, survey, curb access, median/turn movements, ROW, flood and provider capacity.",
        "geometry_source": "Guadalupe CAD / TxGIO public parcel extract"
      }
    },
    {
      "type": "Feature",
      "geometry": {
        "type": "Polygon",
        "coordinates": [
          [
            [
              -97.99461261284875,
              29.58440599315151
            ],
            [
              -97.99391013963461,
              29.584884961053834
            ],
            [
              -97.99388222628923,
              29.5849080856734
            ],
            [
              -97.99385929304984,
              29.58493506899907
            ],
            [
              -97.99384202505267,
              29.584965105013218
            ],
            [
              -97.9938309400956,
              29.58499729350203
            ],
            [
              -97.99382637182855,
              29.58503066970482
            ],
            [
              -97.99382845396697,
              29.58506423487354
            ],
            [
              -97.99383712621845,
              29.585096983386563
            ],
            [
              -97.99398174034037,
              29.585486076436442
            ],
            [
              -97.99422792147107,
              29.585877654400875
            ],
            [
              -97.99515676166715,
              29.58527129865747
            ],
            [
              -97.99527840749528,
              29.58519188536826
            ],
            [
              -97.99527741126577,
              29.58519062909721
            ],
            [
              -97.99502590134779,
              29.584873674234228
            ],
            [
              -97.99463998339633,
              29.584387330711657
            ],
            [
              -97.99461261284875,
              29.58440599315151
            ]
          ]
        ]
      },
      "properties": {
        "candidate_id": "Guadalupe:53213",
        "county": "Guadalupe",
        "prop_id": "53213",
        "owner": "FALFURRIAS HIGHWAY FOODS INC",
        "verified_owner": "FALFURRIAS HIGHWAY FOODS INC",
        "owner_verification_match": true,
        "situs": "1810 W IH 10 TX",
        "acres": 3.0,
        "reported_acres": 3.0,
        "geometry_acres": 3.13,
        "acres_source": "REPORTED",
        "land_value": 894046.0,
        "assessed_value": 1255152.0,
        "improvement_value": 361106.0,
        "improvement_ratio": 0.288,
        "gba": 0.0,
        "prop_use": "",
        "legal": "ABS:  11  SUR:  J D CLEMENTS  3.0000 AC.",
        "cad_record_url": "",
        "parcel_source": "Guadalupe CAD via TxGIO public extract",
        "parcel_snapshot": "2022-02",
        "parcel_freshness": "STALE",
        "cad_geometry_verified": true,
        "cad_verification_source": "Guadalupe public parcel extract (2022 vintage)",
        "node_id": "INT-025",
        "node_name": "I-10 / SH 46 (Seguin Exchange)",
        "node_score": 67.9,
        "node_edge_miles": 0.054,
        "dist_score": 100,
        "acre_score": 86,
        "raw_score": 65.5,
        "shape_score": 100,
        "compactness": 0.799,
        "aspect_ratio": 1.21,
        "road_score": 90,
        "frontage_roads": [
          "IH 10",
          "SH 46"
        ],
        "frontage_ft_proxy": 394.0,
        "corner_signal": "NO",
        "major_road_signal": true,
        "mtp_row_flag": false,
        "flood_score": 100,
        "flood_pct": 0.0,
        "floodway_pct": 0.0,
        "flood_zones": [
          "X"
        ],
        "flood_confidence": "SCREENED",
        "future_land_use_score": 55,
        "future_land_use": [],
        "aadt": 25112,
        "aadt_5yr_growth_pct": 24.1,
        "aadt_station_miles": 0.02,
        "aadt_route": "SH 46",
        "nearest_retail_catalyst": "Seguin Exchange / planned Target",
        "retail_catalyst_miles": 0.09,
        "future_residential_lots_nearby": 0.0,
        "recent_housing_units_180d": 0,
        "utility_confidence": "UNKNOWN",
        "utility_provider": "GBRA",
        "utility_distance_ft": null,
        "utility_snapshot": "Not published",
        "utility_context": "No mapped sewer feature returned near parcel",
        "assessed_value_per_acre": 418384.0,
        "land_value_per_acre": 298015.0,
        "parcel_opportunity_score": 70.1,
        "parcel_execution_score": 73.4,
        "parcel_fit_score": 91.3,
        "acquisition_complexity_score": 57.0,
        "utility_score": 20,
        "confidence_score": 48,
        "node_confidence_score": 62,
        "node_class": "EMERGING NODE",
        "node_evidence_model": "Regional corridor prior + statewide road/traffic; county housing feed incomplete",
        "node_component_scores": {
          "residential_growth": 0.0,
          "intersection_network": 100,
          "retail_catalyst": 100,
          "traffic": 83.7,
          "timing": 27.8
        },
        "parcel_component_scores": {
          "frontage_access": 90,
          "size_shape": 91.3,
          "utilities": 20,
          "flood": 100,
          "acquisition": 57.0
        },
        "acquisition_category": "EARLY SPECULATION",
        "decision_summary": "Interesting node/parcel thesis, but data freshness or execution certainty is not strong enough for active pursuit.",
        "main_risks": [
          "mapped sewer path is unverified",
          "county parcel snapshot is stale",
          "important diligence data is incomplete"
        ],
        "usable_acres_proxy": 3.0,
        "eligible": true,
        "why_this_tract": "major-road frontage \u00b7 within \u00bc mile of the node \u00b7 regional growth node; county housing feed incomplete \u00b7 0.1 mi from Seguin Exchange / planned Target \u00b7 no mapped FEMA SFHA overlap returned",
        "verification_notes": "Frontage is a GIS proximity proxy, not legal access. Sewer distance is a mapped-line proxy, not a capacity commitment. Confirm current title/CAD, survey, curb access, median/turn movements, ROW, flood and provider capacity.",
        "geometry_source": "Guadalupe CAD / TxGIO public parcel extract"
      }
    },
    {
      "type": "Feature",
      "geometry": {
        "type": "Polygon",
        "coordinates": [
          [
            [
              -97.98555484974142,
              29.59031032865082
            ],
            [
              -97.98559932639503,
              29.59257286570969
            ],
            [
              -97.98560323839507,
              29.592771839897992
            ],
            [
              -97.98684488789667,
              29.592765415151582
            ],
            [
              -97.98683731553574,
              29.59255427189852
            ],
            [
              -97.9868300670773,
              29.591784390039603
            ],
            [
              -97.98632607911317,
              29.59178801248154
            ],
            [
              -97.98632139946302,
              29.591290717107956
            ],
            [
              -97.98682520740084,
              29.591287095143283
            ],
            [
              -97.98681023766939,
              29.58989318570947
            ],
            [
              -97.98644681719648,
              29.589698155833688
            ],
            [
              -97.98557355055469,
              29.590297493483675
            ],
            [
              -97.98555484974142,
              29.59031032865082
            ]
          ]
        ]
      },
      "properties": {
        "candidate_id": "Guadalupe:51488",
        "county": "Guadalupe",
        "prop_id": "51488",
        "owner": "SOEFJE MARVIN JAUER JR",
        "verified_owner": "SOEFJE MARVIN JAUER JR",
        "owner_verification_match": true,
        "situs": "IH 10 TX",
        "acres": 8.1,
        "reported_acres": 8.1,
        "geometry_acres": 8.7,
        "acres_source": "REPORTED",
        "land_value": 0.0,
        "assessed_value": 201884.0,
        "improvement_value": 0.0,
        "improvement_ratio": 0.0,
        "gba": 0.0,
        "prop_use": "",
        "legal": "ABS:  6  SUR:  H BRANCH  8.095 AC.",
        "cad_record_url": "",
        "parcel_source": "Guadalupe CAD via TxGIO public extract",
        "parcel_snapshot": "2022-02",
        "parcel_freshness": "STALE",
        "cad_geometry_verified": true,
        "cad_verification_source": "Guadalupe public parcel extract (2022 vintage)",
        "node_id": "INT-025",
        "node_name": "I-10 / SH 46 (Seguin Exchange)",
        "node_score": 67.9,
        "node_edge_miles": 0.543,
        "dist_score": 78,
        "acre_score": 100,
        "raw_score": 100,
        "shape_score": 76.8,
        "compactness": 0.48,
        "aspect_ratio": 2.79,
        "road_score": 90,
        "frontage_roads": [
          "IH 10"
        ],
        "frontage_ft_proxy": 1390.0,
        "corner_signal": "NO",
        "major_road_signal": true,
        "mtp_row_flag": false,
        "flood_score": 55,
        "flood_pct": 47.1,
        "floodway_pct": 0.0,
        "flood_zones": [
          "AE",
          "X"
        ],
        "flood_confidence": "SCREENED",
        "future_land_use_score": 55,
        "future_land_use": [],
        "aadt": 8740,
        "aadt_5yr_growth_pct": 86.4,
        "aadt_station_miles": 1.18,
        "aadt_route": "IH 10",
        "nearest_retail_catalyst": "Seguin Exchange / planned Target",
        "retail_catalyst_miles": 0.64,
        "future_residential_lots_nearby": 0.0,
        "recent_housing_units_180d": 0,
        "utility_confidence": "UNKNOWN",
        "utility_provider": "GBRA",
        "utility_distance_ft": null,
        "utility_snapshot": "Not published",
        "utility_context": "No mapped sewer feature returned near parcel",
        "assessed_value_per_acre": 24924.0,
        "land_value_per_acre": 0.0,
        "parcel_opportunity_score": 69.9,
        "parcel_execution_score": 72.8,
        "parcel_fit_score": 91.2,
        "acquisition_complexity_score": 97.2,
        "utility_score": 20,
        "confidence_score": 48,
        "node_confidence_score": 62,
        "node_class": "EMERGING NODE",
        "node_evidence_model": "Regional corridor prior + statewide road/traffic; county housing feed incomplete",
        "node_component_scores": {
          "residential_growth": 0.0,
          "intersection_network": 100,
          "retail_catalyst": 100,
          "traffic": 83.7,
          "timing": 27.8
        },
        "parcel_component_scores": {
          "frontage_access": 90,
          "size_shape": 91.2,
          "utilities": 20,
          "flood": 55,
          "acquisition": 97.2
        },
        "acquisition_category": "EARLY SPECULATION",
        "decision_summary": "Interesting node/parcel thesis, but data freshness or execution certainty is not strong enough for active pursuit.",
        "main_risks": [
          "not on the immediate intersection",
          "mapped sewer path is unverified",
          "47.1% mapped SFHA overlap",
          "county parcel snapshot is stale",
          "important diligence data is incomplete"
        ],
        "usable_acres_proxy": 4.28,
        "eligible": true,
        "why_this_tract": "major-road frontage \u00b7 within 1 mile of the node \u00b7 regional growth node; county housing feed incomplete \u00b7 0.6 mi from Seguin Exchange / planned Target \u00b7 mostly raw / low-improvement land",
        "verification_notes": "Frontage is a GIS proximity proxy, not legal access. Sewer distance is a mapped-line proxy, not a capacity commitment. Confirm current title/CAD, survey, curb access, median/turn movements, ROW, flood and provider capacity.",
        "geometry_source": "Guadalupe CAD / TxGIO public parcel extract"
      }
    },
    {
      "type": "Feature",
      "geometry": {
        "type": "Polygon",
        "coordinates": [
          [
            [
              -97.98154800361016,
              29.583394001429507
            ],
            [
              -97.98195479087683,
              29.583445444627138
            ],
            [
              -97.9823033399098,
              29.583467763815747
            ],
            [
              -97.98251116891886,
              29.583498846266753
            ],
            [
              -97.98280273626793,
              29.583594485319356
            ],
            [
              -97.98320606801792,
              29.583764727638243
            ],
            [
              -97.98330110590558,
              29.583824453449314
            ],
            [
              -97.98396935581671,
              29.584508069214504
            ],
            [
              -97.98445225093053,
              29.585072503980978
            ],
            [
              -97.98449905482725,
              29.58512721051059
            ],
            [
              -97.98440849572579,
              29.582139985640207
            ],
            [
              -97.9843986302503,
              29.58181455259033
            ],
            [
              -97.98438666097572,
              29.581419720684554
            ],
            [
              -97.98437380727097,
              29.580995678874125
            ],
            [
              -97.98437354886055,
              29.580987193425592
            ],
            [
              -97.98374791277304,
              29.58099606758809
            ],
            [
              -97.98375100185694,
              29.580685341134156
            ],
            [
              -97.98375873581743,
              29.5799073849252
            ],
            [
              -97.98375633906107,
              29.579484858790018
            ],
            [
              -97.9837502726927,
              29.579386813149146
            ],
            [
              -97.98373811890218,
              29.579289201293907
            ],
            [
              -97.98371991406847,
              29.57919231133484
            ],
            [
              -97.98369571214391,
              29.579096428808143
            ],
            [
              -97.98366558361293,
              29.579001837570488
            ],
            [
              -97.9836296196473,
              29.578908817123274
            ],
            [
              -97.98358199264703,
              29.57882603676907
            ],
            [
              -97.98325771504744,
              29.578980684334315
            ],
            [
              -97.98292990495554,
              29.579129535812644
            ],
            [
              -97.98259869724205,
              29.579272527237826
            ],
            [
              -97.98226423291084,
              29.579409601007537
            ],
            [
              -97.98192664575193,
              29.57954069856339
            ],
            [
              -97.98158607776162,
              29.579665766824295
            ],
            [
              -97.98124266782403,
              29.579784754491445
            ],
            [
              -97.98089656203307,
              29.57989761212652
            ],
            [
              -97.98091579661464,
              29.581012259336255
            ],
            [
              -97.98091632511438,
              29.581041151618077
            ],
            [
              -97.98106751952416,
              29.581045557777063
            ],
            [
              -97.98114025762574,
              29.58104767811421
            ],
            [
              -97.98120133746369,
              29.581049456992083
            ],
            [
              -97.98120140095742,
              29.581058829736662
            ],
            [
              -97.98153175433016,
              29.581057074255085
            ],
            [
              -97.98153257982278,
              29.58117574019891
            ],
            [
              -97.98153271110623,
              29.581194578656994
            ],
            [
              -97.9815336668617,
              29.581332082144584
            ],
            [
              -97.9815346226197,
              29.58146958562788
            ],
            [
              -97.98153557836234,
              29.581607090911458
            ],
            [
              -97.9815365341165,
              29.58174459528842
            ],
            [
              -97.98153748988221,
              29.58188209875891
            ],
            [
              -97.98153844668275,
              29.58201960223302
            ],
            [
              -97.98153940243567,
              29.582157107499462
            ],
            [
              -97.9815403582091,
              29.58229461095711
            ],
            [
              -97.98154131500836,
              29.582432115320604
            ],
            [
              -97.98154227077795,
              29.582569619671933
            ],
            [
              -97.98154322759135,
              29.58270712312465
            ],
            [
              -97.98154418233386,
              29.582844627459625
            ],
            [
              -97.98154513910747,
              29.582982135414923
            ],
            [
              -97.98154609597353,
              29.583119634343614
            ],
            [
              -97.9815464544847,
              29.58317120207775
            ],
            [
              -97.98154671507089,
              29.58320876797799
            ],
            [
              -97.98154800361016,
              29.583394001429507
            ]
          ]
        ]
      },
      "properties": {
        "candidate_id": "Guadalupe:44600",
        "county": "Guadalupe",
        "prop_id": "44600",
        "owner": "TYSON FARMS OF TEXAS INC",
        "verified_owner": "TYSON FARMS OF TEXAS INC",
        "owner_verification_match": true,
        "situs": "1200 W KINGSBURY ST TX",
        "acres": 35.56,
        "reported_acres": 35.56,
        "geometry_acres": 34.51,
        "acres_source": "REPORTED",
        "land_value": 301990.0,
        "assessed_value": 301990.0,
        "improvement_value": 0.0,
        "improvement_ratio": 0.0,
        "gba": 0.0,
        "prop_use": "",
        "legal": "LOT:  1  BLK:  1  ADDN: TYSON FOODS  35.5600 AC.",
        "cad_record_url": "",
        "parcel_source": "Guadalupe CAD via TxGIO public extract",
        "parcel_snapshot": "2022-02",
        "parcel_freshness": "STALE",
        "cad_geometry_verified": true,
        "cad_verification_source": "Guadalupe public parcel extract (2022 vintage)",
        "node_id": "INT-025",
        "node_name": "I-10 / SH 46 (Seguin Exchange)",
        "node_score": 67.9,
        "node_edge_miles": 0.528,
        "dist_score": 78,
        "acre_score": 100,
        "raw_score": 100,
        "shape_score": 81.2,
        "compactness": 0.507,
        "aspect_ratio": 2.14,
        "road_score": 90,
        "frontage_roads": [
          "US 90"
        ],
        "frontage_ft_proxy": 1913.0,
        "corner_signal": "NO",
        "major_road_signal": true,
        "mtp_row_flag": false,
        "flood_score": 45,
        "flood_pct": 11.5,
        "floodway_pct": 0.0,
        "flood_zones": [
          "AE",
          "X"
        ],
        "flood_confidence": "SCREENED",
        "future_land_use_score": 55,
        "future_land_use": [],
        "aadt": 10598,
        "aadt_5yr_growth_pct": 30.3,
        "aadt_station_miles": 0.01,
        "aadt_route": "US 90",
        "nearest_retail_catalyst": "Seguin Exchange / planned Target",
        "retail_catalyst_miles": 0.65,
        "future_residential_lots_nearby": 0.0,
        "recent_housing_units_180d": 0,
        "utility_confidence": "UNKNOWN",
        "utility_provider": "GBRA",
        "utility_distance_ft": null,
        "utility_snapshot": "Not published",
        "utility_context": "No mapped sewer feature returned near parcel",
        "assessed_value_per_acre": 8492.0,
        "land_value_per_acre": 8492.0,
        "parcel_opportunity_score": 69.5,
        "parcel_execution_score": 72.0,
        "parcel_fit_score": 92.9,
        "acquisition_complexity_score": 97.2,
        "utility_score": 20,
        "confidence_score": 48,
        "node_confidence_score": 62,
        "node_class": "EMERGING NODE",
        "node_evidence_model": "Regional corridor prior + statewide road/traffic; county housing feed incomplete",
        "node_component_scores": {
          "residential_growth": 0.0,
          "intersection_network": 100,
          "retail_catalyst": 100,
          "traffic": 83.7,
          "timing": 27.8
        },
        "parcel_component_scores": {
          "frontage_access": 90,
          "size_shape": 92.9,
          "utilities": 20,
          "flood": 45,
          "acquisition": 97.2
        },
        "acquisition_category": "EARLY SPECULATION",
        "decision_summary": "Interesting node/parcel thesis, but data freshness or execution certainty is not strong enough for active pursuit.",
        "main_risks": [
          "not on the immediate intersection",
          "mapped sewer path is unverified",
          "11.5% mapped SFHA overlap",
          "county parcel snapshot is stale",
          "important diligence data is incomplete"
        ],
        "usable_acres_proxy": 31.47,
        "eligible": true,
        "why_this_tract": "major-road frontage \u00b7 within 1 mile of the node \u00b7 regional growth node; county housing feed incomplete \u00b7 0.6 mi from Seguin Exchange / planned Target \u00b7 mostly raw / low-improvement land",
        "verification_notes": "Frontage is a GIS proximity proxy, not legal access. Sewer distance is a mapped-line proxy, not a capacity commitment. Confirm current title/CAD, survey, curb access, median/turn movements, ROW, flood and provider capacity.",
        "geometry_source": "Guadalupe CAD / TxGIO public parcel extract"
      }
    },
    {
      "type": "Feature",
      "geometry": {
        "type": "Polygon",
        "coordinates": [
          [
            [
              -97.99733572293884,
              29.584517906763484
            ],
            [
              -97.99733705914089,
              29.584690780374917
            ],
            [
              -97.9977099764192,
              29.584688944706468
            ],
            [
              -97.99770429320846,
              29.583806301590332
            ],
            [
              -97.99771946475748,
              29.583709363296645
            ],
            [
              -97.9977372371729,
              29.583667541042523
            ],
            [
              -97.99776139855722,
              29.58362824076487
            ],
            [
              -97.99779149256089,
              29.58359220615075
            ],
            [
              -97.99782694993765,
              29.583560114172915
            ],
            [
              -97.99786710304004,
              29.583532570687183
            ],
            [
              -97.99791119525992,
              29.58351009516423
            ],
            [
              -97.9979583945358,
              29.583493111768412
            ],
            [
              -97.99800781098864,
              29.58348194046662
            ],
            [
              -97.99805851141657,
              29.583476792626026
            ],
            [
              -97.99823581891975,
              29.583469514093537
            ],
            [
              -97.99823542066832,
              29.583407764561507
            ],
            [
              -97.99822583877783,
              29.581920640334015
            ],
            [
              -97.99732093140182,
              29.582605844484906
            ],
            [
              -97.99733572293884,
              29.584517906763484
            ]
          ]
        ]
      },
      "properties": {
        "candidate_id": "Guadalupe:52893",
        "county": "Guadalupe",
        "prop_id": "52893",
        "owner": "EWALD H JOHN III",
        "verified_owner": "EWALD H JOHN III",
        "owner_verification_match": true,
        "situs": "1900 W IH 10 TX",
        "acres": 5.25,
        "reported_acres": 5.25,
        "geometry_acres": 4.2,
        "acres_source": "REPORTED",
        "land_value": 589314.0,
        "assessed_value": 840817.0,
        "improvement_value": 251503.0,
        "improvement_ratio": 0.299,
        "gba": 0.0,
        "prop_use": "",
        "legal": "ABS:  11  SUR:  J D CLEMENTS  5.25 AC.",
        "cad_record_url": "",
        "parcel_source": "Guadalupe CAD via TxGIO public extract",
        "parcel_snapshot": "2022-02",
        "parcel_freshness": "STALE",
        "cad_geometry_verified": true,
        "cad_verification_source": "Guadalupe public parcel extract (2022 vintage)",
        "node_id": "INT-025",
        "node_name": "I-10 / SH 46 (Seguin Exchange)",
        "node_score": 67.9,
        "node_edge_miles": 0.246,
        "dist_score": 97,
        "acre_score": 100,
        "raw_score": 64.1,
        "shape_score": 64.9,
        "compactness": 0.406,
        "aspect_ratio": 3.48,
        "road_score": 84,
        "frontage_roads": [
          "IH 10"
        ],
        "frontage_ft_proxy": 0.0,
        "corner_signal": "NO",
        "major_road_signal": true,
        "mtp_row_flag": false,
        "flood_score": 100,
        "flood_pct": 0.0,
        "floodway_pct": 0.0,
        "flood_zones": [
          "X"
        ],
        "flood_confidence": "SCREENED",
        "future_land_use_score": 55,
        "future_land_use": [],
        "aadt": 50706,
        "aadt_5yr_growth_pct": 0,
        "aadt_station_miles": 0.44,
        "aadt_route": "IH 10",
        "nearest_retail_catalyst": "Seguin Exchange / planned Target",
        "retail_catalyst_miles": 0.28,
        "future_residential_lots_nearby": 0.0,
        "recent_housing_units_180d": 0,
        "utility_confidence": "UNKNOWN",
        "utility_provider": "GBRA",
        "utility_distance_ft": null,
        "utility_snapshot": "Not published",
        "utility_context": "No mapped sewer feature returned near parcel",
        "assessed_value_per_acre": 160156.0,
        "land_value_per_acre": 112250.0,
        "parcel_opportunity_score": 69.3,
        "parcel_execution_score": 71.4,
        "parcel_fit_score": 86.7,
        "acquisition_complexity_score": 64.4,
        "utility_score": 20,
        "confidence_score": 48,
        "node_confidence_score": 62,
        "node_class": "EMERGING NODE",
        "node_evidence_model": "Regional corridor prior + statewide road/traffic; county housing feed incomplete",
        "node_component_scores": {
          "residential_growth": 0.0,
          "intersection_network": 100,
          "retail_catalyst": 100,
          "traffic": 83.7,
          "timing": 27.8
        },
        "parcel_component_scores": {
          "frontage_access": 84,
          "size_shape": 86.7,
          "utilities": 20,
          "flood": 100,
          "acquisition": 64.4
        },
        "acquisition_category": "EARLY SPECULATION",
        "decision_summary": "Interesting node/parcel thesis, but data freshness or execution certainty is not strong enough for active pursuit.",
        "main_risks": [
          "limited frontage proxy",
          "mapped sewer path is unverified",
          "county parcel snapshot is stale",
          "important diligence data is incomplete"
        ],
        "usable_acres_proxy": 5.25,
        "eligible": true,
        "why_this_tract": "major-road frontage \u00b7 within \u00bc mile of the node \u00b7 regional growth node; county housing feed incomplete \u00b7 0.3 mi from Seguin Exchange / planned Target \u00b7 no mapped FEMA SFHA overlap returned",
        "verification_notes": "Frontage is a GIS proximity proxy, not legal access. Sewer distance is a mapped-line proxy, not a capacity commitment. Confirm current title/CAD, survey, curb access, median/turn movements, ROW, flood and provider capacity.",
        "geometry_source": "Guadalupe CAD / TxGIO public parcel extract"
      }
    },
    {
      "type": "Feature",
      "geometry": {
        "type": "Polygon",
        "coordinates": [
          [
            [
              -97.98520085969538,
              29.58097545463087
            ],
            [
              -97.98520103883551,
              29.580984653200606
            ],
            [
              -97.9852197798786,
              29.58194288060818
            ],
            [
              -97.98522339761095,
              29.58212781227636
            ],
            [
              -97.98487586251885,
              29.58213300433281
            ],
            [
              -97.98440849572579,
              29.582139985640207
            ],
            [
              -97.98449905482725,
              29.58512721051059
            ],
            [
              -97.98480348497156,
              29.585483039583842
            ],
            [
              -97.9850012514747,
              29.585961485199373
            ],
            [
              -97.98512206731138,
              29.586211313457227
            ],
            [
              -97.9859205043848,
              29.58638617955459
            ],
            [
              -97.98591300889532,
              29.58578563934491
            ],
            [
              -97.98587605272306,
              29.583556811942195
            ],
            [
              -97.98583512346232,
              29.580979981481825
            ],
            [
              -97.98583512104315,
              29.580979809122947
            ],
            [
              -97.98583507935128,
              29.580976832097665
            ],
            [
              -97.98520085969538,
              29.58097545463087
            ]
          ]
        ]
      },
      "properties": {
        "candidate_id": "Guadalupe:151709",
        "county": "Guadalupe",
        "prop_id": "151709",
        "owner": "SOWARD MARK",
        "verified_owner": "SOWARD MARK",
        "owner_verification_match": true,
        "situs": "C H MATTHIES DR SEGUIN TX",
        "acres": 15.84,
        "reported_acres": 15.84,
        "geometry_acres": 16.47,
        "acres_source": "REPORTED",
        "land_value": 0.0,
        "assessed_value": 252680.0,
        "improvement_value": 0.0,
        "improvement_ratio": 0.0,
        "gba": 0.0,
        "prop_use": "",
        "legal": "WALNUT CREEK DEVELOPMENT LOT #2  15.844 ACS",
        "cad_record_url": "",
        "parcel_source": "Guadalupe CAD via TxGIO public extract",
        "parcel_snapshot": "2022-02",
        "parcel_freshness": "STALE",
        "cad_geometry_verified": true,
        "cad_verification_source": "Guadalupe public parcel extract (2022 vintage)",
        "node_id": "INT-025",
        "node_name": "I-10 / SH 46 (Seguin Exchange)",
        "node_score": 67.9,
        "node_edge_miles": 0.443,
        "dist_score": 90,
        "acre_score": 100,
        "raw_score": 100,
        "shape_score": 67.0,
        "compactness": 0.419,
        "aspect_ratio": 4.29,
        "road_score": 90,
        "frontage_roads": [
          "FM 78"
        ],
        "frontage_ft_proxy": 569.0,
        "corner_signal": "NO",
        "major_road_signal": true,
        "mtp_row_flag": false,
        "flood_score": 45,
        "flood_pct": 5.9,
        "floodway_pct": 0.5,
        "flood_zones": [
          "AE",
          "X"
        ],
        "flood_confidence": "SCREENED",
        "future_land_use_score": 55,
        "future_land_use": [],
        "aadt": 7000,
        "aadt_5yr_growth_pct": 29.4,
        "aadt_station_miles": 0.1,
        "aadt_route": "FM 78",
        "nearest_retail_catalyst": "Seguin Exchange / planned Target",
        "retail_catalyst_miles": 0.48,
        "future_residential_lots_nearby": 0.0,
        "recent_housing_units_180d": 0,
        "utility_confidence": "UNKNOWN",
        "utility_provider": "GBRA",
        "utility_distance_ft": null,
        "utility_snapshot": "Not published",
        "utility_context": "No mapped sewer feature returned near parcel",
        "assessed_value_per_acre": 15952.0,
        "land_value_per_acre": 0.0,
        "parcel_opportunity_score": 69.0,
        "parcel_execution_score": 70.7,
        "parcel_fit_score": 87.5,
        "acquisition_complexity_score": 97.2,
        "utility_score": 20,
        "confidence_score": 48,
        "node_confidence_score": 62,
        "node_class": "EMERGING NODE",
        "node_evidence_model": "Regional corridor prior + statewide road/traffic; county housing feed incomplete",
        "node_component_scores": {
          "residential_growth": 0.0,
          "intersection_network": 100,
          "retail_catalyst": 100,
          "traffic": 83.7,
          "timing": 27.8
        },
        "parcel_component_scores": {
          "frontage_access": 90,
          "size_shape": 87.5,
          "utilities": 20,
          "flood": 45,
          "acquisition": 97.2
        },
        "acquisition_category": "EARLY SPECULATION",
        "decision_summary": "Interesting node/parcel thesis, but data freshness or execution certainty is not strong enough for active pursuit.",
        "main_risks": [
          "mapped sewer path is unverified",
          "5.9% mapped SFHA overlap",
          "county parcel snapshot is stale",
          "important diligence data is incomplete"
        ],
        "usable_acres_proxy": 14.91,
        "eligible": true,
        "why_this_tract": "major-road frontage \u00b7 within \u00bd mile of the node \u00b7 regional growth node; county housing feed incomplete \u00b7 0.5 mi from Seguin Exchange / planned Target \u00b7 mostly raw / low-improvement land",
        "verification_notes": "Frontage is a GIS proximity proxy, not legal access. Sewer distance is a mapped-line proxy, not a capacity commitment. Confirm current title/CAD, survey, curb access, median/turn movements, ROW, flood and provider capacity.",
        "geometry_source": "Guadalupe CAD / TxGIO public parcel extract"
      }
    },
    {
      "type": "Feature",
      "geometry": {
        "type": "Polygon",
        "coordinates": [
          [
            [
              -98.00409479815352,
              29.58986955105261
            ],
            [
              -98.00564297634416,
              29.590180414151664
            ],
            [
              -98.00627474227498,
              29.59031404486216
            ],
            [
              -98.00774968206589,
              29.59062601149233
            ],
            [
              -98.00808960622409,
              29.590698855486494
            ],
            [
              -98.00989764141984,
              29.59108628601048
            ],
            [
              -98.00988041440853,
              29.58902998845435
            ],
            [
              -98.00807237243355,
              29.588637330151567
            ],
            [
              -98.00625746585703,
              29.588243154416173
            ],
            [
              -98.00495948108414,
              29.587961231636008
            ],
            [
              -98.00407732553572,
              29.58776961857613
            ],
            [
              -98.00409479815352,
              29.58986955105261
            ]
          ],
          [
            [
              -98.00807938843676,
              29.58947656494079
            ],
            [
              -98.00742177871619,
              29.589480762808734
            ],
            [
              -98.00741697762545,
              29.588906001415886
            ],
            [
              -98.00807458364851,
              29.58890180357098
            ],
            [
              -98.00807938843676,
              29.58947656494079
            ]
          ]
        ]
      },
      "properties": {
        "candidate_id": "Guadalupe:53261",
        "county": "Guadalupe",
        "prop_id": "53261",
        "owner": "SCHIEVELBEIN FERNON J",
        "verified_owner": "SCHIEVELBEIN FERNON J",
        "owner_verification_match": true,
        "situs": "FM 78 TX",
        "acres": 30.32,
        "reported_acres": 30.32,
        "geometry_acres": 30.81,
        "acres_source": "REPORTED",
        "land_value": 0.0,
        "assessed_value": 338786.0,
        "improvement_value": 0.0,
        "improvement_ratio": 0.0,
        "gba": 0.0,
        "prop_use": "",
        "legal": "ABS:  11  SUR:  J D CLEMENTS  30.32   AC.",
        "cad_record_url": "",
        "parcel_source": "Guadalupe CAD via TxGIO public extract",
        "parcel_snapshot": "2022-02",
        "parcel_freshness": "STALE",
        "cad_geometry_verified": true,
        "cad_verification_source": "Guadalupe public parcel extract (2022 vintage)",
        "node_id": "INT-025",
        "node_name": "I-10 / SH 46 (Seguin Exchange)",
        "node_score": 67.9,
        "node_edge_miles": 0.693,
        "dist_score": 78,
        "acre_score": 100,
        "raw_score": 100,
        "shape_score": 71.5,
        "compactness": 0.447,
        "aspect_ratio": 2.81,
        "road_score": 84,
        "frontage_roads": [
          "FM 78"
        ],
        "frontage_ft_proxy": 0.0,
        "corner_signal": "NO",
        "major_road_signal": true,
        "mtp_row_flag": false,
        "flood_score": 55,
        "flood_pct": 28.8,
        "floodway_pct": 0.0,
        "flood_zones": [
          "A",
          "X"
        ],
        "flood_confidence": "SCREENED",
        "future_land_use_score": 55,
        "future_land_use": [],
        "aadt": 5818,
        "aadt_5yr_growth_pct": -6.6,
        "aadt_station_miles": 0.02,
        "aadt_route": "FM 78",
        "nearest_retail_catalyst": "Seguin Exchange / planned Target",
        "retail_catalyst_miles": 0.9,
        "future_residential_lots_nearby": 0.0,
        "recent_housing_units_180d": 0,
        "utility_confidence": "UNKNOWN",
        "utility_provider": "GBRA",
        "utility_distance_ft": null,
        "utility_snapshot": "Not published",
        "utility_context": "No mapped sewer feature returned near parcel",
        "assessed_value_per_acre": 11174.0,
        "land_value_per_acre": 0.0,
        "parcel_opportunity_score": 68.9,
        "parcel_execution_score": 70.5,
        "parcel_fit_score": 89.2,
        "acquisition_complexity_score": 97.2,
        "utility_score": 20,
        "confidence_score": 48,
        "node_confidence_score": 62,
        "node_class": "EMERGING NODE",
        "node_evidence_model": "Regional corridor prior + statewide road/traffic; county housing feed incomplete",
        "node_component_scores": {
          "residential_growth": 0.0,
          "intersection_network": 100,
          "retail_catalyst": 100,
          "traffic": 83.7,
          "timing": 27.8
        },
        "parcel_component_scores": {
          "frontage_access": 84,
          "size_shape": 89.2,
          "utilities": 20,
          "flood": 55,
          "acquisition": 97.2
        },
        "acquisition_category": "EARLY SPECULATION",
        "decision_summary": "Interesting node/parcel thesis, but data freshness or execution certainty is not strong enough for active pursuit.",
        "main_risks": [
          "not on the immediate intersection",
          "limited frontage proxy",
          "mapped sewer path is unverified",
          "28.8% mapped SFHA overlap",
          "county parcel snapshot is stale"
        ],
        "usable_acres_proxy": 21.59,
        "eligible": true,
        "why_this_tract": "major-road frontage \u00b7 within 1 mile of the node \u00b7 regional growth node; county housing feed incomplete \u00b7 0.9 mi from Seguin Exchange / planned Target \u00b7 mostly raw / low-improvement land",
        "verification_notes": "Frontage is a GIS proximity proxy, not legal access. Sewer distance is a mapped-line proxy, not a capacity commitment. Confirm current title/CAD, survey, curb access, median/turn movements, ROW, flood and provider capacity.",
        "geometry_source": "Guadalupe CAD / TxGIO public parcel extract"
      }
    },
    {
      "type": "Feature",
      "geometry": {
        "type": "Polygon",
        "coordinates": [
          [
            [
              -97.98157783565495,
              29.58545482769898
            ],
            [
              -97.9844686771464,
              29.586070450624085
            ],
            [
              -97.98452803550232,
              29.586083090381337
            ],
            [
              -97.98452067517538,
              29.58584032784624
            ],
            [
              -97.98446372077551,
              29.58576933978687
            ],
            [
              -97.98430197721535,
              29.58556773974495
            ],
            [
              -97.98396794430941,
              29.58521609971682
            ],
            [
              -97.98358964648408,
              29.584790368972943
            ],
            [
              -97.98322220987524,
              29.58440405476174
            ],
            [
              -97.98294360334371,
              29.58413642105299
            ],
            [
              -97.98270867621082,
              29.584001877858217
            ],
            [
              -97.98247912859826,
              29.583891958484887
            ],
            [
              -97.98217053997807,
              29.583810940155445
            ],
            [
              -97.98183915749034,
              29.583759249460556
            ],
            [
              -97.98155030032227,
              29.583724433553105
            ],
            [
              -97.98155166679125,
              29.583920807448735
            ],
            [
              -97.98158168021187,
              29.583923702218556
            ],
            [
              -97.98161068300782,
              29.583931052095885
            ],
            [
              -97.98163781228509,
              29.58394263847169
            ],
            [
              -97.98166226934644,
              29.58395811961028
            ],
            [
              -97.98168332789469,
              29.58397703612524
            ],
            [
              -97.98170047255525,
              29.583998998811005
            ],
            [
              -97.98171302159777,
              29.58402321927884
            ],
            [
              -97.98172059616408,
              29.58404897189942
            ],
            [
              -97.98172296863133,
              29.58407547895796
            ],
            [
              -97.98172294798124,
              29.584075893861602
            ],
            [
              -97.98172711498304,
              29.58462144090988
            ],
            [
              -97.98172400648811,
              29.58464985433066
            ],
            [
              -97.98171544774688,
              29.584677399759304
            ],
            [
              -97.98170168512985,
              29.584703283236042
            ],
            [
              -97.98168311417982,
              29.584726762464847
            ],
            [
              -97.98166027122868,
              29.58474715938251
            ],
            [
              -97.98163381143313,
              29.584763888865172
            ],
            [
              -97.98160449837124,
              29.584776466770492
            ],
            [
              -97.98157317386475,
              29.584784534070234
            ],
            [
              -97.98157546727819,
              29.585114375955307
            ],
            [
              -97.98157783565495,
              29.58545482769898
            ]
          ]
        ]
      },
      "properties": {
        "candidate_id": "Guadalupe:51276",
        "county": "Guadalupe",
        "prop_id": "51276",
        "owner": "TYSON FARMS OF TEXAS INC",
        "situs": "NEW BRAUNFELS ST",
        "acres": 6.91,
        "reported_acres": 6.91,
        "geometry_acres": 9.99,
        "acres_source": "REPORTED",
        "land_value": 117999.0,
        "assessed_value": 117999.0,
        "improvement_value": 0.0,
        "improvement_ratio": 0.0,
        "gba": 0.0,
        "prop_use": "",
        "legal": "ABS:  6  SUR:  H BRANCH  6.9080 AC.",
        "cad_record_url": "",
        "parcel_source": "Guadalupe CAD via TxGIO public extract",
        "parcel_snapshot": "2022-02",
        "parcel_freshness": "STALE",
        "node_id": "INT-025",
        "node_name": "I-10 / SH 46 (Seguin Exchange)",
        "node_score": 67.9,
        "node_edge_miles": 0.535,
        "dist_score": 78,
        "acre_score": 100,
        "raw_score": 100,
        "shape_score": 96.6,
        "compactness": 0.604,
        "aspect_ratio": 1.8,
        "road_score": 90,
        "frontage_roads": [
          "FM 78"
        ],
        "frontage_ft_proxy": 1693.0,
        "corner_signal": "NO",
        "major_road_signal": true,
        "mtp_row_flag": false,
        "flood_score": 10,
        "flood_pct": 41.7,
        "floodway_pct": 22.5,
        "flood_zones": [
          "AE",
          "X"
        ],
        "flood_confidence": "SCREENED",
        "future_land_use_score": 55,
        "future_land_use": [],
        "aadt": 7000,
        "aadt_5yr_growth_pct": 29.4,
        "aadt_station_miles": 0.01,
        "aadt_route": "FM 78",
        "nearest_retail_catalyst": "Seguin Exchange / planned Target",
        "retail_catalyst_miles": 0.63,
        "future_residential_lots_nearby": 0.0,
        "recent_housing_units_180d": 0,
        "utility_confidence": "UNKNOWN",
        "utility_provider": "GBRA",
        "utility_distance_ft": null,
        "utility_snapshot": "Not published",
        "utility_context": "No mapped sewer feature returned near parcel",
        "assessed_value_per_acre": 17077.0,
        "land_value_per_acre": 17077.0,
        "parcel_opportunity_score": 68.4,
        "parcel_execution_score": 69.1,
        "parcel_fit_score": 98.7,
        "acquisition_complexity_score": 97.2,
        "utility_score": 20,
        "confidence_score": 45,
        "node_confidence_score": 62,
        "node_class": "EMERGING NODE",
        "node_evidence_model": "Regional corridor prior + statewide road/traffic; county housing feed incomplete",
        "node_component_scores": {
          "residential_growth": 0.0,
          "intersection_network": 100,
          "retail_catalyst": 100,
          "traffic": 83.7,
          "timing": 27.8
        },
        "parcel_component_scores": {
          "frontage_access": 90,
          "size_shape": 98.7,
          "utilities": 20,
          "flood": 10,
          "acquisition": 97.2
        },
        "acquisition_category": "REVIEW",
        "decision_summary": "Does not currently clear the acquisition-mode highlight standard.",
        "main_risks": [
          "not on the immediate intersection",
          "mapped sewer path is unverified",
          "41.7% mapped SFHA overlap",
          "county parcel snapshot is stale",
          "important diligence data is incomplete"
        ],
        "usable_acres_proxy": 4.03,
        "eligible": false,
        "why_this_tract": "major-road frontage \u00b7 within 1 mile of the node \u00b7 regional growth node; county housing feed incomplete \u00b7 0.6 mi from Seguin Exchange / planned Target \u00b7 mostly raw / low-improvement land",
        "verification_notes": "Frontage is a GIS proximity proxy, not legal access. Sewer distance is a mapped-line proxy, not a capacity commitment. Confirm current title/CAD, survey, curb access, median/turn movements, ROW, flood and provider capacity."
      }
    },
    {
      "type": "Feature",
      "geometry": {
        "type": "Polygon",
        "coordinates": [
          [
            [
              -98.0047200002843,
              29.595559862401647
            ],
            [
              -98.00275335741621,
              29.596168732060793
            ],
            [
              -98.00297781995752,
              29.59641749112596
            ],
            [
              -98.00551998639689,
              29.59642015496505
            ],
            [
              -98.00556312911662,
              29.595298820145985
            ],
            [
              -98.0047200002843,
              29.595559862401647
            ]
          ]
        ]
      },
      "properties": {
        "candidate_id": "Guadalupe:53069",
        "county": "Guadalupe",
        "prop_id": "53069",
        "owner": "PARADA JANIE AUDREY & JOSE NELSON PARADA",
        "situs": "N HWY 46 TX",
        "acres": 5.0,
        "reported_acres": 5.0,
        "geometry_acres": 4.97,
        "acres_source": "REPORTED",
        "land_value": 99225.0,
        "assessed_value": 99225.0,
        "improvement_value": 0.0,
        "improvement_ratio": 0.0,
        "gba": 0.0,
        "prop_use": "",
        "legal": "ABS:  11  SUR:  J D CLEMENTS  5.0000 AC.",
        "cad_record_url": "",
        "parcel_source": "Guadalupe CAD via TxGIO public extract",
        "parcel_snapshot": "2022-02",
        "parcel_freshness": "STALE",
        "node_id": "INT-025",
        "node_name": "I-10 / SH 46 (Seguin Exchange)",
        "node_score": 67.9,
        "node_edge_miles": 0.994,
        "dist_score": 66,
        "acre_score": 100,
        "raw_score": 100,
        "shape_score": 83.8,
        "compactness": 0.524,
        "aspect_ratio": 2.49,
        "road_score": 84,
        "frontage_roads": [
          "SH 46"
        ],
        "frontage_ft_proxy": 0.0,
        "corner_signal": "NO",
        "major_road_signal": true,
        "mtp_row_flag": false,
        "flood_score": 30,
        "flood_pct": 92.7,
        "floodway_pct": 0.0,
        "flood_zones": [
          "AE",
          "X"
        ],
        "flood_confidence": "SCREENED",
        "future_land_use_score": 55,
        "future_land_use": [],
        "aadt": 22949,
        "aadt_5yr_growth_pct": 15.3,
        "aadt_station_miles": 0.48,
        "aadt_route": "SH 46",
        "nearest_retail_catalyst": "Seguin Exchange / planned Target",
        "retail_catalyst_miles": 1.05,
        "future_residential_lots_nearby": 0.0,
        "recent_housing_units_180d": 0,
        "utility_confidence": "UNKNOWN",
        "utility_provider": "GBRA",
        "utility_distance_ft": null,
        "utility_snapshot": "Not published",
        "utility_context": "No mapped sewer feature returned near parcel",
        "assessed_value_per_acre": 19845.0,
        "land_value_per_acre": 19845.0,
        "parcel_opportunity_score": 68.2,
        "parcel_execution_score": 68.6,
        "parcel_fit_score": 93.8,
        "acquisition_complexity_score": 97.2,
        "utility_score": 20,
        "confidence_score": 45,
        "node_confidence_score": 62,
        "node_class": "EMERGING NODE",
        "node_evidence_model": "Regional corridor prior + statewide road/traffic; county housing feed incomplete",
        "node_component_scores": {
          "residential_growth": 0.0,
          "intersection_network": 100,
          "retail_catalyst": 100,
          "traffic": 83.7,
          "timing": 27.8
        },
        "parcel_component_scores": {
          "frontage_access": 84,
          "size_shape": 93.8,
          "utilities": 20,
          "flood": 30,
          "acquisition": 97.2
        },
        "acquisition_category": "REVIEW",
        "decision_summary": "Does not currently clear the acquisition-mode highlight standard.",
        "main_risks": [
          "not on the immediate intersection",
          "limited frontage proxy",
          "mapped sewer path is unverified",
          "92.7% mapped SFHA overlap",
          "county parcel snapshot is stale"
        ],
        "usable_acres_proxy": 0.36,
        "eligible": false,
        "why_this_tract": "major-road frontage \u00b7 within 1 mile of the node \u00b7 regional growth node; county housing feed incomplete \u00b7 1.1 mi from Seguin Exchange / planned Target \u00b7 mostly raw / low-improvement land",
        "verification_notes": "Frontage is a GIS proximity proxy, not legal access. Sewer distance is a mapped-line proxy, not a capacity commitment. Confirm current title/CAD, survey, curb access, median/turn movements, ROW, flood and provider capacity."
      }
    },
    {
      "type": "Feature",
      "geometry": {
        "type": "Polygon",
        "coordinates": [
          [
            [
              -97.99054385680573,
              29.596125069034493
            ],
            [
              -97.99655736208861,
              29.59609072684313
            ],
            [
              -97.99782939546274,
              29.596087456748723
            ],
            [
              -97.99815020286911,
              29.5960864897872
            ],
            [
              -97.9982552454745,
              29.596086173575358
            ],
            [
              -97.9983429406641,
              29.596085909693922
            ],
            [
              -97.99844669166833,
              29.596085596295794
            ],
            [
              -97.99899862272031,
              29.596083931598294
            ],
            [
              -97.99899115987641,
              29.595444944455448
            ],
            [
              -97.99898745068722,
              29.59512497640355
            ],
            [
              -97.99849027748616,
              29.59478323287873
            ],
            [
              -97.99038647244923,
              29.589212320008965
            ],
            [
              -97.99038037645578,
              29.589208128824737
            ],
            [
              -97.99031181411246,
              29.587937505740282
            ],
            [
              -97.99030985682282,
              29.587901236362736
            ],
            [
              -97.98932889370533,
              29.587720041874523
            ],
            [
              -97.98699291886525,
              29.589323349542
            ],
            [
              -97.98701543715227,
              29.591419834223135
            ],
            [
              -97.98703159287528,
              29.5931356490539
            ],
            [
              -97.987665452752,
              29.59313280620028
            ],
            [
              -97.98767640805958,
              29.593132756443307
            ],
            [
              -97.99136162395737,
              29.59311616539646
            ],
            [
              -97.99136647217642,
              29.593936059349343
            ],
            [
              -97.99137066620666,
              29.594645550498967
            ],
            [
              -97.98704611879239,
              29.594665009672514
            ],
            [
              -97.98704979161062,
              29.594975186296892
            ],
            [
              -97.98705063286452,
              29.595046353738862
            ],
            [
              -97.98705530577054,
              29.595046336778726
            ],
            [
              -97.99053821657002,
              29.595051623113086
            ],
            [
              -97.99054385680573,
              29.596125069034493
            ]
          ],
          [
            [
              -97.99044276813417,
              29.591652321134337
            ],
            [
              -97.98915206609816,
              29.59166254115889
            ],
            [
              -97.98902065518413,
              29.591278378569324
            ],
            [
              -97.98852484942756,
              29.591281794086626
            ],
            [
              -97.98852336634137,
              29.590189568712738
            ],
            [
              -97.99042465977385,
              29.590171698219567
            ],
            [
              -97.99044276813417,
              29.591652321134337
            ]
          ]
        ]
      },
      "properties": {
        "candidate_id": "Guadalupe:53306",
        "county": "Guadalupe",
        "prop_id": "53306",
        "owner": "HUBER DENNIS & ELLEN",
        "verified_owner": "HUBER DENNIS & ELLEN",
        "owner_verification_match": true,
        "situs": "HUBER RD TX",
        "acres": 125.87,
        "reported_acres": 125.87,
        "geometry_acres": 125.0,
        "acres_source": "REPORTED",
        "land_value": 0.0,
        "assessed_value": 2300154.0,
        "improvement_value": 0.0,
        "improvement_ratio": 0.0,
        "gba": 0.0,
        "prop_use": "",
        "legal": "ABS:  11  SUR:  J D CLEMENTS  125.868 ACS.",
        "cad_record_url": "",
        "parcel_source": "Guadalupe CAD via TxGIO public extract",
        "parcel_snapshot": "2022-02",
        "parcel_freshness": "STALE",
        "cad_geometry_verified": true,
        "cad_verification_source": "Guadalupe public parcel extract (2022 vintage)",
        "node_id": "INT-025",
        "node_name": "I-10 / SH 46 (Seguin Exchange)",
        "node_score": 67.9,
        "node_edge_miles": 0.301,
        "dist_score": 90,
        "acre_score": 80,
        "raw_score": 100,
        "shape_score": 38.6,
        "compactness": 0.241,
        "aspect_ratio": 1.72,
        "road_score": 90,
        "frontage_roads": [
          "IH 10"
        ],
        "frontage_ft_proxy": 1766.0,
        "corner_signal": "NO",
        "major_road_signal": true,
        "mtp_row_flag": false,
        "flood_score": 75,
        "flood_pct": 1.5,
        "floodway_pct": 0.0,
        "flood_zones": [
          "AE",
          "X"
        ],
        "flood_confidence": "SCREENED",
        "future_land_use_score": 55,
        "future_land_use": [],
        "aadt": 50706,
        "aadt_5yr_growth_pct": 0,
        "aadt_station_miles": 1.07,
        "aadt_route": "IH 10",
        "nearest_retail_catalyst": "Seguin Exchange / planned Target",
        "retail_catalyst_miles": 0.59,
        "future_residential_lots_nearby": 0.0,
        "recent_housing_units_180d": 0,
        "utility_confidence": "UNKNOWN",
        "utility_provider": "GBRA",
        "utility_distance_ft": null,
        "utility_snapshot": "Not published",
        "utility_context": "No mapped sewer feature returned near parcel",
        "assessed_value_per_acre": 18274.0,
        "land_value_per_acre": 0.0,
        "parcel_opportunity_score": 68.2,
        "parcel_execution_score": 68.6,
        "parcel_fit_score": 64.3,
        "acquisition_complexity_score": 97.2,
        "utility_score": 20,
        "confidence_score": 48,
        "node_confidence_score": 62,
        "node_class": "EMERGING NODE",
        "node_evidence_model": "Regional corridor prior + statewide road/traffic; county housing feed incomplete",
        "node_component_scores": {
          "residential_growth": 0.0,
          "intersection_network": 100,
          "retail_catalyst": 100,
          "traffic": 83.7,
          "timing": 27.8
        },
        "parcel_component_scores": {
          "frontage_access": 90,
          "size_shape": 64.3,
          "utilities": 20,
          "flood": 75,
          "acquisition": 97.2
        },
        "acquisition_category": "EARLY SPECULATION",
        "decision_summary": "Interesting node/parcel thesis, but data freshness or execution certainty is not strong enough for active pursuit.",
        "main_risks": [
          "mapped sewer path is unverified",
          "1.5% mapped SFHA overlap",
          "parcel geometry is less efficient",
          "county parcel snapshot is stale",
          "important diligence data is incomplete"
        ],
        "usable_acres_proxy": 123.98,
        "eligible": true,
        "why_this_tract": "major-road frontage \u00b7 within \u00bd mile of the node \u00b7 regional growth node; county housing feed incomplete \u00b7 0.6 mi from Seguin Exchange / planned Target \u00b7 mostly raw / low-improvement land",
        "verification_notes": "Frontage is a GIS proximity proxy, not legal access. Sewer distance is a mapped-line proxy, not a capacity commitment. Confirm current title/CAD, survey, curb access, median/turn movements, ROW, flood and provider capacity.",
        "geometry_source": "Guadalupe CAD / TxGIO public parcel extract"
      }
    },
    {
      "type": "Feature",
      "geometry": {
        "type": "Polygon",
        "coordinates": [
          [
            [
              -98.0047200002843,
              29.595559862401647
            ],
            [
              -98.00556312911662,
              29.595298820145985
            ],
            [
              -98.00551998639689,
              29.59642015496505
            ],
            [
              -98.00743930599032,
              29.59642399442799
            ],
            [
              -98.009825361499,
              29.59642455493618
            ],
            [
              -98.00978992048243,
              29.592112128989132
            ],
            [
              -98.00919210156944,
              29.591983708329586
            ],
            [
              -98.00565059147793,
              29.59122228268781
            ],
            [
              -98.00490615964827,
              29.591062411434642
            ],
            [
              -98.00481413967196,
              29.591077559785116
            ],
            [
              -98.0047237831351,
              29.591099038372423
            ],
            [
              -98.00463566119873,
              29.591126713396356
            ],
            [
              -98.00455032892195,
              29.591160408529994
            ],
            [
              -98.00446832209498,
              29.59119991211449
            ],
            [
              -98.00439015827178,
              29.59124497716654
            ],
            [
              -98.00431633062055,
              29.591295316820773
            ],
            [
              -98.0042473026483,
              29.59135061602054
            ],
            [
              -98.00418350928575,
              29.591410526111687
            ],
            [
              -98.00412535478769,
              29.59147466843596
            ],
            [
              -98.0040732023486,
              29.591542640569603
            ],
            [
              -98.00402738341919,
              29.591614013685646
            ],
            [
              -98.0039881842427,
              29.591688336964825
            ],
            [
              -98.00395585405109,
              29.59176514397262
            ],
            [
              -98.00377765527325,
              29.5923407860525
            ],
            [
              -98.00374106479863,
              29.592431813157237
            ],
            [
              -98.0036968045198,
              29.59252020075251
            ],
            [
              -98.00364512082041,
              29.592605454398882
            ],
            [
              -98.00358630221022,
              29.592687100722884
            ],
            [
              -98.00352067832823,
              29.59276468380024
            ],
            [
              -98.00344861267264,
              29.59283776961372
            ],
            [
              -98.00341751377151,
              29.592866145514332
            ],
            [
              -98.00474111876467,
              29.593155191924293
            ],
            [
              -98.00409636259685,
              29.59359430156867
            ],
            [
              -98.00429631967407,
              29.593818569068056
            ],
            [
              -98.00200324198329,
              29.595380210112232
            ],
            [
              -98.00216961568822,
              29.59554500039206
            ],
            [
              -98.00233313785634,
              29.595711958180356
            ],
            [
              -98.00249377169797,
              29.59588104441418
            ],
            [
              -98.00275335741621,
              29.596168732060793
            ],
            [
              -98.0047200002843,
              29.595559862401647
            ]
          ]
        ]
      },
      "properties": {
        "candidate_id": "Guadalupe:53068",
        "county": "Guadalupe",
        "prop_id": "53068",
        "owner": "CARGILL INCORPORATED",
        "situs": "HWY 46 TX",
        "acres": 77.11,
        "reported_acres": 77.11,
        "geometry_acres": 78.0,
        "acres_source": "REPORTED",
        "land_value": 0.0,
        "assessed_value": 663944.0,
        "improvement_value": 0.0,
        "improvement_ratio": 0.0,
        "gba": 0.0,
        "prop_use": "",
        "legal": "ABS:  11  SUR:  J D CLEMENTS  77.11 AC.",
        "cad_record_url": "",
        "parcel_source": "Guadalupe CAD via TxGIO public extract",
        "parcel_snapshot": "2022-02",
        "parcel_freshness": "STALE",
        "node_id": "INT-025",
        "node_name": "I-10 / SH 46 (Seguin Exchange)",
        "node_score": 67.9,
        "node_edge_miles": 0.818,
        "dist_score": 66,
        "acre_score": 92,
        "raw_score": 100,
        "shape_score": 87.4,
        "compactness": 0.546,
        "aspect_ratio": 1.31,
        "road_score": 84,
        "frontage_roads": [
          "SH 46"
        ],
        "frontage_ft_proxy": 0.0,
        "corner_signal": "NO",
        "major_road_signal": true,
        "mtp_row_flag": false,
        "flood_score": 30,
        "flood_pct": 78.4,
        "floodway_pct": 0.0,
        "flood_zones": [
          "AE",
          "X"
        ],
        "flood_confidence": "SCREENED",
        "future_land_use_score": 55,
        "future_land_use": [],
        "aadt": 22949,
        "aadt_5yr_growth_pct": 15.3,
        "aadt_station_miles": 0.39,
        "aadt_route": "SH 46",
        "nearest_retail_catalyst": "Seguin Exchange / planned Target",
        "retail_catalyst_miles": 1.04,
        "future_residential_lots_nearby": 0.0,
        "recent_housing_units_180d": 0,
        "utility_confidence": "UNKNOWN",
        "utility_provider": "GBRA",
        "utility_distance_ft": null,
        "utility_snapshot": "Not published",
        "utility_context": "No mapped sewer feature returned near parcel",
        "assessed_value_per_acre": 8610.0,
        "land_value_per_acre": 0.0,
        "parcel_opportunity_score": 67.8,
        "parcel_execution_score": 67.7,
        "parcel_fit_score": 90.3,
        "acquisition_complexity_score": 97.2,
        "utility_score": 20,
        "confidence_score": 45,
        "node_confidence_score": 62,
        "node_class": "EMERGING NODE",
        "node_evidence_model": "Regional corridor prior + statewide road/traffic; county housing feed incomplete",
        "node_component_scores": {
          "residential_growth": 0.0,
          "intersection_network": 100,
          "retail_catalyst": 100,
          "traffic": 83.7,
          "timing": 27.8
        },
        "parcel_component_scores": {
          "frontage_access": 84,
          "size_shape": 90.3,
          "utilities": 20,
          "flood": 30,
          "acquisition": 97.2
        },
        "acquisition_category": "REVIEW",
        "decision_summary": "Does not currently clear the acquisition-mode highlight standard.",
        "main_risks": [
          "not on the immediate intersection",
          "limited frontage proxy",
          "mapped sewer path is unverified",
          "78.4% mapped SFHA overlap",
          "county parcel snapshot is stale"
        ],
        "usable_acres_proxy": 16.66,
        "eligible": false,
        "why_this_tract": "major-road frontage \u00b7 within 1 mile of the node \u00b7 regional growth node; county housing feed incomplete \u00b7 1.0 mi from Seguin Exchange / planned Target \u00b7 mostly raw / low-improvement land",
        "verification_notes": "Frontage is a GIS proximity proxy, not legal access. Sewer distance is a mapped-line proxy, not a capacity commitment. Confirm current title/CAD, survey, curb access, median/turn movements, ROW, flood and provider capacity."
      }
    }
  ]
}